pkg/markers/detect_test.go: OK
pkg/scheddgrpc/initial_wake_burst.go: OK
pkg/state/app_visibility_test.go: OK
pkg/meter/meter_sampler_redelivered_test.go: OK
pkg/state/pgstore_coverage_sweep_test.go: OK
pkg/state/pgstore_node_reservation_test.go: OK
pkg/githubd/webhook_test.go: OK
pkg/reconcile/reconcile_internal.go: OK
pkg/state/pgstore_org_activity_outbox.go: OK
pkg/dashboard/tls_cutover.go: OK
pkg/state/platform_tenant_request_budgets.go: OK
pkg/daemonunitspec/ansible_role_tasks_test.go: OK
pkg/state/memstore_managed_secret_test.go: OK
pkg/billing/provider.go: OK
pkg/gateway/writegate/leader_resolver.go: OK
pkg/api/client_project_releases.go: OK
pkg/gateway/account_label_set.go: OK
pkg/gateway/request_id_middleware_test.go: OK
pkg/gateway/proxy_raw_stub.go: OK
pkg/sched/egress_circuit_loop_test.go: OK
pkg/state/pgstore_platform_tenant_self_consumer_apply.go: OK
migrations/00446_operator_intents_force_restart_kind_test.go: OK
pkg/scheddgrpc/force_restart_test.go: OK
pkg/state/pgstore_instance_request_count_test.go: OK
pkg/state/memstore_rollback_target_test.go: OK
pkg/sched/poller_amqp.go: OK
pkg/state/sql_prepare_gate_test.go: OK
pkg/fcvm/resource_placement_test.go: OK
pkg/githubd/webhook_secret.go: OK
guest/runners/internal/workerpool/pool_test.go: OK
pkg/netns/egress_flows_list_metal.go: OK
pkg/webhook/events_test.go: OK
pkg/sched/broker_egress_linux_test.go: OK
pkg/storage/fallback.go: OK
pkg/vmmdgrpc/resolved_egress_test.go: OK
migrations/00075_app_runtime_node24_python313_test.go: OK
guest/init/event_publish_proxy_linux_test.go: OK
pkg/devbridgeintegration/store_test.go: OK
pkg/gateway/request_id_journal.go: OK
pkg/gateway/stale_target_test.go: OK
pkg/fcvm/restore_prefetch_linux.go: OK
pkg/state/private_network_peerings_test.go: OK
pkg/sched/egress_abuse_hold_test.go: OK
pkg/gateway/service_proxy_preview_test.go: OK
pkg/state/work_policy_queue.go: OK
pkg/imaged/scan_test.go: OK
pkg/fcvm/manager_metal_test.go: OK
api/proto/onebox/faas/egress/v1/egress_grpc.pb.go: OK
pkg/sched/placement.go: OK
pkg/e2etest/bounding_set_test.go: OK
migrations/00030_invocations_test.go: OK
pkg/api/alerts.go: OK
pkg/objectstorage/gcs_usage_test.go: OK
guest/init/signal_handlers_test.go: OK
pkg/state/jobs_recovery_test.go: OK
pkg/wire/topn.go: OK
pkg/builderd/residency_test.go: OK
pkg/vmmdgrpc/migration_leaser.go: OK
pkg/e2etest/daemon_liveness_test.go: OK
pkg/state/lookup_boot_started_test.go: OK
pkg/outbound/response_cache_test.go: OK
pkg/gateway/session_affinity.go: OK
pkg/gateway/handler_apply_edge_rule_cache_test.go: OK
pkg/managedpostgres/postgres_health_store.go: OK
pkg/sched/fire_now_owner_test.go: OK
pkg/state/status_public_test.go: OK
pkg/devbridge/activity.go: OK
migrations/20260916220000001_expire_orphaned_cli_login_keys_test.go: OK
guest/runners/internal/runnerparity/subprocess_pin_test.go: OK
pkg/middleware/csrf_test.go: OK
pkg/reqbudget/doc.go: OK
pkg/state/deploy_failed_email_pg_test.go: OK
pkg/state/app_tasks.go: OK
pkg/apidgrpc/request_telemetry_client.go: OK
guest/runners/internal/handler_failure_test.go: OK
guest/init/app_task_linux.go: OK
pkg/imaged/handler.go: OK
migrations/00173_invocations_outcome_test.go: OK
pkg/middleware/traceid_test.go: OK
pkg/state/pgstore_stamp_app_scale_test.go: OK
cmd/vmmd/main.go: OK
pkg/scheddgrpc/capacity_peer_test.go: OK
pkg/state/project_reconcile_test.go: OK
pkg/billing/paddle/doc.go: OK
pkg/sched/restore_pressure_pgtest_test.go: OK
pkg/fcvm/preboot_skip_test.go: OK
pkg/state/sql_static_guard_helpers_test.go: OK
pkg/grpcerr/grpcerr.go: OK
pkg/fcvm/service_proxy_ca_test.go: OK
pkg/state/credit_consumption.go: OK
pkg/devbridgeacceptance/acceptance_test.go: OK
pkg/managedpostgres/neon/credentials.go: OK
pkg/state/pgstore_tenant_surface.go: OK
pkg/realtime/resume_test.go: OK
pkg/fcvm/resource_prepared_metal_test.go: OK
pkg/fcvm/manager_host_policy_test.go: OK
pkg/state/memstore_request_telemetry.go: OK
guest/init/workload_network_linux.go: OK
pkg/logarchive/s3client_test.go: OK
pkg/gateway/handler_mirror_test.go: OK
pkg/state/event_work_binding_snapshot_pg_test.go: OK
pkg/api/inbound_webhooks.go: OK
pkg/state/object_storage_billing_test.go: OK
pkg/bindinghash/bindinghash.go: OK
guest/init/service_proxy_trust.go: OK
pkg/storage/oci_snapshot_capture_test.go: OK
pkg/state/runtime_snapshots_test.go: OK
pkg/state/deploy_tokens_test.go: OK
pkg/billing/usage_math.go: OK
migrations/00133_deployments_min_instances_test.go: OK
pkg/scheddgrpc/platform_identity.go: OK
pkg/gateway/handler_cache_metrics_test.go: OK
pkg/secretbox/seal.go: OK
pkg/billing/loader/providers_test.go: OK
pkg/outbound/sealed_credentials.go: OK
pkg/billing/stripe/products.go: OK
pkg/sched/dead_letter_retention.go: OK
pkg/sched/targets/winning_signal_test.go: OK
pkg/meter/quota.go: OK
pkg/state/audit_outbox_pg.go: OK
migrations/00143_apps_require_authn_test.go: OK
pkg/secretbox/filemode.go: OK
pkg/managedpostgres/neon/usage.go: OK
cmd/vmmd/pki_warn.go: OK
pkg/api/outbound_bindings.go: OK
pkg/sched/flowcount/conntrack_test.go: OK
pkg/sched/loop.go: OK
migrations/version.go: OK
pkg/state/audit_outbox_mem.go: OK
pkg/state/pgstore_jobs_coverage_test.go: OK
pkg/safedeploy/util.go: OK
pkg/gateway/resolved_egress_test.go: OK
pkg/scheddgrpc/liveness_failed_test.go: OK
pkg/state/pgstore_request_id_journal_test.go: OK
pkg/meter/request_audit_retention.go: OK
pkg/sched/egress_drift.go: OK
pkg/sched/app_task_runtime.go: OK
scripts/ops/prepare_compute_claim_test.go: OK
pkg/appmetrics/range_test.go: OK
pkg/gateway/tls_wire_metal_test.go: OK
pkg/wire/topn_test.go: OK
pkg/db/db_test.go: OK
pkg/webhook/retention.go: OK
pkg/dashboard/workflow_panel_test.go: OK
pkg/gateway/preview_parser_test.go: OK
pkg/state/dev_bridge_webhooks.go: OK
pkg/api/errors.go: OK
pkg/state/pgstore_runtime_snapshots.go: OK
pkg/api/service_caller_keys_client_test.go: OK
pkg/imaged/grype_test.go: OK
pkg/openapidiff/differ_test.go: OK
pkg/state/inbound_webhooks_test.go: OK
pkg/gateway/dns_provider.go: OK
pkg/state/deployment_stage_timing_test.go: OK
pkg/reconcile/reconcile.go: OK
cmd/vmmd/framework_ready_workload_oom_test.go: OK
pkg/githubdgrpc/client.go: OK
pkg/wire/liveness_test.go: OK
guest/init/supervise.go: OK
pkg/api/sse_test.go: OK
pkg/cosign/generate_test.go: OK
guest/init/service_binding_smoke_linux_test.go: OK
pkg/billing/paddle/config.go: OK
pkg/sched/fake_log_stream_test.go: OK
pkg/api/client_request_audit_test.go: OK
pkg/imaged/snapshot_publication.go: OK
pkg/state/trigger_work_bindings.go: OK
pkg/state/pgstore_app_log_drain_health_test.go: OK
cmd/vmmd/guest_vsock_receiver_health.go: OK
pkg/sched/node_aware_flowcount.go: OK
pkg/outbound/retry_test.go: OK
pkg/state/dev_sync_history.go: OK
pkg/gateway/deployment_preview_route_test.go: OK
pkg/state/memstore_trigger_records_test.go: OK
pkg/state/memstore_object_storage_requests.go: OK
pkg/fcvm/netstats/cache_metal_test.go: OK
pkg/githubd/service_test.go: OK
pkg/gateway/handler_cache_writer_test.go: OK
pkg/gateway/trace_setup_test.go: OK
pkg/builderd/workspace_cache_test.go: OK
pkg/billing/paddle/products.go: OK
pkg/gateway/handler_cache_key_regression_test.go: OK
pkg/state/object_storage_usage_test.go: OK
pkg/state/pgstore_app_webhook_event_outbox_test.go: OK
pkg/state/memstore_deployment_scope_exclusions.go: OK
pkg/meter/billing_cursor.go: OK
pkg/auth/middleware/deploy_token_test.go: OK
pkg/state/pgstore_org_activity_access_test.go: OK
pkg/state/retry_pg_test.go: OK
pkg/state/memstore_coverage_slice6_test.go: OK
pkg/state/memstore_app_tasks.go: OK
pkg/imaged/handler_app_protocol_stale_test.go: OK
pkg/state/memstore_platform_tenant_offboarding.go: OK
pkg/edgevalidate/manager.go: OK
pkg/state/pgstore_managed_realtime_channel_routes_test.go: OK
pkg/state/memstore_tcp_listeners.go: OK
pkg/api/preview_service_calls_test.go: OK
pkg/apislogs/sse_test.go: OK
pkg/rootfs/overlay_whiteout_other.go: OK
pkg/state/memstore_invoices_test.go: OK
pkg/gateway/response_cache_redis_test.go: OK
pkg/state/personal_org_namespace_test.go: OK
pkg/api/apikey.go: OK
pkg/state/scenario_test_members.go: OK
pkg/api/billable_ram_parity_test.go: OK
pkg/api/logs.go: OK
pkg/wire/slog_bridge.go: OK
pkg/sched/prewarm/trigger_test.go: OK
pkg/scheddgrpc/ensure_wake_test.go: OK
pkg/gateway/environment_host_test.go: OK
pkg/state/memstore_alert_presets_coverage_test.go: OK
pkg/state/pgstore_jobs.go: OK
pkg/state/pgstore_snapshot_replica_event_test.go: OK
pkg/e2etest/builderbase_test.go: OK
pkg/rekey/rekey_test.go: OK
pkg/gateway/service_discovery_test.go: OK
pkg/redact/redact_fuzz_test.go: OK
pkg/sched/instancestats/poller.go: OK
pkg/imaged/assigned_bases.go: OK
migrations/00163_audit_log_test.go: OK
pkg/gateway/guest_execution_evidence_test.go: OK
pkg/api/executions_client_test.go: OK
pkg/state/pgstore_app_lifecycle_transition_health.go: OK
pkg/manifest/tenant_gateway_test.go: OK
pkg/preflight/assess_test.go: OK
pkg/audit/audit.go: OK
pkg/state/executions.go: OK
pkg/api/idempotency_context.go: OK
pkg/tcpd/routes_test.go: OK
migrations/managed_realtime_channel_route_revisions_migration_test.go: OK
guest/init/ring_buffer.go: OK
pkg/gateway/managed_realtime_test.go: OK
pkg/serviceproxy/ca_test.go: OK
pkg/sched/recentload/recentload_test.go: OK
pkg/state/deployment_aliases_test.go: OK
pkg/sched/placement_test.go: OK
pkg/mail/headers.go: OK
migrations/20260912170000001_managed_realtime_connection_owners_test.go: OK
migrations/00038_oauth_links_test.go: OK
pkg/privatenetwork/peering.go: OK
pkg/gateway/handler_cache_writer.go: OK
pkg/cosign/verify.go: OK
pkg/managedpostgres/metrics_test.go: OK
pkg/reqbudget/budget.go: OK
migrations/00046_api_key_scopes_v2_test.go: OK
pkg/cursor/cursor_test.go: OK
pkg/state/pgstore_apply_plan_test.go: OK
pkg/api/deployment_aliases_test.go: OK
pkg/state/memstore_runtime_config_operation.go: OK
pkg/fcvm/snapshot_publication.go: OK
pkg/billing/paddle/usage_reconcile_test.go: OK
pkg/billing/paddle/provider_test.go: OK
pkg/sched/drain_retry_policy_test.go: OK
pkg/outbound/tracing_test.go: OK
pkg/reposcan/serverless_test.go: OK
pkg/state/memstore_gdpr_test.go: OK
guest/init/resume_test.go: OK
pkg/gateway/internal_proxy_upgrade.go: OK
pkg/state/pgstore_deployment_aliases.go: OK
pkg/gateway/egresssocket/egresssocket.go: OK
pkg/vmmdgrpc/egress_circuit.go: OK
pkg/state/machine.go: OK
pkg/gateway/stale_routes_test.go: OK
pkg/objectstorage/pricing_test.go: OK
pkg/e2etest/fakeregistry_test.go: OK
pkg/state/runtime_config.go: OK
pkg/state/memstore_managed_realtime_owners_test.go: OK
pkg/sched/execution_output_test.go: OK
cmd/deployctl/runtime_test.go: OK
migrations/00300_triggers_filter_criteria_test.go: OK
migrations/00091_apps_node_claimable_test.go: OK
pkg/promql/client_test.go: OK
pkg/reposcan/merge_test.go: OK
pkg/apidgrpc/app_errors_client_test.go: OK
pkg/fcvm/restore_prefetch_metal_test.go: OK
pkg/state/memstore_coverage_test.go: OK
pkg/fcvm/activity/cache.go: OK
pkg/githubd/check_outbox_test.go: OK
pkg/fcvm/prepared_network_linux.go: OK
pkg/builderd/runtime_base_test.go: OK
pkg/markers/framework.go: OK
pkg/fcvm/helper_metal_test.go: OK
pkg/issues/otlp_test.go: OK
pkg/gateway/gate.go: OK
migrations/00318_deployments_actor_test.go: OK
pkg/state/types_dispatch_test.go: OK
pkg/renderer/publish_test.go: OK
pkg/sched/failure_relay_test.go: OK
pkg/outbound/circuit_breaker_test.go: OK
pkg/workloadidentity/verify.go: OK
pkg/fcvm/prepared_network_restore_metal_test.go: OK
pkg/fcvm/resource_namespace_linux.go: OK
pkg/state/memstore_deployment_node_test.go: OK
pkg/e2etest/static_helper_test.go: OK
pkg/releaseinstall/install.go: OK
pkg/state/memstore_app_errors_mega5_test.go: OK
pkg/runtimeconfig/live.go: OK
pkg/gateway/gate_orphan_test.go: OK
pkg/reqbudget/writer.go: OK
pkg/dashboard/assets_sri_test.go: OK
pkg/fcvm/config.go: OK
pkg/state/custom_domain_wildcard_test.go: OK
pkg/realtime/publish_index_test.go: OK
pkg/capdecl/capdecl_test.go: OK
pkg/state/pgstore_request_telemetry_logs.go: OK
migrations/00210_crons_unique_app_schedule_path_test.go: OK
pkg/scheddgrpc/framework_ready_owner_test.go: OK
pkg/githubd/recovery_metrics.go: OK
pkg/state/pgstore_app_log_drain_health_internal_test.go: OK
pkg/wire/metrics_cardinality_ip_test.go: OK
pkg/sched/execution_snapshot_catalog.go: OK
pkg/releaseinstall/encode.go: OK
pkg/fleetbundle/bundle.go: OK
pkg/sched/capacity_test.go: OK
pkg/state/object_multipart_uploads.go: OK
pkg/gateway/routes.go: OK
pkg/api/execution_artifacts.go: OK
pkg/api/build.go: OK
pkg/api/platform_tenant_invocations.go: OK
pkg/nodejoin/store.go: OK
pkg/sched/scaleup/metrics_scraper_test.go: OK
pkg/storage/cache.go: OK
pkg/reposcan/scan.go: OK
pkg/fcvm/notify_isolation_test.go: OK
pkg/webhookout/dispatch_regression_test.go: OK
cmd/deployctl/bundle_check_test.go: OK
pkg/api/characterization.go: OK
pkg/sched/restore_pressure_test.go: OK
migrations/00486_events_operator_intents_trace_id_test.go: OK
pkg/gateway/cert_expiry_test.go: OK
pkg/triggerconfig/config_test.go: OK
cmd/deployctl/upgrade.go: OK
pkg/state/invocation_job_adapter.go: OK
pkg/state/memstore_project_environment_promotions.go: OK
pkg/sched/framework_ready_test.go: OK
pkg/sched/rebalancer_test.go: OK
pkg/sched/placement_vcpu_test.go: OK
pkg/geoip/geoip.go: OK
pkg/gateway/dns_provider_manual_test.go: OK
pkg/daemonunitspec/gatewayd_internal.go: OK
pkg/workpolicy/scheduled_policy.go: OK
pkg/webhookdedupe/sweeper.go: OK
cmd/vmmd/readiness.go: OK
pkg/fcvm/resource_links_test.go: OK
migrations/20260927100000001_outbound_retry_policy_test.go: OK
pkg/billing/paddle/coverage_sweep2_test.go: OK
migrations/00079_deployment_overrides_test.go: OK
pkg/manifest/manifest_coverage_test.go: OK
pkg/api/flags.go: OK
pkg/state/deployment_min_instances_effective_test.go: OK
pkg/preflight/verdict_test.go: OK
pkg/netns/config.go: OK
pkg/state/platform_tenant_rate_cards.go: OK
guest/init/job_supervisor_linux_test.go: OK
cmd/vmmd/runtime_secret_selection.go: OK
pkg/reconcile/service_env.go: OK
pkg/session/issue_variants_test.go: OK
migrations/00206_webhook_event_allowlist_cron_fired_manually_test.go: OK
pkg/gateway/edge_rules_validate_mode_e2e_test.go: OK
pkg/sched/liveness_window_test.go: OK
pkg/api/env_diff.go: OK
pkg/outbound/sealed_credentials_test.go: OK
pkg/gateway/trace_handler_test.go: OK
pkg/billing/stripe/usage.go: OK
pkg/fleetbundle/bundle_test.go: OK
pkg/objectstorage/ovh_access_logs_test.go: OK
pkg/gateway/version_affinity_test.go: OK
pkg/storage/cache_touch_test.go: OK
pkg/state/cert_issuance_failed_test.go: OK
pkg/objectstorage/gcs_test.go: OK
migrations/00286_data_upstreams_deployment_scope_test.go: OK
pkg/sched/lease_pg.go: OK
pkg/storage/cache_usage_other.go: OK
pkg/outbound/retry.go: OK
pkg/imaged/sbom_test.go: OK
pkg/gateway/version_affinity_response_test.go: OK
pkg/builderd/source_boundary_test.go: OK
pkg/state/project_environment_qualifications.go: OK
pkg/netns/tenant_egress_gateway_test.go: OK
pkg/edgevalidate/validator.go: OK
pkg/sched/targets/ringbuf.go: OK
pkg/tcpd/limiter_test.go: OK
pkg/sched/loopwork.go: OK
pkg/sched/floor/scheduled_floor_metric_test.go: OK
pkg/daemonunitspec/restart_order_test.go: OK
pkg/serviceproxy/ca.go: OK
pkg/api/app_security.go: OK
pkg/billing/stripe/reconcile_usage_stub_test.go: OK
pkg/fcvm/job_boot_flight_test.go: OK
pkg/gateway/forward_wake_timing_test.go: OK
pkg/state/custom_domain_dns_drift_test.go: OK
pkg/gateway/edge_rules.go: OK
pkg/state/memstore_app_webhook_event_outbox_health.go: OK
pkg/state/memstore_executions.go: OK
pkg/realtime/auth.go: OK
pkg/api/canary/preset.go: OK
pkg/state/memstore_platform_tenant_customer_webhooks.go: OK
pkg/audit/audit_trace_id_test.go: OK
pkg/vmmdgrpc/egress_ports_test.go: OK
pkg/state/memstore_invocations_pr134_test.go: OK
pkg/state/machine_test.go: OK
api/proto/onebox/faas/githubd/v1/githubd_grpc.pb.go: OK
pkg/meter/billing_cap.go: OK
pkg/api/service_bindings_test.go: OK
pkg/gateway/workflow_admission.go: OK
pkg/state/memstore_create_instance_mode_test.go: OK
pkg/devbridge/server.go: OK
pkg/meter/account_lifecycle_test.go: OK
pkg/dashboard/views/slo_app.go: OK
pkg/promqlrules/billing_mode_test.go: OK
pkg/state/pgstore_platform_tenant_reconciliation.go: OK
pkg/sched/filter_test.go: OK
pkg/fcvm/instance_teardown_test.go: OK
pkg/gateway/sealed_secret.go: OK
pkg/fcvm/characterization_vsock_test.go: OK
migrations/00099_orgs_memberships_invitations_test.go: OK
pkg/state/pgstore_projects_test.go: OK
pkg/gateway/authenticated.go: OK
guest/init/portnorm_linux.go: OK
migrations/20260916210000001_hostname_reservation_safety_test.go: OK
pkg/sched/engine_force_restart_test.go: OK
pkg/wire/liveness.go: OK
pkg/gateway/internal_proxy_trailer_test.go: OK
pkg/state/service_caller_keys_mem.go: OK
pkg/events/trigger_coverage_test.go: OK
pkg/state/cors_preset_change_log.go: OK
pkg/state/pgstore_managed_realtime.go: OK
pkg/apihostingcontract/catalog_test.go: OK
pkg/state/github_oidc_subject_test.go: OK
pkg/lease/lease_test.go: OK
pkg/billing/stripe/products_billing_identity_test.go: OK
pkg/preflight/source.go: OK
pkg/imaged/local_oci.go: OK
pkg/netns/egress_circuit_test.go: OK
migrations/00094_app_registry_credentials_test.go: OK
pkg/fcvm/snapshot_storage_bytes_test.go: OK
pkg/state/pgstore_spans_summary_test.go: OK
pkg/vmmdgrpc/open_conns_test.go: OK
pkg/api/egress_ports_test.go: OK
pkg/gateway/routes_hydration.go: OK
pkg/wire/grpc.go: OK
pkg/gateway/deployment_smoke_test.go: OK
pkg/vmmdgrpc/cpu_policy_test.go: OK
pkg/state/pgstore_queue_bindings.go: OK
pkg/wire/pool_metrics.go: OK
pkg/sched/node_presence_test.go: OK
pkg/gateway/retained_service_spans_exporter.go: OK
guest/runners/internal/runnerparity/concurrency_test.go: OK
pkg/state/reserved_ip_inventory.go: OK
pkg/vmmdmount/mount.go: OK
pkg/gateway/edge_rules_async.go: OK
pkg/tcpd/limiter.go: OK
pkg/pki/pki.go: OK
pkg/sched/lease_test.go: OK
pkg/gateway/stale_target.go: OK
guest/runners/internal/runnerparity/tail_test.go: OK
pkg/billing/paddle/retry_cancel_payment.go: OK
guest/init/workload_linux.go: OK
pkg/fcvm/resource_restart_prepared.go: OK
pkg/wire/daemon_test.go: OK
pkg/state/pgstore_prewarm_test.go: OK
pkg/state/pgstore_account_quota_warning_test.go: OK
pkg/state/memstore_tenant_hostname_mega5_test.go: OK
pkg/state/memstore_project_environment_promotions_test.go: OK
pkg/fcvm/execution_session.go: OK
pkg/state/memstore_canary_rollout_test.go: OK
pkg/auth/middleware/platform_tenant_invocations_test.go: OK
pkg/builderd/drive.go: OK
pkg/state/openapi_snapshot_helpers.go: OK
pkg/vmmdgrpc/forward_pdeathsig_linux.go: OK
pkg/sched/reaper_test.go: OK
pkg/state/status_history_coverage_test.go: OK
pkg/state/memstore_trigger_consumer_health.go: OK
pkg/rootfs/python_adapter_test.go: OK
pkg/daemonunitspec/vmmd_memory_test.go: OK
pkg/state/project_environment_clone_rollback.go: OK
pkg/sched/broker_egress.go: OK
pkg/secretscan/function_template_contract_test.go: OK
pkg/gateway/ratelimit_consumer_test.go: OK
guest/init/env_linux.go: OK
pkg/gateway/ratelimit_central_iface_test.go: OK
pkg/db/migrate_no_ledger_test.go: OK
pkg/billing/paddle/transport_test.go: OK
pkg/state/memstore_workflows_test.go: OK
pkg/edgejwks/verifier.go: OK
pkg/state/memstore_sidecars_test.go: OK
pkg/githubd/oauth.go: OK
pkg/state/memstore_object_bucket_access.go: OK
pkg/imaged/handler_storage_env_test.go: OK
pkg/daemonunitspec/imaged_lifecycle_credential_test.go: OK
migrations/20260926170000001_app_cpu_policy_convergence_test.go: OK
pkg/sched/drain_compile_test.go: OK
pkg/meter/log_event_maintenance.go: OK
pkg/secretbox/hostkey.go: OK
migrations/20260917192441691_repair_usage_minutes_job_identity_test.go: OK
pkg/githubd/activity_projection_test.go: OK
pkg/reqbudget/middleware_test.go: OK
pkg/oci/egress.go: OK
guest/init/workload_network_linux_test.go: OK
pkg/state/memstore_developer_quota_test.go: OK
pkg/secretscan/scan_fuzz_test.go: OK
pkg/sched/execution_payload_decoder_test.go: OK
pkg/sched/nodekeys.go: OK
pkg/vmmdgrpc/app_task.go: OK
pkg/reqbudget/stream_regression_test.go: OK
pkg/api/client_tcp_listeners.go: OK
pkg/api/flags_test.go: OK
migrations/00287_pg_ratelimit_add_rule_scope_test.go: OK
pkg/fcvm/snapshot_drive_test.go: OK
pkg/state/object_upload_routes.go: OK
pkg/fcvm/resource_links_other.go: OK
pkg/sched/engine_setter_coverage_test.go: OK
pkg/gateway/ratelimit_central.go: OK
pkg/db/direct_test.go: OK
pkg/scheddgrpc/logfilter_test.go: OK
pkg/meter/retention_egress_flow_test.go: OK
pkg/state/pgstore_paddle_overage_test.go: OK
pkg/state/memstore_queue_bindings_test.go: OK
pkg/db/warmup_test.go: OK
pkg/sched/retention_triggers.go: OK
pkg/daemonunitspec/gatewayd_public_listen_test.go: OK
pkg/daemonunitspec/registry_test.go: OK
pkg/edgevalidate/manager_test.go: OK
pkg/imaged/manifest_from_image_config_test.go: OK
pkg/auth/middleware/inactive_account_test.go: OK
guest/init/secrets_linux_test.go: OK
pkg/buildexport/lease.go: OK
pkg/vmmdgrpc/migration_handlers_test.go: OK
pkg/gateway/leader/leader_test.go: OK
pkg/state/memstore_preview_mega5_test.go: OK
pkg/events/wake_coverage_test.go: OK
pkg/events/matcher.go: OK
pkg/servicecaller/servicecaller_test.go: OK
pkg/builderd/reaper_test.go: OK
pkg/api/billing_math_test.go: OK
pkg/meter/math.go: OK
pkg/secretbox/kid_test.go: OK
pkg/promqlrules/rules_test.go: OK
pkg/fcvm/network_batch.go: OK
pkg/netns/private_network_test.go: OK
migrations/20260928101500001_org_activity_deployment_backfill_test.go: OK
pkg/sched/fire_now_test.go: OK
migrations/00519_alert_rules_action_test.go: OK
pkg/s3gateway/aws_chunked_test.go: OK
pkg/wire/metrics_workflows.go: OK
pkg/gateway/vm_concurrency_test.go: OK
pkg/sched/trigger_trace.go: OK
pkg/imaged/handler_cleanup_test.go: OK
pkg/logarchive/shipper.go: OK
pkg/promql/client.go: OK
pkg/gateway/edge_rules_validate_reason_test.go: OK
pkg/sched/floor/trigger.go: OK
pkg/gateway/egressgrpc/server.go: OK
pkg/apihostingscorecard/scorecard.go: OK
pkg/sched/recovery_arbiter.go: OK
pkg/imaged/handler_storage_routing_test.go: OK
pkg/trace/middleware.go: OK
pkg/state/edge_rule_kind_quota_test.go: OK
pkg/fcvm/manager_liveness_context_test.go: OK
pkg/gateway/tls_wire_test.go: OK
pkg/state/types.go: OK
pkg/api/object_storage_usage.go: OK
pkg/imaged/vmmclient.go: OK
pkg/objectstorage/ovh_usage.go: OK
guest/runners/internal/tail_host.go: OK
pkg/deploydiff/engine_branches_test.go: OK
pkg/state/feature_flag_evidence.go: OK
pkg/state/memstore_account_release_webhooks.go: OK
pkg/state/app_egress_policy.go: OK
pkg/objectstorage/usage_exporter_test.go: OK
pkg/builderd/cache_recipe.go: OK
pkg/state/memstore_openapi_import_test.go: OK
pkg/vmmdgrpc/logs.go: OK
pkg/state/platform_tenant_credential_policy_test.go: OK
pkg/state/pgstore_v6_allowlist_test.go: OK
pkg/wire/pgratelimit_invalidator.go: OK
pkg/sched/recovery_runner.go: OK
pkg/secretscan/source_literals.go: OK
pkg/state/dead_letter_origin.go: OK
pkg/state/pgstore_alert_metrics_test.go: OK
guest/init/ring_buffer_test.go: OK
guest/init/framework_ready_proxy_other.go: OK
pkg/managedpostgres/neon/restore_probe_test.go: OK
pkg/deploydiff/render_text_test.go: OK
guest/runners/node22/main_test.go: OK
pkg/githubd/lifecycle_test.go: OK
pkg/sched/runtime_snapshot_state_index.go: OK
migrations/00110_snapshots_tier_test.go: OK
pkg/vmmdgrpc/stats_egress_test.go: OK
pkg/vmmdgrpc/private_network_teardown_test.go: OK
pkg/state/customer_events_limit_test.go: OK
pkg/buildexport/artifact_type_test.go: OK
pkg/sched/capacity.go: OK
pkg/securitytxt/security.go: OK
pkg/api/client_object_storage_test.go: OK
pkg/storage/oci.go: OK
pkg/builderd/source_boundary.go: OK
migrations/00164_gdpr_request_id_test.go: OK
pkg/builderd/pure_helpers_mega3_test.go: OK
pkg/state/app_secret_delivery_policy_test.go: OK
pkg/webhook/dispatcher.go: OK
pkg/meter/health.go: OK
pkg/sched/floor/doc.go: OK
pkg/gateway/stream_session_test.go: OK
pkg/api/resource_profiles.go: OK
pkg/throttlerec/throttlerec.go: OK
pkg/outbound/postgres_resolver.go: OK
pkg/state/object_bucket_access.go: OK
pkg/sched/recreate_test.go: OK
pkg/sched/loop_liveness_test.go: OK
pkg/sched/poller_work_identity.go: OK
pkg/sched/reaper_jobs_test.go: OK
pkg/state/platform_tenant_statements.go: OK
pkg/fcvm/manager_scan_test.go: OK
pkg/vmmdgrpc/guest_transport_trace.go: OK
pkg/api/alerts_presets_test.go: OK
pkg/githubd/release_tag_policy.go: OK
pkg/gateway/ratelimit_central_test.go: OK
pkg/meter/loop_health_atomic_test.go: OK
migrations/00026_compute_node_notify_test.go: OK
pkg/gateway/service_proxy_wake_test.go: OK
pkg/secretscan/source_literals_test.go: OK
pkg/db/notify_payload_limit_test.go: OK
pkg/state/memstore_app_log_drains_test.go: OK
pkg/dashboard/views/render.go: OK
pkg/state/doc.go: OK
pkg/state/github_deploy_policy_test.go: OK
pkg/billing/loader/loader.go: OK
pkg/api/dto_edge_rules_test.go: OK
pkg/state/memstore_secret_runtime_targets_test.go: OK
pkg/db/direct.go: OK
pkg/api/job_logs.go: OK
pkg/fcvm/app_task_manager.go: OK
pkg/state/org_activity_outbox_test.go: OK
pkg/state/account_abuse_hold_test.go: OK
pkg/wire/logging.go: OK
pkg/state/memstore_canary_progression_test.go: OK
pkg/alerts/safe_releases_presets_test.go: OK
pkg/wire/metrics_bridge_framing_test.go: OK
pkg/gateway/release_context_cookie.go: OK
pkg/state/app_egress_ports_test.go: OK
pkg/openapidiff/snapshot_test.go: OK
pkg/fcvm/busybox_ext4_metal_test.go: OK
api/proto/onebox/faas/apid/v1/spans_writer.pb.go: OK
pkg/sched/egress_abuse_hold.go: OK
pkg/db/notify_hub.go: OK
pkg/state/pgstore_ratelimit.go: OK
pkg/state/service_rollout.go: OK
pkg/state/memstore_iam_provenance_coverage_test.go: OK
guest/init/secret_reload_linux_test.go: OK
pkg/state/memstore_object_usage_v2.go: OK
pkg/wire/inmemverifier.go: OK
pkg/preflight/warnings.go: OK
go.sum: OK
pkg/capdecl/runtimecheck/runtimecheck_branches_test.go: OK
pkg/wire/grpcmetadata.go: OK
pkg/middleware/authlimit_ipv6_test.go: OK
pkg/state/platform_tenant_webhooks_test.go: OK
pkg/apid/apidsource/apidsource.go: OK
pkg/imaged/scan_gate_test.go: OK
pkg/state/rollback_prepare_test.go: OK
pkg/wire/metrics_cardinality_app_test.go: OK
pkg/gateway/require_authn_test.go: OK
pkg/apidgrpc/app_errors_client.go: OK
pkg/rootfs/doc.go: OK
pkg/renderer/systemd.go: OK
pkg/managedpostgres/postgres_binding_store.go: OK
pkg/presetwhy/presetwhy.go: OK
pkg/state/invocation_due_after_test.go: OK
guest/init/postgres_binding_probe_linux.go: OK
pkg/billing/paddle/util.go: OK
pkg/realtime/metrics_test.go: OK
pkg/wire/readiness.go: OK
pkg/state/pgstore_runtime_config.go: OK
pkg/gateway/revision_pin_test.go: OK
pkg/alerts/evaluator_test.go: OK
pkg/events/cloud_test.go: OK
migrations/00076_compute_node_keys_test.go: OK
pkg/dashboard/email_verification_test.go: OK
migrations/20260904193635713_workflows_test.go: OK
pkg/fcvm/resource_network.go: OK
pkg/sched/poller_kafka_test.go: OK
pkg/state/pgstore_event_deliveries_test.go: OK
pkg/state/pgstore_managed_realtime_drain_operation.go: OK
pkg/sched/poller_kafka_e2e_test.go: OK
pkg/state/memstore_app_errors_stubs_test.go: OK
pkg/state/api_consumer_rate_cards.go: OK
pkg/netns/config_test.go: OK
pkg/imaged/secretscan.go: OK
pkg/oci/pure_helpers_mega3_test.go: OK
pkg/cronexpr/cronexpr.go: OK
pkg/fcvm/alloc_branches_test.go: OK
pkg/state/private_network_attachment_health.go: OK
pkg/fcvm/network_batch_metal_test.go: OK
pkg/gateway/internal_proxy.go: OK
pkg/api/dto_scan.go: OK
pkg/fcvm/vmm_test.go: OK
pkg/e2etest/metrics_ports_test.go: OK
pkg/sched/snapshot_locality.go: OK
pkg/grace/grace_test.go: OK
pkg/api/missing.go: OK
api/proto/onebox/faas/apid/v1/auth.pb.go: OK
guest/runners/internal/process_usage_linux.go: OK
migrations/20260925194901946_command_cron_fire_now_task_receipts_test.go: OK
pkg/billing/object_storage_test.go: OK
pkg/state/deployment_sidecar_rams_mega5_test.go: OK
pkg/gateway/internal_proxy_test.go: OK
pkg/sched/dead_letter_retention_test.go: OK
cmd/vmmd/metrics_mux_test.go: OK
pkg/sched/prime_recovery.go: OK
migrations/00270_oidc_exchanged_tokens_test.go: OK
guest/executor/profiles_test.go: OK
cmd/deployctl/readiness.go: OK
pkg/daemonunitspec/envcontract_test.go: OK
pkg/builderd/profile_test.go: OK
pkg/role/role_test.go: OK
pkg/sched/paths.go: OK
pkg/fcvm/wake_phases_prepare_test.go: OK
pkg/state/snapshot_invalidation.go: OK
guest/init/service_binding_smoke_linux.go: OK
pkg/rootfs/build.go: OK
pkg/state/pgstore_rollback_target_test.go: OK
pkg/logdrain/queue_test.go: OK
pkg/state/memstore_rebalance_helpers.go: OK
pkg/fcvm/failure_outbox_metal_test.go: OK
pkg/scheddgrpc/warmhints_test.go: OK
migrations/00104_apps_migrated_at_test.go: OK
migrations/20260913221057189_app_deletion_deadline_backfill_test.go: OK
migrations/embed.go: OK
pkg/sched/live_migrator.go: OK
pkg/api/problem_html_test.go: OK
pkg/state/tcp_listeners.go: OK
pkg/state/pgstore_realtime_empty_patch_test.go: OK
pkg/api/dto_plan_detected_by_test.go: OK
pkg/state/project_environment_cleanup.go: OK
pkg/sched/app_task_coordinator.go: OK
pkg/githubd/recovery_metrics_test.go: OK
pkg/state/pgstore_app_log_drains_test.go: OK
pkg/jsonschemautil/location.go: OK
pkg/sched/app_delete_subscriber_test.go: OK
pkg/state/app_status_cas_test.go: OK
pkg/gateway/synth_trace_test.go: OK
guest/init/app.go: OK
pkg/db/pgtest/public_guard_test.go: OK
pkg/vmmdgrpc/wire_stats_inflight_test.go: OK
pkg/gateway/scheduler.go: OK
pkg/state/memstore_app_wake_outbox.go: OK
pkg/managedpostgres/postgres_cutover_store_test.go: OK
pkg/githubdgrpc/server.go: OK
pkg/gateway/wake_timing.go: OK
migrations/00410_app_secret_value_hash_test.go: OK
pkg/managedpostgres/usage_recovery_test.go: OK
pkg/sched/cron.go: OK
pkg/state/pgstore_build_completion.go: OK
pkg/logsanitize/sanitize.go: OK
pkg/meter/request_telemetry_partitions_pg_test.go: OK
pkg/promqlrules/alert_preset_signals_test.go: OK
pkg/state/request_audit.go: OK
pkg/state/project_environment_qualifications_mem.go: OK
pkg/statefuldenylist/match.go: OK
pkg/session/manager.go: OK
pkg/fcvm/cgroup.go: OK
pkg/state/pgstore_gdpr_test.go: OK
pkg/gateway/edge_rules_throttle.go: OK
pkg/gateway/pgbackend_test.go: OK
pkg/state/pgstore_issues.go: OK
migrations/00430_compute_node_heartbeats_builder_tick_test.go: OK
pkg/reposcan/detection_test.go: OK
pkg/state/memstore_log_events.go: OK
pkg/state/pgstore_coverage2_test.go: OK
pkg/openapidiff/capture_state.go: OK
pkg/cosign/verify_test.go: OK
pkg/imaged/handler_stage_failure_test.go: OK
pkg/lruutil/lru.go: OK
pkg/wire/node_verifier_test.go: OK
pkg/state/pgstore_app_errors_list_test.go: OK
pkg/sched/runtime_snapshot_storage_verifier_test.go: OK
pkg/api/multipart.go: OK
pkg/state/app_min_instances_effective_test.go: OK
pkg/api/runtime_policy_rate_limit_test.go: OK
pkg/gateway/pgbackend_response_cache_metrics_test.go: OK
guest/init/signal_handlers_linux.go: OK
pkg/e2etest/function_runner_env_test.go: OK
pkg/scheddgrpc/capacity_test.go: OK
migrations/00197_builds_deployment_started_idx_test.go: OK
cmd/vmmd/egress_denied_poller_test.go: OK
pkg/gateway/drain/drain.go: OK
api/proto/onebox/faas/vmmd/v1/vmmd_grpc.pb.go: OK
pkg/dashboard/views/project_preview.go: OK
pkg/networkip/lease_test.go: OK
pkg/imaged/arch.go: OK
cmd/vmmd/mount_helper_other.go: OK
pkg/wire/exec.go: OK
pkg/state/memstore_coverage_slice15_test.go: OK
pkg/builderd/builderd_test.go: OK
pkg/imaged/go_function_artifact_test.go: OK
pkg/state/memstore_executions_test.go: OK
pkg/daemonenv/env.go: OK
pkg/meter/safe_release_readiness_test.go: OK
pkg/sched/cron_internal_only_test.go: OK
pkg/state/pgstore_consumer_keys_test.go: OK
pkg/state/pgstore_operator_intent.go: OK
pkg/meter/meter_test.go: OK
pkg/objectstorage/usage_runner_test.go: OK
pkg/gateway/cert_issuer.go: OK
pkg/state/app_webhook_retention_test.go: OK
cmd/vmmd/config.go: OK
migrations/20260922183947369_credit_ledger_provider_scope_test.go: OK
pkg/sched/runtime_config_guard.go: OK
pkg/sched/vmmrouter_test.go: OK
pkg/gregalemanifest/manifest.go: OK
pkg/imaged/audit_outbox_test.go: OK
pkg/sched/vmmclient_cutover_admission_test.go: OK
pkg/sched/lease.go: OK
pkg/githubd/service_policy_test.go: OK
pkg/sched/lifecycle_deadline_test.go: OK
pkg/edgeruletrace/trace_test.go: OK
pkg/state/pgstore_execution_events.go: OK
pkg/sched/ledger_property_test.go: OK
pkg/imaged/handler_warm_snapshot_audit_test.go: OK
pkg/state/pgstore_platform_tenant_invocations_test.go: OK
pkg/sched/nodekeys_test.go: OK
pkg/billing/managed_postgres.go: OK
pkg/state/snapshot_replica_pg.go: OK
pkg/api/deployment_aliases.go: OK
pkg/workpolicy/scheduled_policy_test.go: OK
pkg/state/memstore_adr_stubs_coverage_test.go: OK
pkg/renderer/cgroup.go: OK
pkg/httpjson/decode_test.go: OK
pkg/api/billing.go: OK
pkg/state/memstore_framework_ready_test.go: OK
pkg/api/consumer.go: OK
pkg/fcvm/vmm_worker_idle_metal_test.go: OK
cmd/vmmd/managed_postgres_admission.go: OK
pkg/logarchive/config.go: OK
pkg/state/log_events.go: OK
pkg/gateway/edge_answers.go: OK
pkg/sched/floor/trigger_lockstep_test.go: OK
pkg/sched/broker_egress_stub.go: OK
pkg/state/org_activity_api_keys.go: OK
pkg/state/conformance/project_environment_promotion_cases.go: OK
guest/init/characterize_linux.go: OK
pkg/api/realtime.go: OK
pkg/state/pgstore_wake_timeline_test.go: OK
pkg/netns/popcounters_parse_test.go: OK
pkg/reservedip/reconciler_test.go: OK
pkg/meter/sampler_schedule_test.go: OK
migrations/00329_consumer_keys_test.go: OK
pkg/realtime/client.go: OK
pkg/api/orgs.go: OK
pkg/oci/parse_unified_test.go: OK
pkg/overlay/overlay_test.go: OK
pkg/state/project_environment_edge_policies.go: OK
pkg/githubd/event_test.go: OK
pkg/state/pgstore_object_multipart_uploads.go: OK
pkg/state/pgstore_executions.go: OK
pkg/events/job.go: OK
pkg/gateway/internal_proxy_upgrade_test.go: OK
pkg/state/memstore_node_key_lifecycle_test.go: OK
pkg/gateway/metrics_validate_test.go: OK
pkg/auth/oauth.go: OK
pkg/e2etest/buildtags_test.go: OK
pkg/state/memstore_jobs_legacy_verify.go: OK
pkg/state/status_history.go: OK
pkg/gateway/cert_issuer_tenant_surface_test.go: OK
pkg/deploycontroller/dryrun_test.go: OK
pkg/state/project_release_sets_test.go: OK
pkg/scheddgrpc/client.go: OK
pkg/dispatch/contract.go: OK
pkg/sched/recovery_runner_test.go: OK
pkg/state/pgstore_app_webhook_event_outbox.go: OK
pkg/imaged/handler_notification_error_test.go: OK
pkg/meter/math_test.go: OK
pkg/meter/billing_mode_test.go: OK
migrations/00125_warm_hint_test.go: OK
pkg/meter/pusher_gap_test.go: OK
pkg/redact/fixtures_test.go: OK
pkg/state/memstore_alert_presets_test.go: OK
pkg/state/snapshot_locality.go: OK
pkg/state/pgstore_preauth_failures_test.go: OK
pkg/storage/fallback_test.go: OK
pkg/reposcan/seed.go: OK
pkg/billing/paddle/upgrade.go: OK
pkg/releaseinstall/export.go: OK
pkg/sched/targets/ringbuf_test.go: OK
pkg/state/pgstore_reserved_ip_inventory.go: OK
pkg/gateway/platform_tenant_async_test.go: OK
pkg/state/memstore_deployment_scope_exclusions_test.go: OK
pkg/deploycontroller/import_test.go: OK
pkg/e2etest/jobimage_test.go: OK
pkg/circuit/window_regression_test.go: OK
pkg/flags/context_test.go: OK
pkg/managedpostgres/memory_cutover_store.go: OK
pkg/executionproto/protocol_test.go: OK
pkg/meter/config.go: OK
pkg/state/memstore_openapi_snapshot_test.go: OK
pkg/webhook/health_metrics.go: OK
cmd/vmmd/resource_journal_test.go: OK
pkg/api/inbound_webhooks_test.go: OK
pkg/state/memstore_node_shard_test.go: OK
pkg/state/pgstore_stage_cas_test.go: OK
pkg/gateway/dns01_provider_cloudflare_test.go: OK
migrations/20260923184145577_app_tasks_test.go: OK
pkg/api/secrets.go: OK
migrations/00375_endpoint_discovery_test.go: OK
pkg/db/pool_metrics.go: OK
pkg/auth/middleware/debounce_whitebox_test.go: OK
pkg/daemonunitspec/outboundd.go: OK
pkg/api/sessions.go: OK
pkg/fcvm/grpc_healthcheck_test.go: OK
pkg/sched/instance_divergence.go: OK
pkg/state/trigger_claim_test.go: OK
pkg/events/cloud.go: OK
pkg/daemonunitspec/daemonunitspec_coverage_test.go: OK
pkg/realtime/realtime.go: OK
pkg/wire/job_flexible_metrics.go: OK
pkg/data/infer.go: OK
pkg/billing/paddle/customers.go: OK
pkg/state/dev_sync_history_pg.go: OK
pkg/imaged/api_contract.go: OK
pkg/deploydiff/engine.go: OK
pkg/pki/pki_test.go: OK
migrations/00269_oidc_trust_policies_test.go: OK
pkg/daemonunitspec/watchdog_test.go: OK
pkg/meter/retention.go: OK
pkg/cosign/coverage_test.go: OK
pkg/dashboard/views/slo_account.go: OK
pkg/gateway/leader/leader.go: OK
pkg/netns/policy_gap4_test.go: OK
pkg/wire/metrics_test.go: OK
pkg/dashboard/managed_postgres_test.go: OK
pkg/gateway/edge_rules_geo_test.go: OK
migrations/20260929133810250_account_abuse_hold_flood_test.go: OK
pkg/state/pgstore_deployment_list_test.go: OK
migrations/20260923165111310_deployment_lifecycle_webhooks_test.go: OK
pkg/storage/gcs_test.go: OK
pkg/sched/sidecars_test.go: OK
migrations/20260913222058431_compute_node_key_lifecycle_test.go: OK
pkg/daemonunitspec/realtimed.go: OK
pkg/state/memstore_coverage_slice2_test.go: OK
guest/init/extension_lifecycle_linux.go: OK
pkg/hostsize/hostsize_other.go: OK
pkg/state/memstore_outbound_bindings_test.go: OK
pkg/state/workflows.go: OK
pkg/githubd/installation_sync.go: OK
pkg/netns/denylist_committed_test.go: OK
pkg/gateway/nodecache_test.go: OK
pkg/state/pgstore_cert_issuance_failed_test.go: OK
pkg/publicstatus/evaluator_test.go: OK
pkg/sched/wake_coord_test.go: OK
pkg/state/response_cache_purge.go: OK
guest/init/workload_identity_linux.go: OK
pkg/gateway/handler_pure_mega4_test.go: OK
pkg/gateway/acme.go: OK
pkg/appmetrics/range.go: OK
migrations/00123_compute_nodes_vcpu_budget_test.go: OK
pkg/state/oidc_token_scopes_test.go: OK
pkg/fcvm/prepared_network_metal_test.go: OK
migrations/00109_apps_warm_snapshot_test.go: OK
pkg/state/memstore_coverage_slice12_test.go: OK
pkg/state/api_consumer_rate_cards_test.go: OK
pkg/capdecl/capdecl.go: OK
pkg/markers/detect.go: OK
pkg/renderer/production_manifest_test.go: OK
pkg/state/pgstore_fleet_seal.go: OK
pkg/state/pgstore_app_tasks.go: OK
migrations/20260928123157001_org_activity_env_domain_backfill_test.go: OK
pkg/wire/metrics_prewarm_test.go: OK
pkg/wire/queue_metrics_test.go: OK
guest/runners/python313/tail_host_integration.go: OK
pkg/middleware/csrf.go: OK
pkg/gateway/response_cache_redis.go: OK
pkg/db/notification_outbox_pg_test.go: OK
pkg/alerts/safe_releases_presets.go: OK
pkg/managedpostgres/credential_sql_verifier.go: OK
pkg/state/deployment_queue_controls_pg_test.go: OK
cmd/vmmd/tls_rotator_test.go: OK
pkg/releaseinstall/tarball.go: OK
pkg/api/operator_config_client.go: OK
pkg/vmmdgrpc/private_network_proto_test.go: OK
migrations/00229_edge_rules_kind_geo_test.go: OK
pkg/state/memstore_app_log_drain_health.go: OK
pkg/cursor/cursor.go: OK
guest/init/framework_ready_proxy_linux_test.go: OK
pkg/state/execution_events.go: OK
pkg/state/memstore_observability_coverage_test.go: OK
pkg/state/memstore_app_retry_policy_test.go: OK
pkg/api/client_event_deliveries_test.go: OK
pkg/api/static_egress_ip_validate.go: OK
pkg/state/cors_preset_test.go: OK
pkg/sched/poller_nats.go: OK
pkg/fcvm/build_interrupt_test.go: OK
pkg/state/pgstore_app_wake_outbox.go: OK
guest/init/healthcheck_linux.go: OK
pkg/bindinghash/bindinghash_test.go: OK
pkg/state/cors_preset.go: OK
pkg/gateway/service_proxy_version_affinity_test.go: OK
pkg/reposcan/fsys_safety.go: OK
pkg/state/pgstore_soft_delete_app_cascade_test.go: OK
cmd/deployctl/readiness_address_test.go: OK
pkg/wire/httpmetrics_test.go: OK
pkg/githubd/source.go: OK
pkg/state/memstore_coverage_slice9_test.go: OK
pkg/vmmdgrpc/bufconn_mega4_test.go: OK
pkg/state/memstore_outbound_bindings.go: OK
pkg/state/pgstore_invocations_test.go: OK
pkg/issues/grouping.go: OK
pkg/e2etest/fault.go: OK
pkg/state/app_public_auth_ip_allowlist_test.go: OK
pkg/state/pgstore_project_preview_isolation_test.go: OK
pkg/executionpayload/payload_test.go: OK
pkg/sched/runtime_config_guard_test.go: OK
pkg/netns/livepatch_metal_test.go: OK
pkg/state/pgstore_runtime_config_operation.go: OK
pkg/storage/cache_usage_unix.go: OK
pkg/wire/node_verifier.go: OK
pkg/state/rollout_audit.go: OK
pkg/middleware/recovery.go: OK
pkg/vmmdmount/overlay_test.go: OK
pkg/gateway/spans_accumulator_flush.go: OK
pkg/devbridgeacceptance/acceptance.go: OK
pkg/state/pgstore_iam5_keys_test.go: OK
pkg/state/sqlc/queries.sql.go: OK
pkg/gateway/retry_budget.go: OK
pkg/state/memstore_migration_leases.go: OK
pkg/fcvm/resource_prepared_test.go: OK
pkg/fcvm/resource_namespace_other.go: OK
pkg/grace/grace.go: OK
pkg/builderd/slot_test.go: OK
pkg/ratelimit/peraccount/peraccount.go: OK
pkg/state/adapter_apid_pgtype_mega5_test.go: OK
api/proto/onebox/faas/apid/v1/request_telemetry.pb.go: OK
pkg/state/service_proxy_identity.go: OK
cmd/vmmd/service_proxy_ca_test.go: OK
cmd/deployctl/runtime.go: OK
pkg/api/dto.go: OK
pkg/imaged/handler_image_build_test.go: OK
pkg/meter/upstream_probe_test.go: OK
pkg/state/pgstore_orgs_test.go: OK
pkg/state/managed_realtime_owners.go: OK
migrations/00468_compute_nodes_gateway_target_test.go: OK
pkg/apihostingcontract/catalog.go: OK
pkg/state/memstore_orgs_test.go: OK
pkg/sched/execution_claim_resolver.go: OK
pkg/sched/loopwork_test.go: OK
pkg/imaged/scan_evidence.go: OK
guest/runners/go124/tail_host_integration.go: OK
pkg/e2etest/fakeregistry_fixture_test.go: OK
pkg/netns/egress_flows.go: OK
pkg/vmmdgrpc/server.go: OK
pkg/api/app_tasks_client_test.go: OK
pkg/oci/errors_test.go: OK
pkg/sched/flexible_reserve_test.go: OK
pkg/githubd/jwt.go: OK
pkg/objectstorage/public_read.go: OK
pkg/gateway/request_telemetry_publisher.go: OK
pkg/sched/egress_circuit_reader.go: OK
pkg/webhookdedupe/sweeper_test.go: OK
pkg/state/memstore_trusted_signers_test.go: OK
pkg/state/conformance/conformance_memstore_test.go: OK
migrations/00028_instances_wake_id_test.go: OK
pkg/oci/platform.go: OK
pkg/gateway/forwardproxy_test.go: OK
pkg/authz/action.go: OK
pkg/secretbox/value_hash.go: OK
pkg/wire/metrics_instancestats_test.go: OK
pkg/state/pgstore_request_audit_test.go: OK
pkg/api/client_overage_cap_test.go: OK
pkg/api/dev_sync.go: OK
pkg/gateway/cert_expiry_surface_test.go: OK
pkg/dashboard/stages/stages.go: OK
pkg/e2etest/builderbase.go: OK
pkg/sched/operator_intent_completeness_pgtest_test.go: OK
pkg/state/prewarm.go: OK
pkg/sched/heartbeat_gap_test.go: OK
pkg/managedpostgres/cutover_verification_test.go: OK
pkg/imaged/apply_overrides_test.go: OK
pkg/api/platform_tenant_credentials.go: OK
pkg/fcvm/alloc_gap3_test.go: OK
pkg/vmmdgrpc/app_admission_test.go: OK
pkg/trace/propagation.go: OK
pkg/fcvm/image_mount_other.go: OK
pkg/sched/event_fanout_test.go: OK
pkg/buildexport/sweep_test.go: OK
pkg/rootfs/node_adapter_test.go: OK
pkg/state/deployment_min_instances_effective.go: OK
pkg/e2etest/fault_rows.go: OK
pkg/gateway/egresssink/sink.go: OK
pkg/gateway/idle_test.go: OK
pkg/auth/password.go: OK
pkg/api/debug_running.go: OK
pkg/api/app_visibility.go: OK
pkg/state/pgstore_object_upload_routes.go: OK
pkg/debugger/synthesis.go: OK
pkg/fcvm/resume_retry.go: OK
pkg/state/pgstore_executions_test.go: OK
cmd/vmmd/leakcheck_adapter.go: OK
pkg/state/memstore_platform_tenants_test.go: OK
migrations/00105_personal_org_backfill_test.go: OK
pkg/state/memstore_command_cron_retry_test.go: OK
pkg/reconcile/workload_admission_test.go: OK
pkg/managedpostgres/qualification.go: OK
pkg/api/obs.go: OK
pkg/devbridge/activity_test.go: OK
cmd/vmmd/framework_ready_stamper.go: OK
pkg/sched/engine_mirror_test.go: OK
pkg/api/dto_overrides_test.go: OK
pkg/state/pgstore_platform_tenant_apply_test.go: OK
migrations/00219_edge_rules_kind_limit_test.go: OK
pkg/api/capabilities.go: OK
pkg/daemonenv/env_test.go: OK
pkg/state/memstore_request_telemetry_test.go: OK
pkg/sched/dispatch_workflows.go: OK
pkg/scheddgrpc/failure_relay_whitebox_test.go: OK
pkg/billing/paddle/sandbox_test.go: OK
pkg/fcvm/cgroupstats/reader_test.go: OK
pkg/s3gateway/handler.go: OK
cmd/vmmd/readiness_recv.go: OK
migrations/00265_edge_rules_kind_throttle_test.go: OK
pkg/sched/placement_live_test.go: OK
pkg/state/pgstore_private_networks_test.go: OK
pkg/githubd/recovery_service.go: OK
migrations/20260906011000000_node_heartbeat_notify_test.go: OK
pkg/gateway/edge_rules_respond.go: OK
pkg/gateway/drain/drain_test.go: OK
migrations/00147_deployments_scan_result_test.go: OK
pkg/gateway/forwardproxy_midstream_test.go: OK
pkg/reposcan/render_test.go: OK
pkg/sched/cold_reason_test.go: OK
pkg/gateway/request_telemetry_publisher_test.go: OK
pkg/billing/stripe/pure_helpers_test.go: OK
pkg/state/memstore_jobs.go: OK
pkg/billing/platform_tenant_statements.go: OK
pkg/netns/private_network_firewall.go: OK
pkg/drills/record.go: OK
migrations/00590_audit_event_outbox_test.go: OK
pkg/state/pgstore_request_telemetry_analytics_test.go: OK
pkg/fcvm/restart_quarantine_test.go: OK
pkg/geoip/geoip_test.go: OK
cmd/vmmd/service_proxy_ca.go: OK
pkg/logdrain/sender_test.go: OK
pkg/sched/instancestats/poller_metal_test.go: OK
pkg/imaged/snapshot_publication_test.go: OK
pkg/state/pgstore_issues_coverage_test.go: OK
pkg/scheddgrpc/ownership_whitebox_test.go: OK
pkg/deploydiff/engine_test.go: OK
pkg/sched/targets/multisignal_test.go: OK
pkg/api/managed_postgres_test.go: OK
pkg/netns/veth_bytes.go: OK
pkg/state/managed_realtime_drain_operation.go: OK
pkg/sched/instancestats/poller_test.go: OK
pkg/meter/sampler.go: OK
pkg/reposcan/doc.go: OK
pkg/api/project_environment_secret_revision.go: OK
pkg/wire/grpcmetadata_test.go: OK
pkg/githubd/bindings_store.go: OK
pkg/gateway/routes_bench_test.go: OK
pkg/state/memstore_command_cron_test.go: OK
pkg/sched/scaleout_scalein_roundtrip_test.go: OK
pkg/apid/router_test.go: OK
pkg/sched/flowcount/conntrack.go: OK
pkg/state/pgstore_org_activity_ownership.go: OK
pkg/authz/loadorg.go: OK
pkg/tarball/shape.go: OK
pkg/api/client.go: OK
pkg/buildexport/sweep.go: OK
pkg/state/pgstore_coverage3_test.go: OK
pkg/oci/reference.go: OK
pkg/fcvm/resource_assets_metal_test.go: OK
pkg/gateway/retry.go: OK
pkg/billing/paddle/catalog_provider.go: OK
pkg/rootfs/size.go: OK
pkg/state/pgstore_idempotency_reserve_test.go: OK
pkg/builderd/source_gc.go: OK
pkg/sched/operator_intent_subscriber_test.go: OK
pkg/trace/trace.go: OK
pkg/state/pgstore_customer_events_test.go: OK
pkg/mail/resend.go: OK
migrations/20260926160000001_response_cache_purge_convergence_test.go: OK
guest/runners/node22/main.go: OK
pkg/state/pgstore_preview_batch_test.go: OK
pkg/fcvm/snapshot_publication_metal_test.go: OK
pkg/imaged/diag.go: OK
pkg/oci/inspect_test.go: OK
pkg/wire/watchdog.go: OK
pkg/appmetrics/appmetrics_test.go: OK
pkg/api/limits_sweep_test.go: OK
pkg/sched/host_port_leases_test.go: OK
pkg/preflight/checker.go: OK
pkg/fcvm/manager_pure_extra_test.go: OK
pkg/state/trigger_work_records.go: OK
pkg/session/empty_accountid_test.go: OK
pkg/e2etest/buildprogress_test.go: OK
pkg/gateway/smoke_validation_metrics_test.go: OK
pkg/builderd/cache_integrity_test.go: OK
pkg/sched/targets/decide_property_test.go: OK
pkg/fcvm/disk_telemetry_test.go: OK
pkg/fcvm/resource_mount_other.go: OK
pkg/reqbudget/metrics.go: OK
pkg/snapshothipd/runner_test.go: OK
pkg/mail/dryrun_test.go: OK
migrations/20260918200909451_repair_invocation_quota_accounting_test.go: OK
pkg/gateway/cert_expiry.go: OK
pkg/e2etest/twonode_schema_test.go: OK
pkg/capdecl/runtimecheck/runtimecheck_test.go: OK
pkg/state/memstore_sidecar_layers_test.go: OK
pkg/e2etest/metalflag_default.go: OK
pkg/managedpostgres/memory_health_store.go: OK
cmd/vmmd/capacity_publisher.go: OK
pkg/state/preview_set_test.go: OK
pkg/state/memstore_orgs_slo_test.go: OK
pkg/managedpostgres/neon/observation.go: OK
pkg/state/pgstore_coverage_parity_test.go: OK
pkg/networkip/inventory.go: OK
pkg/apihostingreceipt/smoke.go: OK
pkg/sched/jobs_capacity_defer_test.go: OK
pkg/webhook/health_metrics_test.go: OK
pkg/api/cliauth.go: OK
pkg/e2etest/sign_keypair_test.go: OK
pkg/capdecl/capbits_test.go: OK
pkg/gateway/request_id_journal_metrics_test.go: OK
pkg/state/app_secret_runtime_reload.go: OK
guest/init/resume_hwrng_linux_test.go: OK
pkg/fcvm/scheduler_teardown_metal_test.go: OK
pkg/managedpostgres/binding_store_test.go: OK
pkg/state/managed_postgres_admission.go: OK
pkg/state/route_inventory.go: OK
pkg/sched/warmaffinity_test.go: OK
pkg/api/completion_cache_test.go: OK
pkg/scheddgrpc/server_default_ops_test.go: OK
pkg/sched/scaleup/doc.go: OK
pkg/statefuldenylist/statefuldenylist.go: OK
pkg/rootfs/rootfs_test.go: OK
pkg/sched/engine_emit_test.go: OK
pkg/sched/dispatch_triggers_pure_test.go: OK
pkg/deploydiff/render_json_test.go: OK
pkg/fcvm/manager.go: OK
guest/init/env_linux_test.go: OK
pkg/sched/node_presence.go: OK
pkg/api/resource_profiles_test.go: OK
pkg/meter/log_event_maintenance_pg_test.go: OK
pkg/apid/router.go: OK
pkg/api/request_upload_limits_test.go: OK
pkg/state/platform_tenant_hostname_policy.go: OK
pkg/state/object_storage_requests.go: OK
pkg/state/pgstore_endpoint_discovery_test.go: OK
pkg/gateway/handler_cache_version_affinity_test.go: OK
pkg/billing/paddle/provider_internal_test.go: OK
pkg/imaged/security_rescan_test.go: OK
pkg/state/memstore_jobs_test.go: OK
pkg/deploydiff/quota_test.go: OK
pkg/jobresult/manifest_test.go: OK
pkg/vmmdgrpc/forward_raw_review_fixes_test.go: OK
pkg/state/memstore_test.go: OK
pkg/state/conformance/workflow_wait_cases.go: OK
pkg/openapidiff/generator_test.go: OK
pkg/daemonunitspec/s3_gateway_role_test.go: OK
pkg/state/object_buckets_test.go: OK
pkg/sched/trigger_work_dispatch_pgtest_test.go: OK
pkg/state/pgstore_mail_suppression_test.go: OK
pkg/markers/detectversion_test.go: OK
pkg/outbound/public_destination.go: OK
pkg/outbound/identity_test.go: OK
pkg/devbridgeacceptance/native_test.go: OK
cmd/vmmd/failure_reports_test.go: OK
pkg/releaseinstall/names_test.go: OK
pkg/sched/execution_snapshot_catalog_test.go: OK
pkg/capdecl/runtimecheck/cmd.go: OK
pkg/sched/targets/queue_lag_separation_test.go: OK
pkg/wire/otlp_metrics.go: OK
pkg/sched/rebalancer.go: OK
cmd/vmmd/restart_inventory_other.go: OK
pkg/api/canary/dto.go: OK
pkg/alerts/evaluator.go: OK
pkg/state/memstore_coverage_slice10_test.go: OK
pkg/oidc/audit.go: OK
pkg/gateway/metrics_test.go: OK
pkg/gateway/dns_provider_manual.go: OK
guest/init/resume.go: OK
pkg/dashboard/preview_alert_presets_test.go: OK
pkg/gateway/handler_retry_test.go: OK
pkg/wire/grpc_test.go: OK
pkg/managedpostgres/qualification_test.go: OK
pkg/api/dto_companions_test.go: OK
pkg/audit/audit_kind_metric_label_test.go: OK
pkg/state/app_request_rate_policy_test.go: OK
pkg/mail/transports_test.go: OK
pkg/sched/mode_activation_test.go: OK
pkg/state/custom_domain_polling_load_test.go: OK
cmd/vmmd/capacity_publisher_e2e_test.go: OK
pkg/state/pgstore_request_telemetry_test.go: OK
pkg/imaged/vulnerability.go: OK
pkg/state/memstore_tcp_listeners_test.go: OK
pkg/scheddgrpc/client_warmhints.go: OK
pkg/auditutil/result.go: OK
pkg/state/service_rollout_mem.go: OK
pkg/outbound/outbound_test.go: OK
pkg/oidc/verifier.go: OK
pkg/sched/poller_sqs_test.go: OK
cmd/vmmd/config_node_name_env_test.go: OK
pkg/state/pgstore_upload_sessions_test.go: OK
pkg/gateway/edge_rules_cache.go: OK
pkg/state/conformance/conformance.go: OK
migrations/20260919200000001_repair_legacy_job_artifacts_test.go: OK
pkg/daemonunit/notify_test.go: OK
pkg/scheddgrpc/initial_wake_burst_test.go: OK
pkg/gateway/workflow_admission_test.go: OK
pkg/gateway/deployment_label_set.go: OK
pkg/managedpostgres/cutover_test.go: OK
pkg/gateway/handler_apply_edge_rule_respond.go: OK
pkg/dashboard/coverage_test.go: OK
pkg/rootfs/layer_entry_test.go: OK
pkg/e2etest/free_tcp_addr_test.go: OK
pkg/state/pgstore_text_encoding_test.go: OK
pkg/gateway/acme_test.go: OK
pkg/meter/rollup_test.go: OK
pkg/billing/reconciler/activation_test.go: OK
pkg/state/jobs.go: OK
pkg/state/pgstore_platform_tenants_test.go: OK
pkg/wire/client_ip_test.go: OK
pkg/e2etest/twonode_remote.go: OK
pkg/reposcan/procfile_test.go: OK
pkg/state/credit_consumption_isolation_test.go: OK
pkg/cronexpr/cronexpr_test.go: OK
pkg/api/github.go: OK
pkg/state/pgstore_account_credits_test.go: OK
pkg/manifest/manifest.go: OK
pkg/previewset/status.go: OK
cmd/vmmd/framework_ready_recv_test.go: OK
pkg/role/role.go: OK
pkg/gateway/burst_target_selection_test.go: OK
pkg/state/memstore_edge_rules_test.go: OK
pkg/state/pgstore_job_attempt_replay_test.go: OK
pkg/releaseinstall/names.go: OK
pkg/builderd/build_environment_digest_path_test.go: OK
pkg/state/pgstore_cron_test.go: OK
pkg/api/app_slug_test.go: OK
pkg/sched/placement_claim.go: OK
pkg/state/memstore_b3_alert_metrics.go: OK
guest/init/tail_events_proxy_linux.go: OK
pkg/api/trigger.go: OK
pkg/outbound/route_policy_test.go: OK
pkg/state/memstore_org_activity_app_lifecycle.go: OK
pkg/state/memstore_org_activity_api_keys_test.go: OK
pkg/fcvm/manager_function_wake_metal_test.go: OK
pkg/wire/topn_app.go: OK
pkg/promqlrules/durable_background_workers_test.go: OK
pkg/eventretention/cleanup.go: OK
pkg/privatenetwork/store_connector_test.go: OK
pkg/dispatch/backoff_regression_test.go: OK
pkg/fcvm/resource_restart_prepared_test.go: OK
pkg/netns/policy_metal_test.go: OK
pkg/state/pgstore_coverage4_test.go: OK
pkg/edgeruletrace/scenario.go: OK
pkg/gateway/request_budget_errors.go: OK
pkg/fcvm/app_admission.go: OK
pkg/mail/suppression_test.go: OK
migrations/00212_github_webhook_secrets_test.go: OK
pkg/state/node_reservation.go: OK
pkg/fcvm/restore_preboot_metal_test.go: OK
pkg/wire/grpc_deadline_test.go: OK
pkg/state/memstore_preview_teardown_test.go: OK
pkg/deploycontroller/rollback_test.go: OK
pkg/state/pgstore_workflows.go: OK
cmd/vmmd/egress_bundle_reload_test.go: OK
pkg/scheddgrpc/capacity_sign_test.go: OK
pkg/state/pgstore_platform_tenant_statements.go: OK
pkg/gateway/service_proxy_locality_test.go: OK
pkg/api/client_object_storage.go: OK
migrations/00302_deployments_stage_state_test.go: OK
pkg/redact/redact.go: OK
pkg/gateway/request_telemetry_test.go: OK
pkg/sched/filter.go: OK
pkg/trace/trace_test.go: OK
pkg/gateway/platform_tenant_jwt.go: OK
pkg/events/recovery_test.go: OK
pkg/manifest/manifest_test.go: OK
pkg/pki/trust_lifecycle_test.go: OK
migrations/00151_wait_until_tail_test.go: OK
pkg/meter/bounce_handler_test.go: OK
pkg/openapiimport/validator.go: OK
pkg/gateway/edge_rule_owner.go: OK
pkg/sched/operator_intent_subscriber_trace_id_test.go: OK
pkg/sched/initial_wake_burst.go: OK
pkg/gateway/handler_wakefanout_test.go: OK
pkg/sched/migrating_watchdog.go: OK
pkg/state/pgstore_cors_presets_test.go: OK
pkg/state/edge_rule_change_log.go: OK
pkg/daemonunit/unit.go: OK
pkg/s3gateway/rekey.go: OK
pkg/internalsvc/internalsvc.go: OK
pkg/gateway/service_proxy_override_test.go: OK
guest/init/listen_resume_linux.go: OK
migrations/20260906161000000_deployments_source_sha256_test.go: OK
pkg/apptaskproto/protocol.go: OK
pkg/authz/authorize_test.go: OK
pkg/logarchive/s3_regression_test.go: OK
pkg/e2etest/default_local_target_test.go: OK
migrations/00152_overage_cap_gate_index_test.go: OK
pkg/db/notify_quote_ident_test.go: OK
pkg/vmmdmount/mount_paths_test.go: OK
migrations/00353_preview_destroy_commented_at_test.go: OK
pkg/fcvm/manager_egress_cache_test.go: OK
pkg/db/migrate_drift_test.go: OK
pkg/gateway/dns_blocklist.go: OK
pkg/sched/invariants_property_test.go: OK
pkg/scheddgrpc/logfilter.go: OK
pkg/gitfetch/http_test.go: OK
pkg/fcvm/metrics_test.go: OK
pkg/gateway/admission_queue.go: OK
migrations/20260913160024291_suspend_legacy_dev_principal_test.go: OK
pkg/gateway/internal_proxy_h2_test.go: OK
pkg/edgevalidate/field_error_reason_test.go: OK
pkg/state/pgstore_create_deployment_policy_test.go: OK
pkg/gateway/body_warn_test.go: OK
pkg/builderd/cgroup_oom.go: OK
pkg/fcvm/vmm_lifecycle_metal_test.go: OK
pkg/state/memstore_platform_tenant_webhooks.go: OK
pkg/state/memstore_migration_test.go: OK
pkg/events/recovery.go: OK
migrations/20260923220000137_account_release_webhook_scope_test.go: OK
pkg/state/memstore_secret_delivery_test.go: OK
pkg/sched/execution_payload_decoder.go: OK
pkg/state/pgstore_rekey_null_kid_test.go: OK
pkg/state/pgstore_org_activity_app_lifecycle.go: OK
pkg/sched/runtime_snapshot_state_index_test.go: OK
pkg/state/pgstore_platform_tenant_rate_cards_test.go: OK
pkg/fcvm/alloc_test.go: OK
pkg/auditutil/result_test.go: OK
pkg/renderer/renderer_test.go: OK
pkg/imaged/assigned_bases_test.go: OK
pkg/managedpostgres/neon/provider_live_test.go: OK
migrations/00025_deployments_rootfs_key_test.go: OK
pkg/sched/scaleup/events.go: OK
pkg/scheddgrpc/workload_oom_test.go: OK
pkg/sched/node_aware_flowcount_test.go: OK
pkg/state/pgstore_prewarm.go: OK
pkg/state/pgstore_warm_snapshot_test.go: OK
pkg/realtime/auth_test.go: OK
pkg/privatenetwork/peering_reconciler.go: OK
pkg/sched/scaleup/trigger_test.go: OK
pkg/releaseinstall/install_test.go: OK
guest/init/job_supervisor_linux.go: OK
pkg/wire/metrics_cardinality_ip_slow_test.go: OK
pkg/fcvm/app_task_session.go: OK
migrations/00155_apps_websocket_enabled_test.go: OK
pkg/logarchive/spool_test.go: OK
pkg/gateway/request_telemetry_dimensions.go: OK
pkg/billing/paddle/usage_test.go: OK
cmd/vmmd/parent_mount_sweep.go: OK
pkg/api/custom_metrics_validation_test.go: OK
cmd/vmmd/failure_reports.go: OK
pkg/managedpostgres/binding_store.go: OK
cmd/vmmd/readiness_test.go: OK
pkg/objectstorage/usage_runner.go: OK
pkg/sched/vmmrouter.go: OK
pkg/privatenetwork/reconciler.go: OK
pkg/billing/api_consumer_pricing.go: OK
pkg/api/app_tasks.go: OK
pkg/fcvm/park_cleanup_test.go: OK
pkg/oci/manifest_test.go: OK
pkg/state/pgstore_app_protocol_stale_test.go: OK
pkg/fcvm/v6_resume_ext4_metal_test.go: OK
pkg/state/app_private_network_attachments.go: OK
pkg/sched/retention_invocations_test.go: OK
cmd/vmmd/log_archive_test.go: OK
pkg/state/pgstore_app_webhook_event_outbox_health.go: OK
pkg/vmmdgrpc/forward_pdeathsig_other.go: OK
pkg/safedeploy/orchestrator.go: OK
pkg/gateway/quota.go: OK
migrations/00221_instances_request_count_test.go: OK
pkg/sched/app_task_backend_vmmd_test.go: OK
pkg/api/logdrains_test.go: OK
pkg/githubd/tokencache.go: OK
pkg/api/runtime_policy_test.go: OK
pkg/state/memstore_heartbeat_stats_test.go: OK
pkg/sched/broker_egress_stub_test.go: OK
pkg/oci/doc.go: OK
pkg/meter/sampler_mode_test.go: OK
pkg/state/pgstore_service_rollout_test.go: OK
pkg/gateway/inflight_test.go: OK
pkg/sched/prime_locality_test.go: OK
pkg/state/memstore_warm_snapshot_test.go: OK
pkg/state/memstore_app_log_drain_analytics_test.go: OK
pkg/fcvm/stateless_advisory_metal_test.go: OK
pkg/gateway/route_label_set.go: OK
pkg/state/memstore_coverage_slice11_test.go: OK
pkg/vmmdgrpc/flow_summary_test.go: OK
pkg/state/memstore_workflows.go: OK
migrations/00346_deployments_annotation_test.go: OK
pkg/gateway/edge_rules_test.go: OK
pkg/state/pgstore_platform_tenant_credential_policy.go: OK
pkg/state/app_webhook_attempts.go: OK
pkg/state/pgstore_build_vm_cleanup.go: OK
pkg/sched/retention_test.go: OK
pkg/api/problem_html.go: OK
pkg/state/memstore_conformance_test.go: OK
pkg/billing/credit_consume.go: OK
migrations/00160_deployments_traffic_percent_test.go: OK
pkg/api/upload_test.go: OK
go.mod: OK
pkg/state/pgstore_test.go: OK
pkg/state/trigger_consumer_health.go: OK
pkg/wire/queue_metrics.go: OK
pkg/wire/grpc_deadline.go: OK
pkg/api/preflight_client_test.go: OK
pkg/state/memstore_build_provenance_test.go: OK
pkg/api/postgres_binding_probe.go: OK
migrations/00477_deployment_audit_test.go: OK
pkg/gateway/pgbackend_pernode_test.go: OK
scripts/ci/e2eshard/main_test.go: OK
pkg/state/app_work_policies_test.go: OK
pkg/markers/markers.go: OK
pkg/gateway/surface_parser_test.go: OK
pkg/e2etest/guestconsole_test.go: OK
pkg/state/memstore_object_upload_routes_test.go: OK
pkg/state/pgstore_platform_tenant_hostname_policy.go: OK
pkg/canary/preset_test.go: OK
pkg/api/client_outbound_bindings.go: OK
pkg/state/org_activity_outbox_mem.go: OK
pkg/imaged/sbom.go: OK
pkg/gateway/allowlist_test.go: OK
pkg/storage/env.go: OK
pkg/workpolicy/key.go: OK
pkg/vmmdgrpc/forward_server_mega4_test.go: OK
pkg/jsonschemautil/location_test.go: OK
pkg/state/pgstore_route_inventory_test.go: OK
pkg/imaged/grype.go: OK
pkg/api/sse.go: OK
pkg/state/memstore_mega4_test.go: OK
pkg/apptaskproto/protocol_test.go: OK
pkg/state/pgstore_platform_tenant_apply.go: OK
pkg/gateway/ratelimit_test.go: OK
pkg/state/pgstore_platform_tenant_credentials.go: OK
guest/init/sidecar_events_proxy_other.go: OK
migrations/20260922124000000_apps_streaming_plan_check_test.go: OK
pkg/reposcan/compose_coverage_test.go: OK
pkg/vmmd/failureoutbox/outbox_test.go: OK
pkg/billing/stripe/doc.go: OK
pkg/api/dto_edge_rules_respond_test.go: OK
pkg/state/pgstore_invoices_test.go: OK
guest/init/resume_entropy_linux_test.go: OK
pkg/gateway/ratelimit_lru_test.go: OK
pkg/frameworkprofile/profile.go: OK
pkg/daemonunitspec/meterd.go: OK
pkg/sched/vmmclient_app_task.go: OK
pkg/sched/egress_circuit_reader_test.go: OK
migrations/00154_deployment_liveness_probe_test.go: OK
pkg/promqlrules/data_placement_sec11_test.go: OK
pkg/api/guest_execution_evidence.go: OK
pkg/oci/registry_auth_test.go: OK
pkg/fcvm/preboot_symlink_test.go: OK
pkg/secretscan/scan.go: OK
pkg/reposcan/fly.go: OK
pkg/runtimeconfig/watcher.go: OK
pkg/gateway/cert_expiry_surface.go: OK
pkg/billing/paddle/ops.go: OK
pkg/flags/evidence.go: OK
pkg/promqlrules/tenant_abuse_test.go: OK
pkg/state/pgstore_project_environment_clone.go: OK
pkg/reposcan/render.go: OK
pkg/githubd/recovery_service_test.go: OK
migrations/00115_api_key_expiry_rotation_test.go: OK
pkg/sched/triggers.go: OK
pkg/state/memstore_fairness_test.go: OK
pkg/fcvm/resource_prepared_boot_test.go: OK
pkg/s3gateway/sigv4_sdk_keys_test.go: OK
pkg/realtime/callback_outbox.go: OK
pkg/s3gateway/sigv4.go: OK
pkg/edgejwks/cache_test.go: OK
pkg/builderd/build_environment_test.go: OK
pkg/oci/registry_test.go: OK
pkg/audit/audit_test.go: OK
pkg/db/wait_for_branches_test.go: OK
pkg/sched/router_watcher_test.go: OK
pkg/events/restore_breakdown_prepare_test.go: OK
pkg/safetext/safetext_test.go: OK
pkg/vmmdgrpc/proto.go: OK
pkg/fcvm/dns_gated_egress.go: OK
pkg/billing/reconciler/reconciler.go: OK
pkg/meter/log_event_maintenance_test.go: OK
pkg/state/custom_domain_cert_status_test.go: OK
pkg/state/memstore_platform_tenant_access.go: OK
pkg/state/status_history_test.go: OK
pkg/secretscan/scan_test.go: OK
pkg/e2etest/harness.go: OK
pkg/state/build_vm_cleanup_test.go: OK
pkg/logarchive/archive_commit.go: OK
pkg/pki/trust.go: OK
pkg/netns/popcounters_parse.go: OK
pkg/state/memstore_managed_realtime_test.go: OK
pkg/state/reserved_ips.go: OK
pkg/state/memstore_object_multipart_coverage_test.go: OK
migrations/00416_openapi_import_test.go: OK
pkg/dashboard/stages/coverage_test.go: OK
pkg/issues/otlp.go: OK
pkg/state/org_activity_access.go: OK
pkg/gateway/upgrade_test.go: OK
pkg/gateway/handler_apply_edge_rule_cache.go: OK
pkg/apid/apidsource/source_handoff_test.go: OK
pkg/daemonunitspec/imaged.go: OK
pkg/billing/paddle/errors.go: OK
pkg/state/scenario_test_members_test.go: OK
pkg/gateway/portnorm_test.go: OK
pkg/db/warmup_architecture_test.go: OK
pkg/builderd/cache.go: OK
pkg/hostingconfig/config.go: OK
pkg/api/service_reliability.go: OK
pkg/state/pgstore_route_inventory.go: OK
pkg/state/pgstore_usage_by_hour_tz_sql_test.go: OK
pkg/tcpd/state_resolver_test.go: OK
migrations/00354_deployments_rollback_on_5xx_test.go: OK
pkg/sched/broker_egress_linux.go: OK
pkg/billing/paddle/transport.go: OK
pkg/fcvm/egress_circuit.go: OK
pkg/state/memstore_app_errors.go: OK
pkg/api/realtime_auth_test.go: OK
pkg/sched/scheduled_jobs_test.go: OK
pkg/reconcile/fakes_test.go: OK
pkg/gateway/response_cache_test.go: OK
pkg/rootfs/app_mkfs_real_test.go: OK
pkg/state/memstore_deployment_webhooks_test.go: OK
pkg/api/dto_errors_mega4_test.go: OK
pkg/billing/polar/webhook.go: OK
pkg/state/platform_tenant_credentials.go: OK
pkg/billing/usage_math_test.go: OK
pkg/sched/private_network.go: OK
pkg/state/memstore_job_registry_credentials.go: OK
pkg/db/edge_rule_convergence_test.go: OK
pkg/sched/scaleup/trigger_lockstep_test.go: OK
pkg/storage/storage.go: OK
pkg/auth/middleware/platform_tenant_access_test.go: OK
pkg/githubdgrpc/stream_test.go: OK
pkg/sched/snapshot_publication.go: OK
pkg/sched/retention.go: OK
guest/runners/python312/main.go: OK
pkg/wire/unixsock.go: OK
pkg/billing/stripe/retry_cancel_payment.go: OK
pkg/daemonunit/unit_test.go: OK
pkg/edgevalidate/sentinels.go: OK
pkg/mail/mfa_test.go: OK
pkg/state/snapshot_replica.go: OK
pkg/snapshothipd/metrics.go: OK
pkg/sched/vmmclient_readiness_probe_test.go: OK
pkg/gateway/control.go: OK
pkg/state/pgstore_api_consumers_test.go: OK
pkg/imaged/handler_auth_test.go: OK
pkg/state/memstore_app_registry_credentials_test.go: OK
migrations/00272_release_bundles_test.go: OK
pkg/state/memstore_oidc_branches_test.go: OK
pkg/api/client_project_releases_test.go: OK
pkg/managedpostgres/cutover.go: OK
pkg/builderd/shutdown_test.go: OK
pkg/state/project_release_sets.go: OK
pkg/sched/scaleup/ringbuf_test.go: OK
guest/init/characterize_darwin.go: OK
pkg/gateway/surface_parser.go: OK
pkg/fcvm/execution_manager_test.go: OK
pkg/managedpostgres/usage_test.go: OK
migrations/00073_snapshots_live_idx_test.go: OK
pkg/state/snapshot_replica_test.go: OK
pkg/sched/job_vmm_stub.go: OK
pkg/gateway/handler.go: OK
pkg/state/state_check_pgstore_test.go: OK
pkg/api/job_registry_auth_test.go: OK
pkg/meter/billing_cursor_test.go: OK
pkg/workloadidentity/identity_test.go: OK
pkg/gateway/raw_upgrade.go: OK
pkg/e2etest/helloserver.go: OK
pkg/sched/cron_loop_test.go: OK
pkg/gateway/allowlist.go: OK
pkg/meter/dunning_extras_test.go: OK
pkg/promql/bounds_test.go: OK
pkg/sched/jobs.go: OK
pkg/api/client_feature_flags.go: OK
pkg/netns/connlimit_metal_test.go: OK
pkg/sched/warmhint.go: OK
pkg/wire/wake.go: OK
migrations/20260916183051400_repair_rollback_release_projection_test.go: OK
pkg/state/preview_batch_test.go: OK
pkg/tcpd/server.go: OK
pkg/state/pgstore_gateway_usage_test.go: OK
pkg/api/node_sizing_test.go: OK
pkg/mail/certificate.go: OK
pkg/gateway/otel_spans_handler.go: OK
pkg/builderd/export_gc_test.go: OK
pkg/state/pgstore_feature_flags.go: OK
pkg/outbound/postgres.go: OK
guest/init/stateless_advisory_linux.go: OK
pkg/publicstatus/evaluator.go: OK
pkg/state/object_storage_usage_v2.go: OK
pkg/state/platform_tenant_webhooks.go: OK
pkg/fcvm/snapshot_version_test.go: OK
pkg/api/app_tasks_test.go: OK
pkg/dashboard/github_connection_test.go: OK
pkg/imaged/handler_coverage_test.go: OK
pkg/imaged/base.go: OK
pkg/frameworkready/wire_test.go: OK
pkg/sched/vmmclient_private_network_test.go: OK
pkg/state/memstore_app_park_outbox.go: OK
pkg/vmmdmount/materialize.go: OK
pkg/wire/otelinit/otelinit.go: OK
pkg/oci/blob_verify.go: OK
pkg/sched/pressure_aggregator.go: OK
pkg/privatenetwork/transport.go: OK
api/proto/onebox/faas/schedd/v1/schedd.pb.go: OK
pkg/state/deployment_queue_controls_test.go: OK
pkg/openapidiff/spec_cache.go: OK
pkg/sched/workflow_output_completion_test.go: OK
pkg/dashboard/dashboard_test.go: OK
pkg/extension/lifecycle.go: OK
pkg/sched/fleet_cache_test.go: OK
guest/init/event_publish_proxy_linux.go: OK
pkg/db/pure_helpers_test.go: OK
pkg/state/pgstore_log_events_test.go: OK
pkg/imaged/vmmclient_test.go: OK
migrations/20260911172003420_debug_regression_observations_repair_test.go: OK
pkg/api/scaling_schedules_test.go: OK
pkg/daemonunitspec/githubd.go: OK
cmd/vmmd/liveness_recv.go: OK
cmd/vmmd/overlay_detect.go: OK
migrations/20260927161003477_outbound_retry_budget_test.go: OK
pkg/secretbox/host_hash_test.go: OK
guest/init/service_binding_probe_linux.go: OK
pkg/state/pgstore_parity_mega5_test.go: OK
pkg/meter/residency_test.go: OK
pkg/privatenetwork/fabric.go: OK
pkg/sched/vmmclient_app_protocol_test.go: OK
pkg/state/pgstore_openapi_import_test.go: OK
pkg/state/platform_tenant_self_consumer_revocation.go: OK
pkg/api/client_deployment_summary_test.go: OK
pkg/builderd/dev_dependency_cache_test.go: OK
pkg/api/log_query.go: OK
pkg/state/managed_realtime_history.go: OK
pkg/gateway/trace_exporter.go: OK
guest/runners/internal/execution_protocol.go: OK
pkg/state/pgstore_object_upload_routes_test.go: OK
pkg/state/platform_tenant_offboarding.go: OK
pkg/s3gateway/sdk_compat_test.go: OK
pkg/gateway/ratelimit.go: OK
pkg/state/pgstore_scenario_test_members_test.go: OK
pkg/gateway/hostname_label_set.go: OK
pkg/api/client_realtime_history_usage.go: OK
pkg/sched/scalesignal/scalesignal_test.go: OK
pkg/reposcan/appyaml.go: OK
guest/init/passwd_linux_test.go: OK
pkg/billing/paddle/provider.go: OK
pkg/sched/vmmrouter_execution_test.go: OK
pkg/state/pgstore_platform_tenant_self_consumer_revocation.go: OK
pkg/api/outbound_bindings_test.go: OK
pkg/preflight/cost_test.go: OK
pkg/api/upstreams.go: OK
pkg/state/pgstore_job_usage.go: OK
pkg/nodeclaim/claim_test.go: OK
pkg/state/pgstore_private_networks.go: OK
pkg/buildcache/lease.go: OK
pkg/state/pgstore_deployment_scope_exclusions.go: OK
pkg/sched/capacity_sign_test.go: OK
guest/init/characterize_test.go: OK
pkg/state/pure_helpers_pgstore_test.go: OK
pkg/outbound/response_cache.go: OK
pkg/gateway/release_context_cookie_test.go: OK
pkg/sched/engine_liveness_test.go: OK
api/proto/onebox/faas/apid/v1/realtime_history.pb.go: OK
pkg/state/memstore_wake_id_test.go: OK
pkg/imaged/handler_snapprime_test.go: OK
pkg/fcvm/instance_boot_flight_test.go: OK
pkg/state/memstore.go: OK
migrations/00237_apps_maintenance_mode_test.go: OK
pkg/state/mfa_disable_request_test.go: OK
pkg/api/dto_cache_swr_test.go: OK
pkg/fcvm/secrets_env_metal_test.go: OK
pkg/state/memstore_iam6_org_keys_test.go: OK
pkg/sched/poller_decoders_pure_test.go: OK
pkg/sched/deployment_counter_watcher_test.go: OK
pkg/logsanitize/sanitize_test.go: OK
pkg/api/alerts_presets.go: OK
cmd/vmmd/log_archive.go: OK
pkg/mail/postmark.go: OK
pkg/githubd/changedfiles.go: OK
pkg/sched/instancestats/reader.go: OK
pkg/sched/poller_queue_pgtest_test.go: OK
pkg/capdecl/capbits.go: OK
pkg/sched/recovery_arbiter_wiring_test.go: OK
pkg/gateway/trigger_classification_test.go: OK
pkg/state/pgstore_revision_pins_test.go: OK
pkg/objectstorage/usage_reports_test.go: OK
pkg/tcpd/target_resolver.go: OK
pkg/sched/vmmclient_sidecar_resources_test.go: OK
pkg/gateway/writegate/leader_client.go: OK
pkg/oci/egress_test.go: OK
pkg/dispatch/backoff.go: OK
pkg/devbridge/relay.go: OK
pkg/meter/pure_helpers_mega3_test.go: OK
pkg/storage/file_writeback.go: OK
migrations/00039_account_passwords_test.go: OK
pkg/api/workflow_dag.go: OK
pkg/state/api_consumer_usage_statements_test.go: OK
pkg/reconcile/audit_kind_scope_excluded_test.go: OK
pkg/dashboard/views/coverage_test.go: OK
pkg/state/pgstore_tenant_surface_test.go: OK
pkg/state/memstore_data_upstreams_stubs_test.go: OK
pkg/api/platform_tenant_credentials_test.go: OK
guest/executor/process_linux.go: OK
pkg/wire/api_hosting_funnel_test.go: OK
pkg/gateway/certsync/certsync_test.go: OK
pkg/meter/request_audit_retention_test.go: OK
pkg/tarball/shape_test.go: OK
pkg/api/client_issues.go: OK
pkg/state/platform_tenant_consumer_policy.go: OK
pkg/api/runtime_policy.go: OK
pkg/api/client_private_network_members.go: OK
pkg/imaged/sidecar_manifest_test.go: OK
pkg/managedpostgres/neon/credential_roles.go: OK
pkg/apihostingcontract/container_contract.go: OK
pkg/managedpostgres/neon/provider_test.go: OK
pkg/sched/migrating_watchdog_engine_test.go: OK
pkg/wire/otelgrpc.go: OK
pkg/sched/scaleup/admission_backoff.go: OK
pkg/state/job_usage.go: OK
pkg/state/pgstore_preview_set_batch_test.go: OK
pkg/state/store.go: OK
pkg/geoip/watcher_test.go: OK
pkg/state/issues_cursor.go: OK
pkg/auth/middleware/middleware_test.go: OK
pkg/billing/reconciler/reconciler_test.go: OK
pkg/oci/auth_test.go: OK
pkg/fcvm/resource_process.go: OK
migrations/00333_apps_public_auth_internal_only_test.go: OK
guest/runners/internal/h2c_listener_test.go: OK
pkg/sched/heartbeat_test.go: OK
pkg/sched/targets/decide_test.go: OK
pkg/fcvm/customer_console_test.go: OK
pkg/gateway/internal_svc_auth.go: OK
pkg/secretscan/deploy_token_test.go: OK
pkg/oci/image_test.go: OK
pkg/gateway/tls.go: OK
pkg/state/platform_tenant_invocations.go: OK
pkg/fcvm/failure_report_ownership_test.go: OK
pkg/fcvm/leakcheck/layout_metal_test.go: OK
pkg/e2etest/testdata/jobfixture/main.go: OK
pkg/cosign/generate.go: OK
pkg/sched/dispatch_trigger_claim_test.go: OK
guest/runners/python312/main_test.go: OK
migrations/00058_credit_consumption_test.go: OK
pkg/gateway/tls_test.go: OK
pkg/executionproto/protocol.go: OK
pkg/outbound/client.go: OK
pkg/managedpostgres/postgres_cutover_admission_test.go: OK
pkg/builderd/runtime_base.go: OK
pkg/vmmdgrpc/stats_cache_test.go: OK
guest/runners/internal/process_usage_other.go: OK
pkg/api/platform_tenants.go: OK
pkg/oci/auth.go: OK
pkg/renderer/renderer.go: OK
pkg/cosign/cosign_test.go: OK
pkg/state/platform_tenant_delegated_hostnames_test.go: OK
pkg/db/app_changed_payload_test.go: OK
pkg/oauthmetadata/metadata_test.go: OK
pkg/api/canary/simulator_test.go: OK
pkg/sourcedelta/archive.go: OK
pkg/gateway/public_auth_cache.go: OK
pkg/imaged/secretscan_pure_test.go: OK
pkg/daemonunitspec/slice_test.go: OK
pkg/state/pgstore_object_storage_requests.go: OK
pkg/state/project_preview_isolation_test.go: OK
pkg/fcvm/cgroupstats/reader.go: OK
pkg/gateway/tenant_request_budget_test.go: OK
pkg/state/memstore_reassign_test.go: OK
pkg/apihostingreceipt/smoke_status_test.go: OK
pkg/sched/failure_relay.go: OK
pkg/api/appmanifest_test.go: OK
pkg/gateway/dns_provider_cloudflare_test.go: OK
pkg/api/lint_tripwires_test.go: OK
pkg/heartbeatretention/retention.go: OK
pkg/storage/router_env_extra_test.go: OK
pkg/state/pgstore_endpoint_discovery.go: OK
pkg/sched/vmmclient_test.go: OK
pkg/rootfs/pure_helpers_mega3_test.go: OK
pkg/gateway/dns_handoff.go: OK
pkg/state/api_consumer_usage.go: OK
pkg/fcvm/cpustats/cache_test.go: OK
migrations/00022_backfill_test.go: OK
pkg/sched/managed_postgres_admission.go: OK
pkg/api/project_environment_config_test.go: OK
pkg/gateway/vm_concurrency.go: OK
pkg/state/pgstore_project_tenant_policy_test.go: OK
pkg/httpsec/envhsts.go: OK
pkg/state/private_networks_test.go: OK
pkg/state/github_deploy_branches.go: OK
pkg/gateway/request_telemetry.go: OK
pkg/managedpostgres/neon/observation_test.go: OK
pkg/sched/snapshot_publication_test.go: OK
pkg/mail/metrics.go: OK
pkg/storage/sparse_snapshot.go: OK
pkg/sched/recreate.go: OK
pkg/state/outbound_bindings.go: OK
pkg/billing/stripe/refund_export_test.go: OK
pkg/events/wake_test.go: OK
pkg/builderd/warm_gc.go: OK
pkg/wire/topn_app_test.go: OK
pkg/gateway/request_body_admission_test.go: OK
api/proto/onebox/faas/apid/v1/auth_grpc.pb.go: OK
pkg/daemonunitspec/billing_mode_test.go: OK
pkg/sched/security_quarantine.go: OK
pkg/webhookdedupe/dedupe_test.go: OK
pkg/sched/retention_invocations.go: OK
pkg/grpcerr/grpcerr_test.go: OK
pkg/state/memstore_api_consumers_test.go: OK
pkg/sched/managed_postgres_task_admission_test.go: OK
pkg/state/pgstore_object_usage_v2.go: OK
pkg/secretbox/host_hash.go: OK
pkg/githubd/service.go: OK
pkg/wire/daemon.go: OK
pkg/logarchive/archive_regression_test.go: OK
pkg/state/snapshot_publication_freshness_test.go: OK
pkg/state/conformance/account_release_webhook_cases.go: OK
pkg/state/memstore_runtime_config_operation_test.go: OK
pkg/renderer/toml.go: OK
pkg/state/pgstore_platform_tenant_offboarding_test.go: OK
pkg/fcvm/resource_links_metal_test.go: OK
migrations/schema_scoped_guards_test.go: OK
pkg/authz/resolver.go: OK
pkg/sched/deletion_subscriber_extra_test.go: OK
pkg/state/deployment_sidecar_rams_test.go: OK
pkg/state/managed_postgres_binding_rotation.go: OK
pkg/gitfetch/fetcher.go: OK
pkg/state/pgstore_job_registry_credentials_test.go: OK
pkg/edgejwks/json.go: OK
pkg/api/limits_test.go: OK
migrations/00226_data_upstreams_test.go: OK
pkg/builderd/cache_key_test.go: OK
pkg/sched/init_snapshot_metrics_test.go: OK
pkg/sched/poller_amqp_test.go: OK
pkg/state/deployment_runtime_profile_test.go: OK
migrations/20260927220000001_event_fanout_outbox_test.go: OK
pkg/sched/operator_intent_subscriber.go: OK
pkg/secretscan/textfile_test.go: OK
pkg/logarchive/spool.go: OK
pkg/sched/placement_claim_test.go: OK
pkg/api/client_pure_coverage_test.go: OK
pkg/objectstorage/pricing.go: OK
pkg/billing/stripe/verify_webhook_test.go: OK
pkg/state/pgstore_platform_tenant_rate_cards.go: OK
pkg/api/internal_safedeploy_client.go: OK
pkg/builderd/completion_test.go: OK
migrations/20260907150000000_operator_node_intent_kinds_test.go: OK
pkg/auth/oauth_test.go: OK
pkg/sched/upstream_affinity.go: OK
cmd/vmmd/host_journal_metrics_linux_test.go: OK
pkg/state/memstore_managed_realtime_history_test.go: OK
pkg/vmmdgrpc/seccomp_self_filter_test.go: OK
cmd/vmmd/workload_identity_recv_other.go: OK
pkg/mail/renderer_transport_integration_test.go: OK
pkg/openapidiff/spec_cache_test.go: OK
pkg/state/pgstore_project_environment_cleanup.go: OK
pkg/gateway/dns_provider_cloudflare.go: OK
pkg/state/compute_node_role_test.go: OK
pkg/devbridge/reconnect_test.go: OK
pkg/state/adapter_apid_pgtype.go: OK
pkg/fcvm/snapshot.go: OK
pkg/builderd/warm.go: OK
pkg/fcvm/netstats/cache_test.go: OK
pkg/gateway/wake_page.go: OK
pkg/state/pgstore_deployment_aliases_test.go: OK
pkg/state/invocation_version.go: OK
pkg/gateway/spans_sort.go: OK
pkg/state/request_telemetry_log_event.go: OK
pkg/state/network_usage_checkpoint_test.go: OK
pkg/fcvm/vmm_readiness_test.go: OK
scripts/ci/e2eshard/main.go: OK
pkg/manifest/scale_test.go: OK
pkg/edgejwks/cache.go: OK
pkg/promqlrules/error_rate_test.go: OK
pkg/state/pgstore_tcp_listeners_test.go: OK
pkg/state/memstore_account_release_fanout_test.go: OK
cmd/vmmd/liveness_recv_test.go: OK
pkg/api/headers_test.go: OK
pkg/state/pgstore_account_release_webhooks.go: OK
pkg/outbound/response_failure_regression_test.go: OK
pkg/gateway/observe_route_test.go: OK
pkg/objectstorage/s3.go: OK
pkg/mail/dryrun.go: OK
pkg/mail/deployment.go: OK
pkg/state/pgstore_project_environment_promotions.go: OK
pkg/gateway/trace_ring_test.go: OK
pkg/billing/polar/refund_safety_test.go: OK
pkg/apid/apidsource/apidsource_test.go: OK
guest/init/execution_linux_test.go: OK
pkg/openapidiff/preview_test.go: OK
pkg/gateway/forwardproxy_pure_extra_test.go: OK
pkg/imaged/base_validate.go: OK
pkg/storage/oci_snapshot_keys.go: OK
pkg/sched/admission_vcpu_test.go: OK
pkg/api/apierror.go: OK
pkg/api/client_platform_tenants.go: OK
pkg/imaged/scan_gate.go: OK
pkg/api/dto_auth_default_roundtrip_test.go: OK
pkg/state/pgstore_alert_presets_test.go: OK
pkg/state/object_s3_credentials_test.go: OK
pkg/reconcile/guards.go: OK
pkg/state/pgstore_app_park_outbox_test.go: OK
pkg/oci/platform_test.go: OK
pkg/managedpostgres/service_test.go: OK
pkg/storage/sparse_snapshot_test.go: OK
migrations/20260911213015602_egress_billing_foundation_test.go: OK
pkg/api/upload_session.go: OK
migrations/00096_apps_node_reassignable_test.go: OK
pkg/db/notification_outbox_test.go: OK
pkg/fcvm/reap.go: OK
guest/init/source_modes_test.go: OK
pkg/promqlrules/cpu_starvation_test.go: OK
pkg/api/private_network.go: OK
pkg/db/notify_test.go: OK
pkg/executionproto/artifacts_test.go: OK
pkg/dashboard/cli_name_test.go: OK
api/proto/onebox/faas/apid/v1/advisory.pb.go: OK
pkg/state/platform_tenant_self_consumer_apply.go: OK
pkg/state/memstore_app_lifecycle_transition_health.go: OK
pkg/state/pgstore_api_consumer_usage_statements.go: OK
pkg/sched/engine_teardown_accounting_test.go: OK
pkg/api/execution_profiles_test.go: OK
pkg/nodejoin/store_test.go: OK
pkg/sched/migration_handoff.go: OK
pkg/simpleapp/plan.go: OK
pkg/redact/security_test.go: OK
pkg/managedpostgres/neon/restore_probe.go: OK
pkg/wire/peer_extra_test.go: OK
pkg/alerts/evaluator_alert_presets_test.go: OK
pkg/tcpd/routes.go: OK
pkg/sched/admission.go: OK
pkg/sched/instance_divergence_test.go: OK
pkg/state/store_trace_id_test.go: OK
pkg/e2etest/shared_bin_dir_test.go: OK
pkg/devbridge/session.go: OK
pkg/managedpostgres/registry.go: OK
pkg/builderd/state_transition_test.go: OK
pkg/api/client_method_sweep_test.go: OK
pkg/meter/dunning_test.go: OK
pkg/storage/gcs.go: OK
pkg/meter/rollup.go: OK
pkg/outbound/handler.go: OK
pkg/preflight/source_test.go: OK
pkg/state/memstore_cron_options_test.go: OK
pkg/state/service_caller_keys.go: OK
migrations/20260922174500001_preview_project_workload_identity_test.go: OK
pkg/meter/jobs.go: OK
pkg/reconcile/service_env_test.go: OK
pkg/state/pgstore_status_history_test.go: OK
pkg/alerts/integration_test.go: OK
pkg/mail/headers_test.go: OK
migrations/00072_compute_nodes_region_zone_test.go: OK
pkg/deploydiff/render_json.go: OK
pkg/state/pgstore_job_quota.go: OK
pkg/oauthpkce/pkce.go: OK
pkg/billing/plans_test.go: OK
pkg/reqbudget/writer_regression_test.go: OK
pkg/daemonunitspec/artifact_storage_env_test.go: OK
cmd/vmmd/runtime_config_recv_other.go: OK
pkg/sched/running_reason.go: OK
pkg/billing/stripe/config.go: OK
pkg/sched/rate_limit_test.go: OK
pkg/rootfs/pure_helpers_test.go: OK
pkg/billing/stripe/client.go: OK
pkg/apid/apidsource/retry_source_test.go: OK
cmd/vmmd/capacity_publisher_test.go: OK
pkg/devbridge/session_test.go: OK
pkg/githubd/realservice_test.go: OK
pkg/state/pgstore_api_consumer_usage.go: OK
pkg/sched/disk_drift.go: OK
pkg/openapidiff/generator.go: OK
pkg/state/memstore_jobs_legacy_verify_test.go: OK
pkg/releaseinstall/cosign.go: OK
pkg/state/memstore_billing_identity_test.go: OK
pkg/fcvm/restore_prefetch_linux_test.go: OK
pkg/lease/lease.go: OK
cmd/faas-nft-render/main.go: OK
pkg/state/pgstore_reserved_ips_test.go: OK
pkg/gateway/synth_pure_extra_test.go: OK
migrations/00411_liveness_restart_count_test.go: OK
pkg/privatenetwork/transport_test.go: OK
pkg/openapidiff/generator_ext.go: OK
pkg/api/client_managed_postgres.go: OK
pkg/fcvm/leakcheck/residentbytes.go: OK
pkg/billing/object_storage.go: OK
cmd/vmmd/caps_test.go: OK
pkg/state/recovery_lifecycle_test.go: OK
pkg/productstandards/catalog_test.go: OK
pkg/api/cors_origin_test.go: OK
pkg/state/preview_set.go: OK
pkg/api/public_auth_constants_test.go: OK
pkg/scheddgrpc/framework_ready.go: OK
pkg/state/app_cpu_policy_pg_test.go: OK
pkg/state/pgstore_edge_rule_lock_test.go: OK
pkg/wire/otelinit/sampler.go: OK
pkg/api/tcp_listeners.go: OK
migrations/00122_instances_framework_ready_at_test.go: OK
pkg/reconcile/apply.go: OK
pkg/reposcan/dependencies.go: OK
pkg/state/pgstore_created_ip_host_test.go: OK
pkg/sched/dispatch_triggers_test.go: OK
migrations/00085_builds_kind_github_test.go: OK
pkg/wire/otelinit/trace_health_test.go: OK
pkg/workpolicy/digest.go: OK
cmd/vmmd/poller_test.go: OK
pkg/api/preview.go: OK
pkg/sched/egress_circuit_loop.go: OK
pkg/githubd/branch_head_test.go: OK
guest/init/stateless_advisory_batch_linux_test.go: OK
pkg/sched/lifecycle.go: OK
pkg/storage/oci_io.go: OK
pkg/authz/authorize.go: OK
pkg/rootfs/build_base_test.go: OK
pkg/gateway/handler_public_auth_constants_test.go: OK
pkg/meter/notifications.go: OK
pkg/state/pgstore_app_wake_outbox_test.go: OK
pkg/state/tenant_surface.go: OK
pkg/builderd/log.go: OK
pkg/billing/mode.go: OK
pkg/gateway/edge_rules_respond_test.go: OK
guest/init/liveness_linux_test.go: OK
pkg/builderd/source_context_test.go: OK
pkg/imaged/platform.go: OK
pkg/vmmdmount/overlay.go: OK
pkg/gateway/request_telemetry_dimensions_test.go: OK
pkg/gateway/pgbackend_deployment_split_test.go: OK
pkg/api/app_slug_preview_test.go: OK
pkg/state/memstore_account_credits_test.go: OK
pkg/state/execution_events_test.go: OK
pkg/state/memstore_app_park_outbox_test.go: OK
pkg/managedpostgres/neon/credential_probe.go: OK
guest/init/cgroup_partition_linux.go: OK
pkg/sched/pressure_aggregator_test.go: OK
pkg/objectstorage/public_read_test.go: OK
pkg/state/project_environment_cleanup_test.go: OK
pkg/vmmdgrpc/app_task_test.go: OK
pkg/api/alerts_test.go: OK
pkg/openapidiff/compare_additive_test.go: OK
pkg/secretbox/hostkey_test.go: OK
pkg/productstandards/conformance.go: OK
pkg/state/pgstore_app_registry_credentials_test.go: OK
pkg/releaseretention/releaseretention.go: OK
pkg/state/retry_stage_test.go: OK
pkg/state/memstore_job_schedules_test.go: OK
guest/runners/internal/runnerparity/setup_test.go: OK
pkg/sched/scaleup/export_test.go: OK
pkg/githubd/http_bounds_test.go: OK
pkg/state/managed_realtime_channel_routes.go: OK
pkg/meter/sampler_floor_test.go: OK
pkg/rootfs/build_integration_test.go: OK
pkg/oci/manifest.go: OK
pkg/gateway/dns_handoff_branches_test.go: OK
migrations/20260915120000002_annotate_legacy_loopback_audit_ips_test.go: OK
pkg/vmmdgrpc/migration_handlers_integration_test.go: OK
pkg/netns/doc.go: OK
pkg/oidc/verifier_test.go: OK
pkg/gateway/dns_handoff_test.go: OK
migrations/00167_apps_overflow_node_test.go: OK
pkg/state/egress_circuit_candidates.go: OK
pkg/wire/metrics_cardinality_box_test.go: OK
pkg/state/platform_tenant_request_budgets_test.go: OK
pkg/objectstorage/s3_test.go: OK
pkg/billing/idempotency_test.go: OK
pkg/sched/workflow_retention.go: OK
migrations/20260925204408001_gateway_cors_preset_watermarks_test.go: OK
pkg/secretscan/textfile.go: OK
guest/init/source_modes.go: OK
pkg/state/memstore_list_deployment_audit_by_alert_rule_test.go: OK
pkg/webhook/retention_test.go: OK
pkg/state/project_environment_clone_test.go: OK
cmd/vmmd/egress_static_ip_bundle.go: OK
cmd/vmmd/guest_vsock_receivers_linux_test.go: OK
pkg/oidc/store.go: OK
pkg/state/pgstore_command_cron_test.go: OK
migrations/00190_admin_obs_index_test.go: OK
migrations/replay_safety_test.go: OK
pkg/authz/context.go: OK
pkg/api/canary/simulator.go: OK
guest/init/liveness_linux.go: OK
migrations/00074_projects_and_workloads_test.go: OK
pkg/state/pgstore_platform_tenant_reconciliation_test.go: OK
pkg/sched/sidecars.go: OK
pkg/gateway/crawler_policy_test.go: OK
pkg/state/machine_property_test.go: OK
pkg/api/preflight.go: OK
pkg/frameworkready/wire.go: OK
pkg/realtime/resume.go: OK
pkg/state/pgstore_event_fanout_replay_test.go: OK
pkg/sched/prewarm/trigger.go: OK
migrations/apply_walk_test.go: OK
migrations/00299_triggers_poison_strategy_test.go: OK
pkg/gitfetch/streaming_regression_test.go: OK
pkg/api/cache_tags.go: OK
pkg/dashboard/tls_cutover_test.go: OK
pkg/state/memstore_work_policies.go: OK
pkg/managedpostgres/types.go: OK
pkg/state/memstore_app_webhook_event_outbox.go: OK
cmd/vmmd/restart_inventory_linux.go: OK
pkg/state/memstore_audit_log_pagination_test.go: OK
pkg/oci/registry.go: OK
pkg/db/warmup.go: OK
pkg/state/memstore_workload_fields_test.go: OK
pkg/sched/app_task_backend_vmmd.go: OK
pkg/imaged/job_materialization.go: OK
pkg/db/notify_hub_test.go: OK
pkg/promqlrules/anomaly_score_test.go: OK
pkg/state/pgstore_edge_rules_test.go: OK
pkg/state/memstore_runtime_config_test.go: OK
pkg/state/pgstore_sidecars_test.go: OK
pkg/scheddgrpc/force_cold_boot_test.go: OK
pkg/reconcile/audit.go: OK
pkg/daemonunitspec/schedd.go: OK
pkg/wire/wake_test.go: OK
pkg/webhook/dispatcher_test.go: OK
pkg/api/idempotency_context_test.go: OK
pkg/vmmdgrpc/readiness_probe_test.go: OK
pkg/api/apikey_test.go: OK
pkg/flags/flags_test.go: OK
pkg/sched/loop_test.go: OK
pkg/api/project_environments.go: OK
pkg/state/issues.go: OK
pkg/scheddgrpc/bufconn_test.go: OK
pkg/devbridge/propagation_test.go: OK
pkg/fcvm/wake_phases_test.go: OK
pkg/fcvm/netstats/cache.go: OK
pkg/githubd/service_pull_request_test.go: OK
pkg/sched/poller_kafka.go: OK
pkg/billing/reconciler/window_test.go: OK
pkg/sched/instancestats/reader_property_test.go: OK
pkg/hostsize/hostsize_linux.go: OK
pkg/state/pgstore_sidecar_layers_test.go: OK
pkg/gateway/retained_service_spans_exporter_test.go: OK
migrations/00029_app_egress_allowlist_test.go: OK
pkg/sched/liveness_window.go: OK
migrations/00254_edge_rules_kind_budget_test.go: OK
pkg/vmmdgrpc/lifecycle_deadline_test.go: OK
pkg/wire/inmemverifier_test.go: OK
pkg/gateway/handler_cache_stale_on_error_test.go: OK
pkg/vmmdgrpc/migration_leaser_pg.go: OK
pkg/renderer/symlink.go: OK
pkg/imaged/abuse_scan_test.go: OK
pkg/vmmdgrpc/error_paths_test.go: OK
pkg/state/memstore_coverage_slice7_test.go: OK
pkg/storage/put_nocopy_test.go: OK
guest/init/resume_linux.go: OK
pkg/gateway/edge_rules_maintenance.go: OK
migrations/jsonhelpers_test.go: OK
pkg/state/memstore_b3_alert_metrics_test.go: OK
pkg/state/keys.go: OK
pkg/state/machine_mode_test.go: OK
pkg/gateway/service_discovery.go: OK
pkg/state/api_consumer_usage_test.go: OK
guest/runners/go124/main_test.go: OK
pkg/daemonunitspec/envcontract.go: OK
pkg/sched/logs_filter_test.go: OK
pkg/api/capabilities_test.go: OK
pkg/billing/mode_test.go: OK
pkg/state/event_fanout_outbox_test.go: OK
pkg/state/managed_realtime_channel_routes_snapshot_test.go: OK
pkg/state/managed_realtime_channel_routes_compaction_test.go: OK
pkg/wire/metrics_sweep_test.go: OK
pkg/state/snapshot_restore_pressure.go: OK
pkg/sched/pressure_rebalancer_test.go: OK
pkg/gateway/dns01_provider_hetzner_test.go: OK
pkg/markers/detectversion.go: OK
pkg/gitfetch/anonymous_test.go: OK
guest/init/mountpoints.go: OK
pkg/ratelimit/peraccount/peraccount_test.go: OK
pkg/reposcan/paths.go: OK
pkg/gateway/wake_observability_test.go: OK
pkg/state/project_release_reads_contract_test.go: OK
migrations/00140_app_webhooks_test.go: OK
pkg/githubd/webhook_delivery.go: OK
pkg/api/preview_test.go: OK
pkg/sched/vmmclient_execution_test.go: OK
migrations/00086_apps_require_signed_test.go: OK
pkg/api/deploy_token_test.go: OK
pkg/api/client_coverage_test.go: OK
pkg/api/execution_profiles.go: OK
pkg/sched/heartbeat.go: OK
pkg/sched/managed_postgres_admission_test.go: OK
pkg/fcvm/framework_ready_test.go: OK
pkg/gateway/handler_load_test.go: OK
migrations/00293_validate_mode_test.go: OK
pkg/builderd/cache_test.go: OK
pkg/fcvm/resource_links_linux_test.go: OK
migrations/20260929081244731_oidc_drop_permissive_trust_policies_test.go: OK
pkg/sched/admission_error_unlock_test.go: OK
pkg/state/pgstore_node_key_lifecycle_test.go: OK
migrations/20260924012754001_http_function_push_queue_binding_test.go: OK
pkg/sched/pressure_rebalance_engine_test.go: OK
pkg/rootfs/parse_passwd.go: OK
pkg/e2etest/twonode_remote_test.go: OK
pkg/cosign/verifier.go: OK
guest/init/execution_linux.go: OK
pkg/gateway/service_proxy_circuit_test.go: OK
pkg/sched/loop_setter_test.go: OK
pkg/daemonunitspec/ansible_controller_lookup_test.go: OK
pkg/wire/runandshutdown.go: OK
pkg/state/app_secret_delivery_policy.go: OK
pkg/state/memstore_trigger_consumer_health_test.go: OK
pkg/logarchive/credentials_test.go: OK
pkg/state/pgstore_snapshot_restore_pressure_test.go: OK
pkg/reconcile/reconcile_test.go: OK
pkg/sched/rebalance_engine_test.go: OK
pkg/imaged/execution_profiles.go: OK
pkg/sched/operator_intent_completeness_test.go: OK
pkg/rootfs/build_test.go: OK
pkg/state/conformance/org_membership_cases.go: OK
pkg/daemonunitspec/ansible_storage_role_test.go: OK
pkg/events/broadcaster.go: OK
pkg/gateway/response_cache.go: OK
guest/runners/node24/main.go: OK
pkg/edgejwks/cache_regression_test.go: OK
pkg/jobresult/manifest.go: OK
pkg/lease/doc.go: OK
pkg/secretbox/kid.go: OK
pkg/state/snapshot_locality_test.go: OK
pkg/gregalemanifest/manifest_test.go: OK
pkg/mail/webhook_signature_test.go: OK
pkg/state/memstore_rollout_webhooks_test.go: OK
pkg/sched/testing_paths.go: OK
pkg/reposcan/procfile.go: OK
pkg/storage/cache_permissions_test.go: OK
migrations/20260912091429871_job_task_error_class_vocabulary_test.go: OK
pkg/deploycontroller/controller_test.go: OK
pkg/httpsec/nonce.go: OK
pkg/gateway/mirror_dispatch_bounds_test.go: OK
pkg/auth/password_test.go: OK
pkg/managedpostgres/postgres_usage_store.go: OK
pkg/state/api_compat_test.go: OK
pkg/state/memstore_deployment_failure_stage_test.go: OK
pkg/gateway/inflight.go: OK
pkg/appmetrics/range_account.go: OK
pkg/sched/dispatch_workflows_test.go: OK
pkg/state/scaling_schedule.go: OK
cmd/vmmd/config_test.go: OK
migrations/20260926093000001_app_egress_policy_convergence_test.go: OK
pkg/state/pgstore_project_environment_by_id_test.go: OK
pkg/workpolicy/policy.go: OK
pkg/s3gateway/multipart.go: OK
pkg/state/event_fanout_outbox.go: OK
migrations/00298_triggers_payload_max_test.go: OK
pkg/api/alerts_delivery.go: OK
pkg/state/work_policy.go: OK
pkg/state/pgstore_object_buckets.go: OK
pkg/wire/pgverifier_test.go: OK
pkg/githubd/enqueuer.go: OK
pkg/reposcan/tier23_test.go: OK
pkg/state/object_bucket_recovery_test.go: OK
pkg/gateway/dns_blocklist_test.go: OK
pkg/wire/pgratelimit_invalidator_test.go: OK
pkg/fcvm/vmm_pure_extra_test.go: OK
migrations/managed_realtime_channel_route_target_invalidation_scope_test.go: OK
pkg/db/wait_for_test.go: OK
pkg/gateway/pgbackend_readiness_test.go: OK
pkg/billing/window_test.go: OK
pkg/oci/container_contract_test.go: OK
cmd/vmmd/poller.go: OK
pkg/gateway/service_proxy_protocol_test.go: OK
pkg/api/queue_bindings.go: OK
pkg/state/preview_batch.go: OK
pkg/mail/mfa.go: OK
pkg/gateway/handler_apply_edge_rule_budget.go: OK
pkg/gateway/edge_rules_traffic.go: OK
pkg/sched/snapshot_backoff_test.go: OK
pkg/api/project_slug.go: OK
migrations/20260925185433001_deployment_traffic_change_log_test.go: OK
pkg/state/pgstore_paddle_claim_regression_test.go: OK
pkg/state/pgstore_jobs_legacy_verify_test.go: OK
pkg/wire/slog_bridge_test.go: OK
guest/init/mountpoints_test.go: OK
pkg/state/event_schemas.go: OK
pkg/daemonunitspec/imaged_function_runners_test.go: OK
pkg/sched/wake_coord.go: OK
pkg/dashboard/dev_bridges.go: OK
pkg/state/pgstore_preauth_failures.go: OK
pkg/gateway/service_proxy_assertion_test.go: OK
pkg/billing/api_consumer_pricing_test.go: OK
pkg/capdecl/runtimecheck/runtimecheck_metal_test.go: OK
pkg/openapidiff/snapshot.go: OK
guest/init/resume_accept_linux_test.go: OK
pkg/api/latest_deployments_test.go: OK
pkg/outbound/tracing.go: OK
pkg/imaged/hosting_receipt_test.go: OK
pkg/auth/middleware/middleware.go: OK
pkg/state/project_release_sets_mem.go: OK
migrations/00024_compute_nodes_test.go: OK
pkg/gateway/synth_batch_timeout_test.go: OK
pkg/state/platform_tenant_consumer_policy_test.go: OK
pkg/fcvm/resource_assets.go: OK
pkg/circuit/breaker_test.go: OK
pkg/state/trigger_work_bindings_test.go: OK
pkg/edgevalidate/cache.go: OK
pkg/meter/billing_cap_test.go: OK
pkg/builderd/vm_metal.go: OK
pkg/logdrain/sender.go: OK
pkg/objectstorage/ovh_access_logs.go: OK
pkg/state/pgstore_project_environment_clone_rollback.go: OK
pkg/api/workflow_dag_test.go: OK
pkg/billing/paddle/capabilities_test.go: OK
pkg/wire/metrics_cardinality_test.go: OK
pkg/state/egress_flow_log.go: OK
pkg/imaged/hosting_receipt.go: OK
pkg/gateway/edge_rules_limit.go: OK
cmd/vmmd/reconnect_test.go: OK
pkg/state/memstore_source_url_test.go: OK
pkg/runtimeconfig/watcher_test.go: OK
pkg/capdecl/runtimecheck/runtimecheck.go: OK
pkg/state/pgstore_state_usage_monthly_tz_sql_test.go: OK
pkg/gateway/retry_budget_test.go: OK
pkg/db/notification_outbox.go: OK
pkg/promqlrules/public_status_labels_test.go: OK
pkg/imaged/sbom_wire_test.go: OK
guest/runners/internal/runnerparity/tail_host_pin_test.go: OK
pkg/sched/platform_tenant_drain_test.go: OK
pkg/eventretention/cleanup_test.go: OK
pkg/gateway/forwardproxy_ws_outcome_test.go: OK
pkg/githubd/oauth_test.go: OK
pkg/builderd/dev_dependency_cache.go: OK
pkg/fcvm/snapshot_publication_test.go: OK
pkg/logintoken/cleanup_test.go: OK
pkg/fcvm/apienv_stage_test.go: OK
pkg/gateway/forwardproxy_upgrade_wire_test.go: OK
pkg/githubd/http.go: OK
pkg/netns/denylist_test.go: OK
pkg/roleTemplating/role_apply_filesystem_test.go: OK
pkg/reservedip/metrics.go: OK
pkg/state/execution_profiles.go: OK
guest/init/after_restore_linux_test.go: OK
pkg/releaseinstall/export_mega3_test.go: OK
cmd/vmmd/liveness_metal_test.go: OK
pkg/sched/fleet_cache.go: OK
pkg/storage/local.go: OK
pkg/vmmd/failureoutbox/outbox.go: OK
pkg/api/diff.go: OK
pkg/oidc/handler.go: OK
pkg/fcvm/stateless_advisory_test.go: OK
pkg/gateway/handler_apply_edge_rule_cache_helpers.go: OK
pkg/state/pgstore_reserved_ips.go: OK
pkg/rootfs/passwd_resolver.go: OK
pkg/imaged/go_function_artifact.go: OK
pkg/state/pgstore_custom_domain_verified_test.go: OK
pkg/api/workload_ports_test.go: OK
pkg/billing/idempotency.go: OK
pkg/fcvm/resource_journal_metal_test.go: OK
pkg/state/app_egress_policy_pg_test.go: OK
pkg/reposcan/tier23.go: OK
pkg/objectstorage/usage_reports.go: OK
pkg/builderd/wait_cancel_test.go: OK
pkg/netns/static_egress_ip_metal_test.go: OK
pkg/realtime/callback_outbox_migrate.go: OK
pkg/state/memstore_platform_tenant_cursor_test.go: OK
pkg/state/deployment_rootfs_fence_test.go: OK
pkg/e2etest/harness_coverage_test.go: OK
pkg/gateway/project_release_test.go: OK
pkg/e2etest/jobimage.go: OK
pkg/webhookdedupe/dedupe.go: OK
migrations/00236_edge_rules_kind_maintenance_test.go: OK
pkg/wire/metrics_prewarm.go: OK
pkg/gateway/egresssocket/egresssocket_test.go: OK
pkg/managedpostgres/postgres_cutover_store.go: OK
pkg/sched/runtime_snapshot_publisher.go: OK
pkg/state/prewarm_test.go: OK
migrations/00158_accounts_egress_allowlist_extra_test.go: OK
pkg/api/upstreams_circuit_breaker_test.go: OK
pkg/dispatch/contract_test.go: OK
pkg/gateway/tenant_request_budget.go: OK
cmd/vmmd/framework_ready_disk_test.go: OK
pkg/api/dev_bridge_test.go: OK
pkg/state/conformance/claim_cases.go: OK
pkg/state/pgstore_work_policies.go: OK
pkg/api/object_storage_usage_test.go: OK
pkg/dashboard/badge_test.go: OK
pkg/sched/command_cron_test.go: OK
pkg/sched/deployment_counter_watcher.go: OK
pkg/api/executions.go: OK
pkg/cosign/signer.go: OK
pkg/state/inbound_webhooks.go: OK
pkg/db/pool_metrics_test.go: OK
pkg/state/memstore_managed_realtime_drain_operation.go: OK
pkg/tcpd/supervisor.go: OK
pkg/builderd/vm_stub.go: OK
migrations/00297_triggers_test.go: OK
pkg/gateway/wake_full_latency_test.go: OK
pkg/builderd/builderd.go: OK
pkg/rootfs/safety_test.go: OK
pkg/state/pgstore_live_deployments_test.go: OK
pkg/state/memstore_managed_realtime.go: OK
pkg/outbound/route_policy.go: OK
pkg/state/platform_tenant_credentials_test.go: OK
migrations/00326_apps_public_auth_ip_allowlist_test.go: OK
pkg/vmmdgrpc/forward_pure_extra_test.go: OK
pkg/fcvm/restore_prefetch.go: OK
cmd/vmmd/managed_postgres_admission_test.go: OK
pkg/reposcan/convention.go: OK
pkg/vmmdgrpc/logs_test.go: OK
pkg/state/memstore_platform_tenants.go: OK
cmd/vmmd/workload_identity_config.go: OK
pkg/gateway/consumer_auth_test.go: OK
pkg/fcvm/resource_journal_test.go: OK
pkg/vmmdgrpc/forward_v2_internal_test.go: OK
api/proto/onebox/faas/apid/v1/advisory_grpc.pb.go: OK
pkg/daemonunitspec/vmmd_restart_test.go: OK
pkg/api/client_method_sweep2_test.go: OK
pkg/gateway/service_discovery_dns.go: OK
cmd/deployctl/main.go: OK
pkg/dashboard/request_explorer_links_test.go: OK
migrations/00095_apps_reassigned_at_test.go: OK
pkg/sched/placement_cpu_millicores_test.go: OK
pkg/wire/readiness_test.go: OK
pkg/reqbudget/middleware.go: OK
pkg/state/service_rollout_pg.go: OK
pkg/wire/docs.go: OK
cmd/vmmd/pki_warn_test.go: OK
pkg/state/pgstore_project_release_reads_test.go: OK
pkg/vmmdgrpc/forward_internal_test.go: OK
pkg/state/app_scaling_policy_convergence.go: OK
pkg/storage/oci_test.go: OK
pkg/fcvm/network_batch_test.go: OK
pkg/sched/drain_test.go: OK
pkg/netns/policy_test.go: OK
pkg/events/platform_test.go: OK
pkg/fcvm/leakcheck/residentbytes_test.go: OK
pkg/mail/auth.go: OK
migrations/20260927170719769_outbound_provider_cooldowns_test.go: OK
pkg/devbridge/webhook.go: OK
pkg/sched/execution_profiles_test.go: OK
pkg/trace/propagation_test.go: OK
pkg/fcvm/config_vmm_mega4_test.go: OK
migrations/00194_cron_fire_now_requests_test.go: OK
pkg/imaged/writefile_test.go: OK
pkg/sched/poller.go: OK
pkg/dependencytrace/dependency_test.go: OK
pkg/productcap/catalog.go: OK
migrations/00049_account_mfa_test.go: OK
pkg/outbound/provision.go: OK
pkg/auth/totp.go: OK
pkg/throttlerec/throttlerec_test.go: OK
pkg/appmetrics/appmetrics.go: OK
pkg/imaged/handler_pure_mega4_test.go: OK
pkg/gateway/trigger_classification.go: OK
pkg/apidgrpc/auth_client.go: OK
pkg/state/pgstore_platform_tenant_self_consumers.go: OK
pkg/e2etest/metalflag_metal.go: OK
pkg/apid/openapi_handler_test.go: OK
pkg/state/pgstore_coverage_test.go: OK
pkg/api/completion_cache.go: OK
guest/executor/executor_test.go: OK
pkg/builderd/vm_completion_metal_test.go: OK
pkg/manifest/toml_check_test.go: OK
pkg/state/memstore_org_activity_access_test.go: OK
pkg/sched/configure_internal_svc.go: OK
pkg/sched/workflow_output_order_test.go: OK
pkg/gateway/wake_page_test.go: OK
pkg/reservedip/metrics_test.go: OK
pkg/state/memstore_coverage_slice5_test.go: OK
guest/init/characterize_probe_linux_test.go: OK
pkg/state/retry_stage.go: OK
pkg/gateway/synth.go: OK
guest/init/postgres_binding_probe_linux_test.go: OK
pkg/securitytxt/security_test.go: OK
pkg/api/scaling_targets.go: OK
pkg/state/pgstore_account_release_webhooks_test.go: OK
pkg/jailsetup/timing.go: OK
pkg/state/pgstore_pure_mega4_test.go: OK
pkg/meter/rollup_pgtest_test.go: OK
pkg/mail/account.go: OK
pkg/state/memstore_job_usage.go: OK
pkg/auth/middleware/helpers_external_test.go: OK
pkg/state/memstore_pure_helpers_test.go: OK
pkg/api/openapi_contract.go: OK
migrations/20260927172451287_outbound_response_cache_test.go: OK
pkg/storage/meminfo_other.go: OK
pkg/state/reserved_ip_inventory_test.go: OK
pkg/state/memstore_tenant_surface_test.go: OK
migrations/00059_github_installations_test.go: OK
pkg/sched/egress_circuit_test.go: OK
pkg/state/deployment_sidecar_rams.go: OK
pkg/builderd/artifact_integrity_test.go: OK
pkg/fcvm/metrics.go: OK
cmd/vmmd/hostsize_linux.go: OK
pkg/renderer/toml_test.go: OK
pkg/edgejwks/verifier_test.go: OK
pkg/state/build_completion.go: OK
pkg/state/memstore_secret_class_test.go: OK
pkg/state/custom_domain_reclaim_test.go: OK
pkg/gateway/stale_routes.go: OK
cmd/vmmd/cpu_poller.go: OK
pkg/managedpostgres/postgres_binding_delivery.go: OK
pkg/gateway/egressgrpc/server_test.go: OK
pkg/reposcan/fly_test.go: OK
pkg/sched/reaper.go: OK
cmd/vmmd/egress_flow_log_test.go: OK
pkg/state/pgstore_object_usage.go: OK
pkg/imaged/base_validate_test.go: OK
pkg/state/object_storage_billing.go: OK
pkg/fcvm/vmm_service_replicas_metal_test.go: OK
pkg/imaged/gc.go: OK
migrations/00517_deployments_canary_step_started_at_not_null_test.go: OK
pkg/executionpayload/payload.go: OK
pkg/vmmdgrpc/forward_v2_test.go: OK
pkg/state/memstore_build_affinity_test.go: OK
pkg/mirror/rollup_test.go: OK
pkg/api/limits.go: OK
pkg/state/pgstore_jobs_atomic_capacity_test.go: OK
pkg/api/public_auth_caps_test.go: OK
pkg/state/github_deploy_branches_test.go: OK
pkg/logarchive/coverage_test.go: OK
pkg/billing/stripe/webhook.go: OK
pkg/fcvm/extension_hook_test.go: OK
pkg/mail/factory_test.go: OK
cmd/vmmd/sidecar_events_wire.go: OK
pkg/api/sidecar_resources_test.go: OK
pkg/wire/otelinit/trace_health.go: OK
pkg/billing/loader/loader_test.go: OK
cmd/vmmd/workload_identity_config_test.go: OK
pkg/state/pgstore_platform_tenant_offboarding.go: OK
pkg/gateway/service_proxy_flag_context_test.go: OK
guest/runners/internal/handler_failure.go: OK
pkg/reposcan/denylist_test.go: OK
pkg/state/memstore_cron_runs_test.go: OK
pkg/logdrain/sender_recovery_test.go: OK
api/proto/onebox/faas/apid/v1/app_errors.pb.go: OK
pkg/sched/targets/trigger.go: OK
guest/init/workload_oom_test.go: OK
pkg/state/memstore_job_registry_credentials_test.go: OK
pkg/fcvm/prepared_network.go: OK
pkg/state/pgstore_tail_count_test.go: OK
pkg/state/request_telemetry_log_event_test.go: OK
pkg/api/status_test.go: OK
pkg/mail/factory.go: OK
pkg/netns/egress_flows_list.go: OK
pkg/rootfs/app_mkfs_retry.go: OK
pkg/state/pgstore_safe_release_test.go: OK
pkg/imaged/base_stage.go: OK
pkg/vmmdgrpc/forward_raw_internal_test.go: OK
pkg/api/client_platform_tenant_reconciliation_test.go: OK
pkg/billing/stripe/webhook_test.go: OK
pkg/imaged/gc_rollback_window_test.go: OK
pkg/imaged/profile_manifest.go: OK
pkg/billing/window.go: OK
pkg/scheddgrpc/stats_sidecar_test.go: OK
pkg/sched/warm_pool_test.go: OK
pkg/fcvm/mount_helper_test.go: OK
pkg/builderd/profile.go: OK
pkg/extension/lifecycle_test.go: OK
pkg/sched/platform_identity.go: OK
pkg/meter/meter_cap_test.go: OK
pkg/state/conformance/deployment_runtime_profile_cases.go: OK
pkg/sched/framework_ready.go: OK
pkg/fcvm/activity/doc.go: OK
pkg/state/memstore_tail_count_test.go: OK
pkg/state/memstore_platform_tenant_reconciliation.go: OK
pkg/preflight/httphandler.go: OK
migrations/20260912142703123_billing_identity_test.go: OK
pkg/vmmdgrpc/forward_tcp.go: OK
guest/init/main_linux.go: OK
migrations/20260917121927316_edge_rule_change_log_replay_test.go: OK
pkg/api/mfa.go: OK
pkg/vmmdgrpc/stream_bridge_manager_test.go: OK
pkg/gateway/pgbackend_version_affinity_test.go: OK
pkg/storage/local_test.go: OK
pkg/state/pgstore_migration_test.go: OK
pkg/state/memstore_data_upstreams_mega5_test.go: OK
pkg/fcvm/staged_path_test.go: OK
pkg/state/pgstore_concurrency_queue.go: OK
guest/runners/internal/workerpool/pool.go: OK
pkg/state/pgstore_platform_tenant_webhooks.go: OK
pkg/fcvm/doc.go: OK
migrations/00345_edge_rules_kind_cache_test.go: OK
cmd/vmmd/hostsize_other.go: OK
pkg/sched/running_reason_test.go: OK
pkg/sched/deletion_subscriber_test.go: OK
pkg/deploycontroller/dryrun.go: OK
pkg/fleetseal/fleetseal.go: OK
pkg/servicecaller/http.go: OK
cmd/vmmd/workload_oom_metal_test.go: OK
pkg/sched/migration_harness_test.go: OK
pkg/fcvm/prepared_network_test.go: OK
pkg/sched/scaleup/decide_test.go: OK
pkg/sched/overage.go: OK
pkg/gateway/guest_execution_evidence.go: OK
pkg/managedpostgres/provisioning_gate.go: OK
pkg/githubd/checks_test.go: OK
pkg/state/app_work_policies.go: OK
guest/runners/internal/response_headers_test.go: OK
pkg/builderd/residency.go: OK
guest/init/characterize_linux_test.go: OK
pkg/sched/execution_claim_resolver_test.go: OK
pkg/state/pgstore_org_activity_test.go: OK
pkg/sched/poller_queue.go: OK
guest/runners/internal/runnerparity/parity.go: OK
pkg/events/matcher_test.go: OK
pkg/state/pgstore_api_consumer_rate_cards.go: OK
pkg/reconcile/diff.go: OK
pkg/gateway/dev_bridge_test.go: OK
pkg/fcvm/resource_links_linux.go: OK
migrations/20260926130000001_scheduler_scaling_policy_convergence_test.go: OK
pkg/sched/capacity_engine_test.go: OK
pkg/daemonunitspec/gatewayd_public.go: OK
pkg/canary/circuit_breaker.go: OK
pkg/daemonunitspec/control_plane_pki_leaves_test.go: OK
pkg/state/pgstore_feature_flag_outcomes_test.go: OK
pkg/workloadidentity/verify_test.go: OK
pkg/sched/targets/admission_backoff.go: OK
pkg/devbridge/propagation.go: OK
pkg/state/service_caller_keys_test.go: OK
api/proto/onebox/faas/apid/v1/app_errors_grpc.pb.go: OK
guest/runners/python313/main.go: OK
pkg/releaseinstall/bundle.go: OK
pkg/fcvm/tail_metal_linux_test.go: OK
pkg/imaged/loop.go: OK
pkg/authcode/hmac.go: OK
pkg/api/paging.go: OK
pkg/outbound/handler_compatibility_test.go: OK
pkg/state/invocation_destination_outbox.go: OK
pkg/dependencytrace/dependency.go: OK
pkg/gateway/spans_accumulator.go: OK
pkg/api/env_scope.go: OK
pkg/daemonunitspec/bridged.go: OK
pkg/state/pgstore_account_side_reads_test.go: OK
pkg/s3gateway/rekey_test.go: OK
pkg/gateway/portnorm.go: OK
pkg/gateway/writegate/leader_resolver_pg_test.go: OK
cmd/vmmd/register.go: OK
pkg/sched/admission_test.go: OK
pkg/servicecaller/jwks.go: OK
pkg/githubd/changedfiles_test.go: OK
pkg/managedpostgres/qualification_poll.go: OK
pkg/oci/image.go: OK
migrations/00191_app_secrets_kid_test.go: OK
migrations/20260924040027291_verify_legacy_job_artifacts_test.go: OK
pkg/managedpostgres/memory_usage_store.go: OK
pkg/gateway/certsync/certsync.go: OK
pkg/sched/prime_recovery_test.go: OK
pkg/vmmdgrpc/execution_stream.go: OK
pkg/meter/bounce_handler.go: OK
pkg/frameworkprofile/tarball.go: OK
pkg/apislogs/sse.go: OK
pkg/meter/request_telemetry_partitions.go: OK
pkg/triggerconfig/config.go: OK
pkg/db/migrate.go: OK
guest/runners/internal/framework_ready.go: OK
pkg/sched/engine_stop_test.go: OK
pkg/meter/storage.go: OK
pkg/fcvm/prepared_network_other.go: OK
pkg/state/memstore_object_usage.go: OK
pkg/state/invocation_version_test.go: OK
pkg/fcvm/wake_failure_test.go: OK
migrations/managed_realtime_channel_route_target_notifications_test.go: OK
pkg/sched/rate_limit.go: OK
pkg/netns/allowlist_metal_test.go: OK
migrations/00070_snapshot_storage_daily_test.go: OK
pkg/db/migrate_reconcile_test.go: OK
pkg/state/memstore_api_consumer_usage_statements.go: OK
pkg/fcvm/resource_links.go: OK
pkg/state/github_deploy_policy.go: OK
pkg/trace/config.go: OK
pkg/privatenetwork/configured_connector.go: OK
pkg/devbridge/relay_test.go: OK
pkg/gateway/consumer_auth_toucher_test.go: OK
pkg/state/memstore_platform_tenant_rate_cards.go: OK
cmd/vmmd/egress_static_ip_bundle_test.go: OK
pkg/gateway/gate_fuzz_test.go: OK
pkg/state/preview_set_batch.go: OK
pkg/objectstorage/gcs_usage.go: OK
pkg/state/conformance/work_policy_cases.go: OK
pkg/managedpostgres/usage_progress.go: OK
pkg/gateway/initial_wake_burst.go: OK
pkg/api/characterization_test.go: OK
pkg/vmmdgrpc/migration_tracker_test.go: OK
pkg/daemonunitspec/ansible_role_wiring_test.go: OK
pkg/reposcan/workspaces.go: OK
pkg/mail/mail_test.go: OK
pkg/state/conformance/scenario_test_cases.go: OK
pkg/api/service_reliability_test.go: OK
pkg/sched/paths_pure_extra_test.go: OK
pkg/api/deploy_validation.go: OK
pkg/state/managed_realtime_channel_route_listener.go: OK
pkg/rootfs/passwd_table_test.go: OK
pkg/authcode/recovery.go: OK
pkg/preflight/httphandler_test.go: OK
migrations/20260928221300662_oidc_environment_preflight_capability_test.go: OK
pkg/state/app_cpu_policy.go: OK
guest/runners/node22/tail_host_integration.go: OK
pkg/state/memstore_object_s3_credentials.go: OK
pkg/api/operator_config.go: OK
pkg/deploydiff/safe_release_preview_test.go: OK
pkg/browser/browser_test.go: OK
pkg/api/dto_mirror_test.go: OK
pkg/releaseinstall/sbom_test.go: OK
pkg/imaged/source_ref_freshness.go: OK
pkg/gateway/edge_rules_async_test.go: OK
cmd/vmmd/egress_denied_poller.go: OK
pkg/state/memstore_org_activity_access.go: OK
pkg/db/notify.go: OK
pkg/billing/paddle/pure_helpers_test.go: OK
pkg/state/account_release_webhooks.go: OK
pkg/state/email_verification_test.go: OK
guest/init/main_other.go: OK
pkg/billing/coverage_test.go: OK
pkg/state/memstore_wake_count.go: OK
pkg/wire/pgverifier_loader_test.go: OK
pkg/api/limits_traffic_primitives_test.go: OK
pkg/gateway/session_affinity_test.go: OK
pkg/releaseinstall/bundle_test.go: OK
pkg/reqbudget/routes.go: OK
pkg/db/migrate_advisory.go: OK
cmd/vmmd/workload_identity_recv_linux.go: OK
pkg/objectstorage/gcs.go: OK
pkg/vmmdgrpc/forward_v2_lifecycle_test.go: OK
pkg/state/pgstore_alert_rules_test.go: OK
pkg/meter/pusher_shadow_test.go: OK
pkg/gateway/otel_spans_handler_test.go: OK
pkg/state/egress_flow_log_test.go: OK
pkg/fcvm/liveness_reason.go: OK
pkg/state/pgstore_object_s3_credentials.go: OK
pkg/db/pgtest/pgtest.go: OK
pkg/meter/retention_test.go: OK
pkg/state/pgstore_invitation_inv_test.go: OK
pkg/daemonunit/notify.go: OK
pkg/rootfs/overlay_whiteout_linux.go: OK
pkg/meter/loop.go: OK
pkg/fcvm/healthcheck_test.go: OK
pkg/state/pgstore_platform_tenant_delegated_hostnames_test.go: OK
pkg/githubd/lifecycle.go: OK
guest/init/cgroup_partition_linux_test.go: OK
pkg/storage/router.go: OK
pkg/state/memstore_app_webhooks.go: OK
pkg/githubdgrpc/bufconn_test.go: OK
pkg/sched/paths_test.go: OK
pkg/state/pgstore_outbound_bindings_test.go: OK
pkg/billing/platform_tenant_statements_test.go: OK
pkg/state/conformance/fire_now_owner_cases.go: OK
pkg/promql/queries_test.go: OK
pkg/vmmdgrpc/seccomp_test.go: OK
pkg/sched/warmaffinity.go: OK
migrations/00222_app_errors_test.go: OK
migrations/20260928100759444_github_oidc_binding_ids_test.go: OK
pkg/githubdgrpc/types.go: OK
pkg/state/pgstore_org_activity.go: OK
pkg/billing/loader/config.go: OK
pkg/vmmdmount/mount_test.go: OK
pkg/imaged/replicator.go: OK
pkg/secretbox/filemode_test.go: OK
pkg/fcvm/readiness_test.go: OK
pkg/builderd/build_environment.go: OK
pkg/edgevalidate/cache_test.go: OK
cmd/vmmd/host_journal_metrics_test.go: OK
pkg/state/trigger_claim.go: OK
pkg/state/pgstore_private_networks_coverage_test.go: OK
pkg/runtimepolicyproto/cpu.go: OK
pkg/servicecaller/jwks_test.go: OK
pkg/api/client_deployment_aliases.go: OK
pkg/sched/targets/doc.go: OK
pkg/fcvm/instance_flight.go: OK
pkg/sched/deletion_subscriber.go: OK
pkg/sched/poller_redis_streams.go: OK
pkg/state/memstore_platform_tenant_credentials.go: OK
pkg/workpolicy/policy_test.go: OK
pkg/gateway/handler_apply_edge_rule_cache_helpers_host_test.go: OK
pkg/httpjson/decode.go: OK
pkg/fcvm/projected_workload_bytes_test.go: OK
pkg/issues/grouping_test.go: OK
pkg/githubd/check_outbox.go: OK
pkg/e2etest/builderd_config_test.go: OK
pkg/managedpostgres/health_test.go: OK
pkg/fcvm/alloc_property_test.go: OK
cmd/vmmd/readiness_recv_other.go: OK
pkg/privatenetwork/metrics_test.go: OK
pkg/fcvm/sidecar_metal_test.go: OK
pkg/edgevalidate/jsonschema.go: OK
pkg/api/diff_test.go: OK
pkg/api/egress_ports.go: OK
pkg/objectstorage/upload_test.go: OK
pkg/api/projects.go: OK
pkg/wire/by_name_test.go: OK
pkg/sched/app_delete_subscriber.go: OK
pkg/sched/scaleup/trigger.go: OK
pkg/builderd/build_environment_cache_test.go: OK
pkg/api/object_storage.go: OK
pkg/state/pgstore_app_log_drain_health.go: OK
pkg/state/pgstore_auto_rollback_test.go: OK
pkg/gateway/route_template.go: OK
pkg/state/load_and_stamp_quota_warning_test.go: OK
pkg/oci/pure_helpers_test.go: OK
guest/init/service_binding_probe_linux_test.go: OK
pkg/gateway/project_release.go: OK
pkg/sched/scalesignal/scalesignal.go: OK
pkg/api/workflow_input.go: OK
pkg/state/pgstore_build_claim_test.go: OK
pkg/imaged/mode_activation_test.go: OK
pkg/builderd/build_affinity_test.go: OK
pkg/imaged/snapshot_ownership_test.go: OK
pkg/api/dto_sidecars_test.go: OK
pkg/state/app_request_rate_policy_pg_test.go: OK
guest/runners/internal/framework_ready_async_test.go: OK
pkg/trace/otlp_metrics.go: OK
pkg/auth/hash_test.go: OK
pkg/imaged/handler_b15_test.go: OK
pkg/roleTemplating/role_test.go: OK
pkg/secretscan/scan_file_test.go: OK
cmd/vmmd/sidecar_events_through_platform.go: OK
pkg/gateway/mirror_dispatch.go: OK
pkg/reconcile/platform_tenant_policy_test.go: OK
pkg/state/pgstore_request_audit.go: OK
pkg/gateway/synth_internal_only_test.go: OK
pkg/fcvm/resource_assets_test.go: OK
pkg/netns/egress_circuit.go: OK
pkg/api/uuid.go: OK
pkg/vmmdgrpc/guest_http_client_test.go: OK
api/proto/onebox/faas/apid/v1/realtime_history_grpc.pb.go: OK
pkg/state/pgstore_trusted_signers_test.go: OK
pkg/fcvm/mount_helper.go: OK
pkg/usageoutbox/outbox.go: OK
pkg/meter/residency.go: OK
pkg/meter/doc.go: OK
pkg/api/cache_tags_test.go: OK
pkg/rootfs/build_base.go: OK
pkg/imaged/job_registry_auth.go: OK
migrations/00069_metering_ops_surfaces_test.go: OK
pkg/billing/polar/provider.go: OK
pkg/apidgrpc/spans_writer_client.go: OK
pkg/daemonunitspec/node_exporter_role_test.go: OK
pkg/billing/polar/config.go: OK
pkg/gateway/cert_renewer.go: OK
pkg/api/static_egress_ip_validate_test.go: OK
pkg/preflight/contract.go: OK
pkg/gateway/environment_host.go: OK
pkg/state/revision_pins_test.go: OK
migrations/20260910193142536_jobs_cron_contract_repair_test.go: OK
pkg/api/errors_chain_test.go: OK
pkg/gateway/service_discovery_dns_test.go: OK
guest/executor/artifacts.go: OK
pkg/gateway/pgbackend.go: OK
pkg/state/preview_lifecycle.go: OK
pkg/state/memstore_retained_layer_bytes_test.go: OK
pkg/sched/dispatch_workflows_condition_pgtest_test.go: OK
pkg/state/memstore_consumer_keys_test.go: OK
pkg/fcvm/app_admission_metal_test.go: OK
pkg/privatenetwork/health_test.go: OK
pkg/sched/engine_scope.go: OK
pkg/billing/stripe/refund_test.go: OK
guest/init/workload_identity_linux_test.go: OK
pkg/managedpostgres/reconciler_test.go: OK
pkg/imaged/job_materialization_test.go: OK
pkg/netns/policy.go: OK
pkg/meter/usage_summary.go: OK
pkg/objectstorage/provider.go: OK
pkg/state/conformance/coverage_test.go: OK
pkg/sched/runtime_snapshot_publisher_test.go: OK
migrations/00280_paddle_overage_pushed_mb_seconds_test.go: OK
migrations/00506_repair_static_egress_schema_test.go: OK
pkg/fcvm/restore_timing_bench_metal_test.go: OK
cmd/vmmd/framework_ready_event_publish_test.go: OK
migrations/00213_deployments_scope_test.go: OK
pkg/gateway/writegate/writegate.go: OK
pkg/e2etest/fakeregistry.go: OK
pkg/sched/targets/custom_metric_test.go: OK
pkg/webhookout/webhookout.go: OK
pkg/managedpostgres/binding_reconciler.go: OK
pkg/billing/stripe/errors.go: OK
cmd/vmmd/readiness_recv_test.go: OK
pkg/devbridge/reconnect.go: OK
guest/runners/internal/response_headers.go: OK
pkg/storage/cache_group_linux_test.go: OK
pkg/wire/otelinit/sampler_test.go: OK
pkg/sched/warm_pool_promote.go: OK
pkg/state/pgstore_openapi_import.go: OK
pkg/state/memstore_alert_rules_test.go: OK
pkg/api/client_deployment_aliases_test.go: OK
pkg/state/pgstore_project_environment_qualifications_test.go: OK
migrations/00053_deployments_source_url_test.go: OK
pkg/middleware/traceid.go: OK
pkg/mail/account_test.go: OK
pkg/objectstorage/usage_exporter.go: OK
pkg/state/memstore_status_history_test.go: OK
pkg/gateway/idle_target_validation_test.go: OK
pkg/sched/deployment_runtime.go: OK
migrations/00134_api_keys_org_bound_test.go: OK
pkg/vmmdgrpc/migration_handlers.go: OK
pkg/gateway/trace_setup.go: OK
pkg/wire/tls_rotator_test.go: OK
pkg/wire/platform_identity_contract_test.go: OK
migrations/00103_instances_migrated_from_test.go: OK
cmd/vmmd/network_poller.go: OK
pkg/imaged/apply_overrides.go: OK
pkg/cronexpr/cronexpr_fuzz_test.go: OK
pkg/mirror/rollup.go: OK
pkg/billing/polar/errors.go: OK
pkg/state/pgstore_auth_lifecycle_test.go: OK
pkg/state/pgstore_heartbeat_retention_test.go: OK
pkg/presetwhy/presetwhy_test.go: OK
guest/executor/process_other.go: OK
pkg/api/account_rate_limits_test.go: OK
guest/runners/internal/execution_evidence_test.go: OK
pkg/state/runtime_snapshots.go: OK
pkg/sched/app_task_coordinator_test.go: OK
pkg/jailsetup/run_other.go: OK
pkg/db/migrate_advisory_test.go: OK
pkg/sched/deadnode_reconciler.go: OK
pkg/reposcan/scan_test.go: OK
pkg/fcvm/restore_prefetch_test.go: OK
pkg/gateway/spans_accumulator_test.go: OK
pkg/imaged/platform_test.go: OK
pkg/sched/logs.go: OK
migrations/00065_compute_node_heartbeats_test.go: OK
pkg/billing/paddle/catalog_property_test.go: OK
pkg/state/route_inventory_test.go: OK
pkg/builderd/slot.go: OK
pkg/builderd/dispatch_test.go: OK
pkg/fcvm/restore_prefetch_other.go: OK
pkg/state/pgstore_ratelimit_test.go: OK
pkg/privatenetwork/metrics.go: OK
pkg/state/work_policy_cancellation.go: OK
pkg/state/platform_tenant_self_consumers.go: OK
pkg/oidc/handler_test.go: OK
pkg/state/pgstore_reserved_ip_inventory_test.go: OK
pkg/gateway/handler_test.go: OK
pkg/state/memstore_sweep_extra_test.go: OK
migrations/20260919120000001_control_plane_change_log_test.go: OK
pkg/state/platform_tenant_rate_cards_test.go: OK
pkg/state/custom_domain_polling.go: OK
pkg/session/manager_test.go: OK
pkg/api/multipart_rollout_test.go: OK
pkg/imaged/base_test.go: OK
pkg/gateway/service_proxy.go: OK
pkg/state/pgstore_project_environment_edge_policies_test.go: OK
pkg/builderd/warm_test.go: OK
guest/init/after_restore_linux.go: OK
pkg/openapidiff/compare_additive.go: OK
pkg/githubd/checks.go: OK
pkg/fcvm/image_mount_linux.go: OK
pkg/auth/totp_test.go: OK
pkg/api/cors_preset_dto.go: OK
pkg/builderd/drive_test.go: OK
pkg/state/pgstore_queues_read_test.go: OK
pkg/managedpostgres/lifecycle_qualification_test.go: OK
pkg/apihostingreceipt/receipt.go: OK
pkg/gregalemanifest/work_policies_test.go: OK
pkg/dashboard/badge.go: OK
guest/init/main_linux_listen_resume_test.go: OK
pkg/devbridge/websocket.go: OK
pkg/sched/execution_backend_vmmd_test.go: OK
pkg/api/service_bindings.go: OK
pkg/state/pgstore_app_park_outbox.go: OK
pkg/sched/drain.go: OK
pkg/sched/floor/decide_test.go: OK
pkg/db/wait_for.go: OK
pkg/sched/capacity_sign.go: OK
pkg/state/pgstore_request_telemetry_logs_test.go: OK
pkg/gateway/dev_bridge.go: OK
pkg/builderd/testhelpers_test.go: OK
pkg/billing/credit_consume_test.go: OK
pkg/sched/loop_instancestats_test.go: OK
pkg/releaseinstall/cosign_test.go: OK
guest/init/workload_dependencies_linux.go: OK
pkg/state/memstore_runtime_snapshots.go: OK
pkg/meter/pusher.go: OK
pkg/wire/pgverifier_loader.go: OK
cmd/vmmd/sidecar_events_emit.go: OK
pkg/state/app_private_network_attachments_test.go: OK
pkg/sched/targets/trigger_test.go: OK
pkg/fcvm/restore_concurrency_test.go: OK
pkg/state/custom_domain_wildcard.go: OK
guest/runners/internal/execution_evidence.go: OK
pkg/state/memstore_object_multipart_uploads.go: OK
pkg/sched/poller_leakcheck_test.go: OK
pkg/gateway/admission_queue_test.go: OK
pkg/state/memstore_build_completion.go: OK
pkg/e2etest/buildtags_metal.go: OK
pkg/managedpostgres/binding_service_test.go: OK
pkg/state/memstore_epic1184_coverage_test.go: OK
pkg/sched/poller_sqs.go: OK
pkg/releaseinstall/tarball_test.go: OK
pkg/managedpostgres/postgres_cutover_task_admission_test.go: OK
pkg/gateway/metrics.go: OK
pkg/safedeploy/action_test.go: OK
pkg/githubd/server.go: OK
pkg/sched/initial_wake_burst_test.go: OK
pkg/wire/httpmetrics.go: OK
pkg/state/work_policy_test.go: OK
pkg/wire/peer.go: OK
migrations/00271_compute_nodes_release_test.go: OK
pkg/wire/metrics.go: OK
pkg/meter/upstream_partitions.go: OK
pkg/api/sidecar_resources.go: OK
pkg/state/project_release_reads_mem_test.go: OK
pkg/state/app_soft_delete_test.go: OK
pkg/fcvm/cgroup_test.go: OK
pkg/state/private_networks.go: OK
pkg/realtime/http.go: OK
guest/init/workload_linux_test.go: OK
migrations/20260915120000001_repair_terminal_deployment_stage_state_test.go: OK
pkg/managedpostgres/neon/client.go: OK
pkg/billing/paddle/upgrade_test.go: OK
pkg/githubdgrpc/handlers_round_trip_test.go: OK
pkg/sched/migration_handoff_test.go: OK
pkg/daemonunitspec/registry.go: OK
pkg/meter/usage_summary_test.go: OK
pkg/reposcan/appyaml_test.go: OK
pkg/mail/auth_test.go: OK
pkg/state/pgstore_cluster_keys.go: OK
pkg/storage/cache_budget_test.go: OK
pkg/api/oidc.go: OK
pkg/api/headers.go: OK
pkg/sched/watchdog_test.go: OK
pkg/runtimeconfig/flag.go: OK
pkg/logdrain/queue_recovery_test.go: OK
pkg/api/object_storage_usage_v2.go: OK
pkg/fcvm/app_admission_test.go: OK
pkg/state/pgstore_fire_now.go: OK
pkg/sourcecontext/root.go: OK
pkg/oci/blobcache_test.go: OK
pkg/gateway/public_auth_test.go: OK
migrations/20260923160233763_preview_deleted_workload_identity_test.go: OK
pkg/openapidiff/differ.go: OK
pkg/billing/managed_postgres_test.go: OK
pkg/api/canary/preset_test.go: OK
cmd/vmmd/mount_helper_linux.go: OK
pkg/sched/snapshot_backoff.go: OK
pkg/builderd/mount_helpers.go: OK
guest/init/disk_telemetry_linux.go: OK
migrations/00090_apps_node_shard_test.go: OK
pkg/fcvm/resource_placement_metal_test.go: OK
pkg/flags/flags.go: OK
migrations/00037_app_runtime_go124_test.go: OK
migrations/00290_deployment_error_explanation_test.go: OK
pkg/e2etest/start_order_test.go: OK
pkg/reposcan/dependencies_test.go: OK
pkg/e2etest/storage_env_test.go: OK
pkg/state/platform_tenant_self_consumer_apply_test.go: OK
pkg/state/platform_tenant_access_test.go: OK
pkg/fcvm/alloc.go: OK
pkg/builderd/pure_helpers_test.go: OK
pkg/state/event_subscriptions.go: OK
guest/init/sidecar_events_proxy_linux_test.go: OK
guest/init/framework_ready_emit.go: OK
guest/runners/internal/tail_host_test.go: OK
pkg/state/host_port_leases.go: OK
pkg/state/revision_pins.go: OK
pkg/webhookout/webhookout_test.go: OK
pkg/state/openapi_capture.go: OK
api/proto/onebox/faas/githubd/v1/githubd.pb.go: OK
pkg/state/account_abuse_hold.go: OK
pkg/state/pgstore_api_consumer_usage_statement_handoffs.go: OK
pkg/sched/node_reservation.go: OK
migrations/embed_test.go: OK
pkg/abusescan/scan_test.go: OK
pkg/state/memstore_coverage_slice14_test.go: OK
pkg/fcvm/testdata/framework-ready/main.go: OK
pkg/state/log_events_test.go: OK
pkg/gateway/egresssink/sink_test.go: OK
migrations/00066_usage_minutes_egress_test.go: OK
pkg/mail/stack_test.go: OK
pkg/oci/errors.go: OK
pkg/state/pgstore_latest_snapshot_bytes_sql_test.go: OK
migrations/00217_app_secrets_scope_test.go: OK
pkg/builderd/cache_observability_test.go: OK
pkg/auth/middleware/context.go: OK
pkg/vmmdgrpc/forward_test.go: OK
pkg/githubd/pull_request_current.go: OK
pkg/meter/loop_floor_emit_test.go: OK
pkg/rootfs/layer.go: OK
pkg/api/client_latest_deployment_test.go: OK
pkg/sched/recentload/recentload.go: OK
pkg/wire/daemon_internal_test.go: OK
pkg/state/pgstore_log_events.go: OK
migrations/00118_deployments_sidecars_test.go: OK
pkg/fcvm/execution_session_test.go: OK
pkg/api/dto_slo_test.go: OK
migrations/20260929084122537_account_abuse_hold_test.go: OK
pkg/gateway/handler_edge_rule_convergence_test.go: OK
pkg/state/pgstore_managed_realtime_history_test.go: OK
pkg/imaged/base_stage_test.go: OK
pkg/wire/scan_keys.go: OK
api/proto/onebox/faas/schedd/v1/schedd_grpc.pb.go: OK
pkg/overlay/overlay.go: OK
pkg/fcvm/cgroupstats/sort_instance_infos_test.go: OK
pkg/fcvm/app_task_session_test.go: OK
pkg/fcvm/cpustats/cache.go: OK
pkg/state/object_bucket_access_test.go: OK
pkg/state/dev_bridge.go: OK
pkg/sched/jobs_lifecycle_test.go: OK
pkg/state/sqlc/querier.go: OK
pkg/gateway/consumer_auth.go: OK
pkg/meter/fakes_test.go: OK
guest/executor/executor.go: OK
migrations/00051_crons_app_full_idx_test.go: OK
pkg/daemonunitspec/builderd.go: OK
cmd/vmmd/metrics_mux.go: OK
pkg/api/scaling_schedules.go: OK
pkg/state/memstore_paddle_overage_schema_test.go: OK
pkg/managedpostgres/neon/credential_templates_test.go: OK
migrations/00156_apps_auth_default_flip_test.go: OK
pkg/gateway/writegate/leader_resolver_pg.go: OK
guest/init/passwd_linux.go: OK
pkg/state/conformance/app_restore_cases.go: OK
pkg/publicstatus/model.go: OK
pkg/fcvm/config_test.go: OK
pkg/reqbudget/budget_test.go: OK
pkg/dispatch/doc.go: OK
pkg/gateway/stream_session.go: OK
pkg/imaged/source_ref_freshness_test.go: OK
pkg/oidc/rfc8693.go: OK
pkg/httpsec/headers_test.go: OK
pkg/wire/logging_extra_test.go: OK
pkg/sched/dispatch_response_bounds_test.go: OK
pkg/safedeploy/action.go: OK
pkg/fcvm/vmm_otel_test.go: OK
pkg/githubd/pull_request_current_test.go: OK
pkg/api/webhooks.go: OK
pkg/api/cors_origin.go: OK
pkg/githubd/preview_dependencies_test.go: OK
pkg/gateway/deployment_label_set_test.go: OK
pkg/s3gateway/aws_chunked.go: OK
pkg/api/public_auth.go: OK
pkg/managedpostgres/reconciler.go: OK
pkg/state/preview_teardown.go: OK
pkg/gateway/egressgrpc/server_integration_test.go: OK
pkg/mail/webhook_signature.go: OK
pkg/githubd/webhook.go: OK
pkg/fcvm/framework_ready_metal_test.go: OK
pkg/state/memstore_app_webhooks_test.go: OK
pkg/api/project_slug_test.go: OK
pkg/state/app_min_instances_effective.go: OK
pkg/state/org_activity_outbox.go: OK
migrations/00478_deployment_audit_backfill_90d_test.go: OK
pkg/state/snapshot_artifacts.go: OK
guest/init/job_supervisor_common.go: OK
pkg/gateway/preview_parser.go: OK
pkg/state/scaling_schedule_test.go: OK
pkg/privatenetwork/peering_reconciler_test.go: OK
pkg/cosign/keys.go: OK
pkg/sched/overage_test.go: OK
pkg/imaged/runtime_base_contract_test.go: OK
pkg/gateway/wake_phase_trace_test.go: OK
guest/runners/internal/h2c_listener.go: OK
pkg/state/app_egress_allowlist_test.go: OK
pkg/state/pgstore_preview_scope_test.go: OK
pkg/billing/polar/provider_test.go: OK
pkg/gateway/warmup_test.go: OK
pkg/gateway/retry_test.go: OK
pkg/api/registry_auth.go: OK
pkg/githubd/memstore_bindings.go: OK
pkg/billing/paddle/webhook.go: OK
pkg/api/errors_sweep2_test.go: OK
pkg/sched/snapshot_locality_test.go: OK
pkg/gateway/tls_wire.go: OK
pkg/api/app_protocol.go: OK
pkg/meter/aggregator.go: OK
pkg/api/upstreams_test.go: OK
pkg/api/env_scope_test.go: OK
pkg/gateway/partial_wake_test.go: OK
pkg/oauthpkce/pkce_test.go: OK
pkg/fcvm/wake_test.go: OK
pkg/githubd/installation_sync_test.go: OK
pkg/edgeruletrace/trace.go: OK
guest/init/secret_reload_linux.go: OK
pkg/gitfetch/http.go: OK
pkg/tarball/root_test.go: OK
pkg/oci/inspect.go: OK
pkg/state/memstore_app_log_drain_health_edge_test.go: OK
pkg/auth/hash.go: OK
cmd/vmmd-jail-helper/main.go: OK
pkg/sched/fleet_multinode_test.go: OK
pkg/reposcan/k8s_test.go: OK
pkg/state/event_fanout_replay_test.go: OK
pkg/state/preview_app_scope_test.go: OK
pkg/state/memstore_sidecar_test.go: OK
pkg/storage/cache_budget.go: OK
pkg/mirror/rollup_pgtest_test.go: OK
pkg/deploycontroller/controller.go: OK
pkg/secretbox/seal_test.go: OK
pkg/state/pgstore_api_consumers.go: OK
pkg/api/errors_sweep_test.go: OK
pkg/sched/runtime_config_restart.go: OK
pkg/state/pgstore_sweep_test.go: OK
pkg/vmmdgrpc/wake_correlation_test.go: OK
pkg/oci/blobcache.go: OK
pkg/builderd/dispatch.go: OK
pkg/api/app_tasks_client.go: OK
migrations/00052_build_provenance_test.go: OK
cmd/vmmd/guest_vsock_receiver_health_test.go: OK
pkg/state/custom_metrics.go: OK
pkg/managedpostgres/metrics.go: OK
pkg/state/reserved_ips_test.go: OK
pkg/safetext/safetext.go: OK
migrations/00144_api_keys_provenance_test.go: OK
pkg/state/platform_tenant_statements_test.go: OK
pkg/fleetseal/fleetseal_test.go: OK
pkg/gateway/public_auth_internal_only_test.go: OK
pkg/reposcan/denylist.go: OK
pkg/preflight/cost.go: OK
guest/init/framework_ready_proxy_linux.go: OK
pkg/api/edge_rule_path_test.go: OK
pkg/sched/prime_failure_diagnostics_test.go: OK
pkg/managedpostgres/health_metrics_test.go: OK
pkg/state/pgstore_platform_tenants.go: OK
pkg/managedpostgres/health.go: OK
pkg/sched/smoke_refusal_test.go: OK
pkg/gateway/handler_cache_security_test.go: OK
pkg/state/pgstore_managed_realtime_history.go: OK
pkg/gateway/rule_label_set.go: OK
pkg/state/account_deploy_rate_test.go: OK
pkg/state/snapshot_replica_mem.go: OK
migrations/00145_sessions_binding_test.go: OK
pkg/state/object_s3_credentials.go: OK
pkg/state/pgstore_managed_realtime_owners_test.go: OK
pkg/gateway/warmhint_cache.go: OK
pkg/imaged/job_legacy_verification_test.go: OK
pkg/sched/engine_test.go: OK
migrations/20260918190000004_app_tcp_listeners_test.go: OK
migrations/00043_app_runtime_go124_alpine_test.go: OK
pkg/state/pgstore_github_deploy_policy_test.go: OK
pkg/githubd/branch_head.go: OK
pkg/meter/combined_cap_test.go: OK
pkg/networkip/lease.go: OK
pkg/api/registry_auth_test.go: OK
pkg/preflight/assess.go: OK
pkg/storage/env_test.go: OK
pkg/meter/sampler_floor_pgtest_test.go: OK
pkg/sched/flowcount/doc.go: OK
pkg/sched/admission_pure_test.go: OK
pkg/vmmdgrpc/build_instance_stats_row_test.go: OK
cmd/vmmd/framework_ready_reporter.go: OK
pkg/flags/context.go: OK
pkg/browser/browser.go: OK
pkg/gateway/scheduler_test.go: OK
pkg/state/memstore_object_upload_routes.go: OK
pkg/fcvm/manager_setter_coverage_test.go: OK
pkg/state/pgstore_audit_log_p4_test.go: OK
pkg/oci/registry_timeout_test.go: OK
pkg/state/project_environment_qualifications_test.go: OK
pkg/realtime/realtime_test.go: OK
pkg/state/safe_release_worker_lease.go: OK
pkg/state/memstore_managed_realtime_owners.go: OK
pkg/api/prewarm.go: OK
pkg/fcvm/leakcheck/leakcheck.go: OK
guest/init/main_linux_test.go: OK
pkg/api/status.go: OK
pkg/state/account_deploy_rate.go: OK
pkg/hostport/allocator_test.go: OK
migrations/version_test.go: OK
pkg/builderd/detect.go: OK
pkg/objectstorage/config.go: OK
pkg/state/memstore_app_wake_outbox_test.go: OK
pkg/state/request_id_journal.go: OK
pkg/e2etest/twonode_sql.go: OK
pkg/meter/dunning.go: OK
pkg/api/wake_timeline.go: OK
pkg/dashboard/views/render_test.go: OK
guest/runners/internal/framework_ready_testhook.go: OK
pkg/state/pgstore_concurrency_queue_test.go: OK
migrations/00220_preview_app_columns_test.go: OK
pkg/releaseinstall/bundle_inputs_test.go: OK
cmd/vmmd/liveness_recv_other.go: OK
pkg/state/memstore_request_telemetry_mega5_test.go: OK
pkg/gateway/trace_ring.go: OK
pkg/tcpd/state_resolver.go: OK
pkg/state/scheduled_work.go: OK
pkg/releaseinstall/sbom.go: OK
pkg/publicstatus/model_test.go: OK
pkg/reconcile/reconcile_pg_test.go: OK
pkg/fcvm/wake_classify.go: OK
pkg/cosign/ctxcopy.go: OK
pkg/vmmdgrpc/forward.go: OK
pkg/gateway/edge_rules_cache_test.go: OK
pkg/sched/event_fanout.go: OK
cmd/vmmd/runtime_config_recv_linux.go: OK
pkg/state/instance_readiness_test.go: OK
pkg/abusescan/scan.go: OK
pkg/networkip/inventory_test.go: OK
pkg/rekey/rekey.go: OK
pkg/releaseinstall/store_pg_test.go: OK
pkg/releaseinstall/pure_helpers_test.go: OK
pkg/gateway/mirror_redact_test.go: OK
cmd/vmmd/node_signing_key_test.go: OK
pkg/managedpostgres/health_collector.go: OK
pkg/fcvm/network_fresh_metal_test.go: OK
pkg/wire/node_verifier_composite_test.go: OK
pkg/imaged/handler_test.go: OK
pkg/vmmdgrpc/migration_leaser_test.go: OK
pkg/daemonunitspec/apid.go: OK
pkg/gateway/readiness_test.go: OK
pkg/gateway/cert_renewer_test.go: OK
pkg/devbridge/inspection_test.go: OK
pkg/state/memstore_delete_account_cascade_test.go: OK
guest/init/app_task_linux_test.go: OK
pkg/builderd/failure_class.go: OK
pkg/api/executions_client.go: OK
guest/runners/node24/main_test.go: OK
pkg/state/pgstore_platform_tenant_request_budgets.go: OK
pkg/renderer/publish.go: OK
pkg/imaged/gc_pure_test.go: OK
pkg/gateway/cert_issuer_tenant_surface.go: OK
pkg/simpleapp/plan_test.go: OK
pkg/sched/poller_decoders_mega4_test.go: OK
pkg/state/conformance/critical_edge_cases.go: OK
pkg/tcpd/supervisor_test.go: OK
pkg/events/trigger_test.go: OK
pkg/billing/stripe/usage_test.go: OK
migrations/00313_domain_doctor_observations_test.go: OK
pkg/state/conformance/log_events_cases.go: OK
pkg/state/pgstore_app_webhooks.go: OK
pkg/managedpostgres/neon/config.go: OK
pkg/state/pgstore_platform_tenant_statements_test.go: OK
pkg/e2etest/daemon_dsn_test.go: OK
pkg/state/pgstore_lifecycle_test.go: OK
pkg/gateway/routes_hydration_test.go: OK
pkg/reposcan/k8s.go: OK
pkg/fcvm/restart_quarantine_metal_test.go: OK
pkg/sched/floor/trigger_test.go: OK
pkg/api/cors_origin_pattern_test.go: OK
pkg/state/cors_preset_change_log_pg_test.go: OK
pkg/state/memstore_usage_windows_test.go: OK
pkg/apihostingscorecard/scorecard_test.go: OK
pkg/state/control_plane_change_log.go: OK
pkg/audit/audit_emit_variants_test.go: OK
pkg/state/memstore_operator_intent_test.go: OK
pkg/e2etest/fakevmmd.go: OK
pkg/gateway/service_proxy_test.go: OK
pkg/wire/pgverifier.go: OK
pkg/fcvm/instance_teardown_metal_test.go: OK
migrations/00336_apps_static_egress_ip_test.go: OK
migrations/00141_app_webhook_deliveries_test.go: OK
pkg/sched/private_network_test.go: OK
pkg/state/safe_release_worker_lease_test.go: OK
migrations/00033_app_egress_allowlist_v6_test.go: OK
pkg/outbound/retry_budget_test.go: OK
pkg/state/memstore_prewarm.go: OK
pkg/gateway/dns01_provider_hetzner.go: OK
pkg/githubd/sealhelper_test.go: OK
pkg/vmmdgrpc/resolved_egress.go: OK
migrations/seedhelpers_test.go: OK
guest/init/healthcheck_linux_test.go: OK
pkg/state/object_upload_routes_coverage_test.go: OK
pkg/objectstorage/upload.go: OK
pkg/state/platform_tenant_self_consumers_test.go: OK
pkg/api/client_http_path_mega4_test.go: OK
pkg/state/pgstore_object_storage_billing.go: OK
pkg/state/control_plane_policy_status.go: OK
pkg/fcvm/vmm.go: OK
pkg/vmmdgrpc/advisory_client_test.go: OK
pkg/gateway/ratelimit_header_test.go: OK
pkg/fcvm/initial_wake_burst_metal_test.go: OK
pkg/e2etest/buildtags_default.go: OK
pkg/db/notify_hub_budget_test.go: OK
pkg/rootfs/full_rootfs_test.go: OK
pkg/state/platform_tenants.go: OK
pkg/state/pgstore_org_activity_api_keys.go: OK
pkg/gateway/initial_wake_burst_test.go: OK
guest/init/framework_ready_state_linux_test.go: OK
pkg/fcvm/preboot_skip.go: OK
pkg/appmetrics/ratio_test.go: OK
pkg/netns/denylist_external_test.go: OK
pkg/safedeploy/orchestrator_counters_test.go: OK
pkg/gateway/preauth_limit_test.go: OK
pkg/state/pgstore_account_deletion_test.go: OK
migrations/00126_pg_ratelimit_trigger_test.go: OK
pkg/state/org_activity_test.go: OK
pkg/gateway/mirror_source_capture.go: OK
pkg/githubd/readiness_test.go: OK
pkg/fcvm/healthcheck.go: OK
pkg/managedpostgres/postgres_store_test.go: OK
pkg/dispatch/lease.go: OK
api/proto/onebox/faas/apid/v1/spans_writer_grpc.pb.go: OK
pkg/state/memstore_status_history.go: OK
pkg/fcvm/builder_acceptance_metal_test.go: OK
pkg/state/deployment_promotion_fence_test.go: OK
pkg/buildcache/lease_test.go: OK
pkg/privatenetwork/reconciler_test.go: OK
cmd/vmmd/sidecar_events_through_platform_test.go: OK
pkg/api/service_binding_fetch_test.go: OK
cmd/vmmd/egress_watcher_conditional_test.go: OK
pkg/wire/otelgrpc_test.go: OK
cmd/vmmd/runtime_base_generation_test.go: OK
pkg/githubd/readiness.go: OK
pkg/openapidiff/contract.go: OK
pkg/sched/workflow_output_pg_test.go: OK
pkg/gateway/trace_handler.go: OK
pkg/state/pgstore_app_webhook_retention_test.go: OK
migrations/00138_apps_eviction_priority_test.go: OK
pkg/vmmdgrpc/stream_bridge_manager.go: OK
pkg/meter/pusher_activation_test.go: OK
pkg/builderd/source_gc_test.go: OK
pkg/state/memstore_queue_bindings.go: OK
pkg/tcpmetrics/metrics.go: OK
pkg/sched/engine.go: OK
pkg/fcvm/private_network_fabric.go: OK
pkg/scheddgrpc/client_test.go: OK
pkg/state/deploy_failed_email.go: OK
pkg/builderd/reaper.go: OK
pkg/oidc/types.go: OK
migrations/00064_invocations_dead_letter_test.go: OK
migrations/20260924080306504_account_release_webhook_fanout_test.go: OK
pkg/s3gateway/xml.go: OK
pkg/openapidiff/contract_test.go: OK
pkg/storage/file_writeback_metal_test.go: OK
pkg/imaged/replicator_test.go: OK
pkg/netns/service_proxy_test.go: OK
pkg/wire/delayed_task_metrics_test.go: OK
guest/init/sidecar_events_proxy_linux.go: OK
pkg/privatenetwork/health.go: OK
pkg/grace/metrics.go: OK
pkg/sourcedelta/alias_test.go: OK
guest/runners/internal/process_usage_linux_test.go: OK
pkg/sched/egress_circuit_client.go: OK
pkg/preflight/contract_test.go: OK
pkg/api/deploy_validation_test.go: OK
pkg/state/pgstore_set_workload_class_test.go: OK
pkg/state/cert_issuance_failed.go: OK
cmd/vmmd/runtime_config_recv_linux_test.go: OK
pkg/gateway/dns01_provider_cloudflare.go: OK
pkg/state/build_cache_observability_test.go: OK
cmd/vmmd/egress_bundle_test.go: OK
pkg/realtime/callback_outbox_migrate_test.go: OK
pkg/gateway/wake_phase_trace.go: OK
pkg/dashboard/views/apps_new.go: OK
pkg/dispatch/dispatch.go: OK
pkg/fcvm/resource_prepared.go: OK
pkg/meter/loop_health_test.go: OK
pkg/state/pgstore_append_usage_test.go: OK
pkg/builderd/vm_metal_test.go: OK
pkg/state/build_completion_test.go: OK
migrations/00057_sessions_test.go: OK
pkg/state/memstore_deployment_activation_lock.go: OK
pkg/roleTemplating/role.go: OK
pkg/gateway/route_template_test.go: OK
cmd/vmmd/register_test.go: OK
guest/init/runtime_config_proxy_linux.go: OK
pkg/sourcecontext/root_test.go: OK
pkg/gateway/proxy_stub.go: OK
migrations/20260927120000001_outbound_circuit_breaker_test.go: OK
pkg/gateway/feature_flag_evidence_test.go: OK
pkg/managedpostgres/neon/credential_roles_test.go: OK
pkg/api/env.go: OK
pkg/fcvm/snapshot_memory_headroom_metal_test.go: OK
pkg/billing/paddle/usage.go: OK
pkg/appmetrics/burn_rate_test.go: OK
pkg/deploydiff/quota.go: OK
pkg/gateway/upgrade.go: OK
cmd/vmmd/main_test.go: OK
pkg/state/pgstore_project_environment_promotion_graph_test.go: OK
pkg/oci/reference_test.go: OK
pkg/authcode/recovery_test.go: OK
pkg/hostport/allocator.go: OK
pkg/state/memstore_coverage_slice3_test.go: OK
pkg/sched/egress_circuit.go: OK
pkg/api/apikey_app_protocol_mega3_test.go: OK
pkg/reposcan/fsys_safety_test.go: OK
pkg/gateway/synth_internal_only.go: OK
pkg/state/memstore_coverage_slice13_test.go: OK
pkg/sched/prime_wedge_test.go: OK
pkg/scheddgrpc/server_trace_id_test.go: OK
pkg/outbound/admission.go: OK
pkg/api/preview_service_calls.go: OK
pkg/state/work_policies.go: OK
guest/runners/node24/tail_host_integration.go: OK
migrations/00045_apps_autoscale_test.go: OK
pkg/state/memstore_value_hash_test.go: OK
pkg/fcvm/job_vmm.go: OK
pkg/e2etest/buildprogress.go: OK
pkg/imaged/handler_pure_extra_test.go: OK
pkg/meter/sampler_cpu_test.go: OK
pkg/api/issues.go: OK
pkg/apid/openapi_handler.go: OK
pkg/state/platform_tenant_access.go: OK
pkg/managedpostgres/service.go: OK
pkg/realtime/metrics.go: OK
pkg/rootfs/overlay_whiteout_linux_test.go: OK
pkg/fcvm/cpustats/cache_metal_test.go: OK
migrations/00224_apps_cors_defaults_test.go: OK
pkg/state/memstore_org_activity_api_keys.go: OK
pkg/billing/paddle/errors_test.go: OK
pkg/s3gateway/handler_test.go: OK
pkg/httpsec/headers.go: OK
pkg/storage/cache_test.go: OK
pkg/state/memstore_platform_tenant_reconciliation_webhooks.go: OK
pkg/state/memstore_api_consumers.go: OK
pkg/sched/pressure_rebalancer.go: OK
pkg/productstandards/catalog.go: OK
pkg/fcvm/guest_vsock_stream_test.go: OK
pkg/builderd/cgroup_oom_test.go: OK
migrations/00445_operator_intents_test.go: OK
pkg/sched/execution_output.go: OK
pkg/fcvm/tenant_egress_test.go: OK
pkg/state/pgstore_retained_layer_rollup_test.go: OK
pkg/state/private_network_attachment_health_test.go: OK
pkg/reconcile/workload_admission.go: OK
pkg/state/object_multipart_uploads_test.go: OK
pkg/state/platform_tenant_self_consumer_revocation_test.go: OK
pkg/state/edge_rule_kind_quota.go: OK
pkg/netns/denylist.go: OK
pkg/api/upload.go: OK
pkg/state/memstore_host_port_leases_test.go: OK
migrations/20260909223446365_deployment_openapi_snapshots_repair_test.go: OK
scripts/ops/gcp_provision_compute_test.go: OK
pkg/gateway/synth_integration_test.go: OK
pkg/redact/redact_test.go: OK
pkg/sched/warm_pool.go: OK
migrations/00162_deployments_live_traffic_idx_test.go: OK
pkg/fcvm/snapshot_test.go: OK
cmd/vmmd/caps.go: OK
migrations/20260917130000001_app_webhooks_delivery_format_test.go: OK
pkg/managedpostgres/postgres_store.go: OK
pkg/state/pgstore_github_oidc_subject_test.go: OK
pkg/managedpostgres/neon/provider.go: OK
pkg/state/trigger_work_records_test.go: OK
pkg/mail/metrics_test.go: OK
pkg/sched/cron_test.go: OK
pkg/edgevalidate/jsonschema_test.go: OK
pkg/fcvm/builder_acceptance_scan_policy_pure_test.go: OK
pkg/middleware/requestid.go: OK
pkg/state/domain_doctor_batch_test.go: OK
guest/runners/go124/main.go: OK
pkg/oauthmetadata/metadata.go: OK
pkg/fcvm/framework_ready.go: OK
pkg/gateway/control_test.go: OK
pkg/fcvm/network_neighbor_metal_test.go: OK
pkg/state/control_plane_policy_status_pg_test.go: OK
pkg/sched/egress_drift_test.go: OK
pkg/imaged/local_oci_test.go: OK
pkg/state/memstore_object_buckets.go: OK
pkg/state/memstore_deployment_query_coverage_test.go: OK
cmd/vmmd/egress_bundle.go: OK
pkg/state/platform_tenant_credential_policy.go: OK
pkg/daemonunitspec/ansible_lockstep_test.go: OK
guest/init/portnorm_common.go: OK
pkg/fcvm/manager_test.go: OK
guest/init/service_proxy_trust_test.go: OK
pkg/preflight/verdict.go: OK
pkg/sourcedelta/archive_test.go: OK
pkg/state/pgstore_openapi_snapshot_test.go: OK
pkg/state/jobs_recovery_pg_test.go: OK
pkg/api/project_environment_secret_revision_test.go: OK
pkg/managedpostgres/memory_store.go: OK
pkg/builderd/export_gc.go: OK
pkg/state/memstore_openapi_snapshot.go: OK
pkg/fcvm/manager_cpu_policy_test.go: OK
pkg/fcvm/activity/cache_test.go: OK
pkg/state/instance_readiness.go: OK
pkg/devbridge/inspection.go: OK
migrations/20260912144727207_status_public_v2_test.go: OK
pkg/vmmdgrpc/bufconn_test.go: OK
pkg/state/pgstore_iam6_org_keys_test.go: OK
pkg/vmmdgrpc/guest_transport_trace_test.go: OK
pkg/sched/poller_nats_test.go: OK
pkg/wire/delayed_task_metrics.go: OK
pkg/wire/client_ip.go: OK
pkg/state/pgstore_preview_teardown_test.go: OK
pkg/builderd/source_context.go: OK
guest/runners/internal/runnerparity/stderr_tee_pin_test.go: OK
guest/init/workload_dependencies_linux_test.go: OK
pkg/sched/scaleup/ringbuf.go: OK
pkg/state/memstore_app_protocol_stale_test.go: OK
pkg/state/conformance/account_lifecycle_cases.go: OK
pkg/grace/app_cleanup_test.go: OK
pkg/state/memstore_runtime_config.go: OK
pkg/state/deploy_tokens.go: OK
pkg/heartbeatretention/retention_test.go: OK
pkg/state/workflow_callback_webhook_bindings.go: OK
pkg/objectstorage/provider_live_test.go: OK
migrations/00127_deployments_sidecar_layers_test.go: OK
pkg/reposcan/compose_resolve.go: OK
migrations/20260923173214854_rollout_outcome_webhooks_test.go: OK
pkg/sched/deployment_runtime_test.go: OK
pkg/api/account_release_webhooks_test.go: OK
pkg/reposcan/compose_test.go: OK
pkg/reqbudget/overhead.go: OK
migrations/00159_invocations_replay_source_test.go: OK
pkg/fcvm/logbuf/ring.go: OK
pkg/debugger/synthesis_test.go: OK
pkg/apidgrpc/realtime_history_client.go: OK
pkg/netns/egress_flows_test.go: OK
pkg/state/pgstore_project_environment_secret_versions_test.go: OK
pkg/state/snapshot_restore_pressure_pg.go: OK
migrations/00487_edge_rules_cors_preset_fk_test.go: OK
pkg/canary/circuit_breaker_test.go: OK
pkg/state/pgstore_job_registry_credentials.go: OK
pkg/state/pgstore_deployment_activation_lock_test.go: OK
pkg/api/app_visibility_test.go: OK
pkg/logdrain/queue.go: OK
pkg/rootfs/layer_ownership_test.go: OK
pkg/api/client_persist_exclude_test.go: OK
pkg/githubd/preview_dependencies.go: OK
pkg/privatenetwork/store_connector.go: OK
pkg/state/audit_outbox_test.go: OK
guest/init/app_test.go: OK
pkg/githubd/realservice.go: OK
pkg/builderd/artifact_integrity.go: OK
pkg/api/after_restore_test.go: OK
pkg/sched/failure_source_test.go: OK
pkg/openapidiff/preview.go: OK
migrations/20260928121000001_app_secret_class_test.go: OK
pkg/state/custom_domain_dns_drift.go: OK
pkg/api/client_workflow_callbacks_test.go: OK
pkg/state/memstore_cors_presets_test.go: OK
pkg/openapidiff/loader.go: OK
migrations/00082_apps_scaling_policy_test.go: OK
pkg/state/pgstore_mfa_test.go: OK
pkg/state/project_binding_update_test.go: OK
pkg/state/pgstore_project_environment_configs.go: OK
pkg/state/memstore_app_log_drains.go: OK
pkg/internalsvc/internalsvc_test.go: OK
pkg/vmmdgrpc/proto_test.go: OK
pkg/fcvm/preboot_stage_test.go: OK
pkg/e2etest/guestconsole.go: OK
pkg/sched/engine_lifecycle_contract_test.go: OK
pkg/api/appmanifest.go: OK
pkg/state/platform_tenant_reconciliation.go: OK
pkg/state/job_attempt_replay_test.go: OK
pkg/runtimeconfig/live_test.go: OK
pkg/meter/pure_helpers_test.go: OK
pkg/state/app_scaling_policy_pg_test.go: OK
pkg/fcvm/ephemeral_disk_capacity_metal_test.go: OK
pkg/data/extract_test.go: OK
pkg/builderd/source_integrity.go: OK
pkg/state/pgstore_static_egress_ip_test.go: OK
pkg/whycopy/whycopy.go: OK
pkg/api/client_private_network_peerings.go: OK
pkg/logarchive/s3client.go: OK
pkg/gateway/handler_mirror_slot_test.go: OK
pkg/managedpostgres/credential_sql_verifier_test.go: OK
pkg/managedpostgres/cutover_service.go: OK
pkg/gateway/gateway_test.go: OK
pkg/deploycontroller/controller_branches_test.go: OK
pkg/fcvm/logbuf/ring_gap_test.go: OK
pkg/state/pgstore_app_log_drains.go: OK
pkg/db/db.go: OK
pkg/githubd/server_test.go: OK
pkg/e2etest/twonode.go: OK
pkg/imaged/release_gate_test.go: OK
pkg/gitfetch/errors.go: OK
guest/init/event_publish_proxy_other.go: OK
pkg/sched/operator_intent_completeness.go: OK
api/proto/onebox/faas/egress/v1/egress.pb.go: OK
cmd/vmmd/reconnect.go: OK
pkg/state/pgstore_dead_node_test.go: OK
pkg/meter/upstream_probe.go: OK
pkg/releasebundle/bundle_extra_test.go: OK
pkg/sched/wake_failure_test.go: OK
pkg/state/snapshot_capture_keys_test.go: OK
pkg/api/client_test.go: OK
pkg/fcvm/builder_ready_test.go: OK
pkg/mail/retry.go: OK
pkg/meter/sampler_test.go: OK
pkg/api/sidecar_timeline.go: OK
pkg/gateway/forwardproxy.go: OK
pkg/fcvm/manager_identity_test.go: OK
pkg/state/pgstore_outbound_bindings.go: OK
pkg/fcvm/cgroupstats/doc.go: OK
pkg/realtime/resume_pg_test.go: OK
pkg/gateway/service_proxy_alias_test.go: OK
cmd/vmmd/egress_watcher_test.go: OK
pkg/fcvm/resource_jail.go: OK
pkg/fcvm/restore_optimization_metal_test.go: OK
pkg/fcvm/resource_restart_prepared_metal_test.go: OK
pkg/geoip/watcher.go: OK
pkg/gateway/idle.go: OK
pkg/state/platform_tenant_self_statements_test.go: OK
pkg/sched/engine_pure_test.go: OK
pkg/fcvm/workload_stage_test.go: OK
pkg/state/pgstore_trigger_consumer_health.go: OK
pkg/fcvm/park_cleanup_metal_test.go: OK
pkg/vmmdmount/materialize_metal_test.go: OK
pkg/builderd/source_integrity_test.go: OK
migrations/00157_deployments_parked_reason_test.go: OK
pkg/state/pgstore_runtime_config_changes_test.go: OK
pkg/fcvm/vmm_signal_kill_test.go: OK
pkg/state/platform_tenant_hostname_policy_test.go: OK
pkg/state/workflow_conditions.go: OK
pkg/fcvm/egress_ext4_metal_test.go: OK
pkg/webhook/events.go: OK
pkg/sched/runtime_snapshot_storage_verifier.go: OK
pkg/sched/floor/export_test.go: OK
pkg/reconcile/audit_queue_controls_test.go: OK
pkg/db/migrate_reconcile.go: OK
migrations/00067_extend_metering_telemetry_test.go: OK
pkg/state/pgstore_project_environment_route_policies_test.go: OK
pkg/state/org_activity.go: OK
migrations/00062_alert_rules_test.go: OK
pkg/state/memstore_tenant_surface.go: OK
pkg/state/memstore_endpoint_discovery_test.go: OK
pkg/storage/meminfo_linux.go: OK
pkg/scheddgrpc/ownership.go: OK
pkg/state/feature_flags.go: OK
pkg/billing/loader/config_test.go: OK
pkg/safedeploy/orchestrator_test.go: OK
pkg/servicecaller/http_test.go: OK
pkg/state/memstore_jobs_coverage_test.go: OK
pkg/imaged/base_validate_real_test.go: OK
pkg/secretbox/fleet_test.go: OK
pkg/state/snapshot_restore_pressure_mem.go: OK
pkg/objectstorage/ovh_usage_test.go: OK
pkg/canary/preset.go: OK
pkg/e2etest/testdata/helloserver/main.go: OK
pkg/builderd/cache_recipe_test.go: OK
pkg/devbridge/local.go: OK
pkg/state/app_webhook_event_outbox.go: OK
pkg/objectstorage/tags_test.go: OK
pkg/state/pgstore_runtime_config_test.go: OK
guest/init/runtime_config_proxy_linux_test.go: OK
pkg/fcvm/secrets_stage_test.go: OK
pkg/state/project_environment_approvals_test.go: OK
pkg/gateway/version_affinity.go: OK
pkg/dashboard/views/wake_timeline.go: OK
pkg/sched/state_machine_edges_test.go: OK
pkg/netns/denylist_external_sec11a_test.go: OK
pkg/state/sqlc/models.go: OK
pkg/state/pgstore_coverage_webhooks_test.go: OK
pkg/secretbox/value_hash_test.go: OK
pkg/secretscan/scan_file.go: OK
pkg/frameworkprofile/profile_test.go: OK
pkg/sched/fire_now.go: OK
pkg/vmmdgrpc/execution_test.go: OK
pkg/outbound/memory.go: OK
pkg/gateway/testhist/hist.go: OK
pkg/middleware/middleware_test.go: OK
pkg/wire/build_export_metrics_test.go: OK
pkg/fcvm/app_task_manager_test.go: OK
pkg/api/logdrains.go: OK
pkg/state/work_policy_fairness_test.go: OK
pkg/api/project_environment_config.go: OK
pkg/roleTemplating/crosscheck_test.go: OK
pkg/reposcan/compose.go: OK
pkg/state/deploy_tokens_pg.go: OK
pkg/logarchive/credentials.go: OK
migrations/20260915023000001_cron_suspension_reason_test.go: OK
pkg/grafana/dashboard_test.go: OK
pkg/sched/snapshot_budget_test.go: OK
pkg/events/workflow_events.go: OK
pkg/outbound/metrics.go: OK
pkg/state/project_environment_route_policies.go: OK
pkg/state/memstore_platform_tenant_statements.go: OK
pkg/daemonunitspec/slice.go: OK
migrations/00509_deployment_scope_exclusions_test.go: OK
pkg/sched/vmmclient.go: OK
pkg/trace/middleware_test.go: OK
pkg/gateway/async_route_enqueue.go: OK
pkg/gateway/handler_apply_edge_rule_respond_test.go: OK
pkg/wire/logging_test.go: OK
pkg/meter/pusher_pending_test.go: OK
pkg/gateway/cert_issuer_letsencrypt.go: OK
cmd/vmmd/egress_watcher.go: OK
pkg/sched/disk_drift_test.go: OK
pkg/daemonunitspec/vmmd.go: OK
pkg/state/audit_outbox.go: OK
pkg/imaged/tarball_test.go: OK
pkg/fcvm/image_mount_metal_test.go: OK
pkg/fcvm/cgroup_subtree_control_test.go: OK
pkg/apid/apidsource/coverage_test.go: OK
pkg/sched/live_migrator_test.go: OK
cmd/vmmd/framework_ready_recv.go: OK
pkg/billing/stripe/sandbox_test.go: OK
pkg/state/stage_state.go: OK
pkg/managedpostgres/postgres_health_store_test.go: OK
pkg/api/app_slug.go: OK
pkg/fcvm/workload_helpers_test.go: OK
pkg/vmmdgrpc/logs_gap_test.go: OK
guest/init/secrets_linux.go: OK
pkg/renderer/pki.go: OK
pkg/meter/loop_observe_test.go: OK
pkg/api/execution_artifacts_test.go: OK
pkg/servicecaller/servicecaller.go: OK
cmd/vmmd/overlay_detect_gap5_test.go: OK
pkg/daemonunitspec/ansible_postgres_modules_test.go: OK
pkg/objectstorage/tags.go: OK
pkg/preflight/checker_test.go: OK
pkg/fcvm/resource_mount_linux.go: OK
pkg/fcvm/dns_gated_egress_test.go: OK
pkg/e2etest/helloserver_test.go: OK
pkg/state/event_work_bindings.go: OK
migrations/00068_builder_usage_test.go: OK
pkg/hostingconfig/config_test.go: OK
migrations/00080_apps_streaming_enabled_test.go: OK
pkg/wire/otlp_metrics_test.go: OK
pkg/releaseinstall/sbom_edge_test.go: OK
pkg/webhook/dispatcher_backpressure_test.go: OK
pkg/tarball/root.go: OK
pkg/imaged/loop_test.go: OK
pkg/state/work_policy_cancellation_test.go: OK
pkg/api/managed_postgres.go: OK
pkg/state/conformance/runtime_config_cases.go: OK
pkg/githubd/staging.go: OK
guest/runners/python313/main_test.go: OK
pkg/scheddgrpc/server.go: OK
pkg/deploycontroller/import.go: OK
pkg/wire/scan_keys_test.go: OK
pkg/state/sqlc/db.go: OK
pkg/sched/watchdog.go: OK
pkg/outbound/identity.go: OK
pkg/realtime/callback_outbox_benchmark_test.go: OK
pkg/renderer/hash.go: OK
pkg/fcvm/resource_mount.go: OK
pkg/webhookdedupe/test_helpers.go: OK
pkg/reposcan/serverless.go: OK
pkg/state/pgstore_app_webhooks_test.go: OK
pkg/fcvm/job_vmm_test.go: OK
pkg/whycopy/whycopy_test.go: OK
pkg/wire/peer_test.go: OK
pkg/sched/instancestats/reader_test.go: OK
pkg/fcvm/manager_egress_merge_test.go: OK
pkg/fcvm/readiness.go: OK
guest/executor/artifacts_test.go: OK
pkg/webhook/dispatcher_property_test.go: OK
pkg/state/pgstore_status_history.go: OK
pkg/state/pgstore_operator_intent_test.go: OK
pkg/wire/export_test.go: OK
pkg/deploydiff/diff.go: OK
pkg/gateway/metrics_traffic_resilience_test.go: OK
pkg/issues/stack.go: OK
pkg/githubd/staging_test.go: OK
pkg/state/pgstore.go: OK
migrations/00131_apps_align_min_instances_test.go: OK
pkg/daemonunitspec/postgres_capacity_role_test.go: OK
pkg/gateway/spans_accumulator_flush_test.go: OK
pkg/billing/paddle/dedupe.go: OK
pkg/apid/apidsource/retry_source.go: OK
pkg/builderd/failure_class_test.go: OK
pkg/state/pgstore_update_app_widened_test.go: OK
pkg/sched/scaleup/policy_targets_test.go: OK
pkg/state/conformance/app_webhook_delivery_cases.go: OK
pkg/fcvm/execution_manager.go: OK
pkg/sched/instancestats/doc.go: OK
pkg/managedpostgres/health_metrics.go: OK
guest/runners/python312/tail_host_integration.go: OK
pkg/state/memstore_account_release_webhooks_test.go: OK
pkg/sched/events_test.go: OK
pkg/state/pgstore_app_task_notifications_test.go: OK
pkg/sched/targets/export_test.go: OK
pkg/httpsec/csp.go: OK
pkg/events/teststore.go: OK
pkg/fcvm/export_ownership_test.go: OK
pkg/netns/popcounters_metal.go: OK
pkg/data/infer_test.go: OK
pkg/reposcan/workspaces_extra_test.go: OK
pkg/dashboard/stages/stages_test.go: OK
pkg/reposcan/platform_tenant_policy_test.go: OK
pkg/gateway/handler_cache_stale_on_error.go: OK
pkg/billing/paddle/extract_ids_mega3_test.go: OK
pkg/gateway/buffered_cap_test.go: OK
pkg/sched/scaleup/metrics_scraper.go: OK
pkg/state/project_environment_clone.go: OK
pkg/api/debug_running_client_test.go: OK
pkg/db/private_network_detach_pg_test.go: OK
pkg/mail/retry_test.go: OK
pkg/scheddgrpc/logs_test.go: OK
pkg/sched/vcpu_combined_test.go: OK
pkg/state/promotion_dark_deployment.go: OK
pkg/realtime/client_test.go: OK
pkg/sched/execution_backend_vmmd.go: OK
pkg/gateway/trace_exporter_test.go: OK
pkg/state/pgstore_platform_tenant_access.go: OK
migrations/00192_edge_rules_test.go: OK
pkg/state/project_environment_configs.go: OK
pkg/gateway/route_label_set_test.go: OK
pkg/db/pgtest/template.go: OK
pkg/state/conformance/auth_credential_cases.go: OK
pkg/state/api_consumer_usage_statements.go: OK
pkg/state/memstore_platform_tenant_apply.go: OK
pkg/state/preview_set_batch_test.go: OK
pkg/api/executions_test.go: OK
pkg/gateway/handler_pure_extra_test.go: OK
pkg/gateway/mirror_lifecycle_test.go: OK
pkg/state/memstore_coverage_slice8_test.go: OK
pkg/state/app_min_instances_test.go: OK
pkg/state/pgstore_org_activity_app_config.go: OK
pkg/billing/polar/refund_test.go: OK
pkg/state/event_subscriptions_test.go: OK
pkg/state/memstore_latest_deployments_test.go: OK
pkg/apihostingreceipt/receipt_test.go: OK
pkg/gateway/warmup.go: OK
pkg/sched/warmhint_test.go: OK
api/proto/onebox/faas/vmmd/v1/vmmd.pb.go: OK
pkg/privatenetwork/peering_test.go: OK
pkg/state/pgstore_cron_runs_test.go: OK
pkg/appmetrics/burn_rate.go: OK
pkg/sched/admission_cpu_millicores_test.go: OK
migrations/00153_apps_public_auth_test.go: OK
pkg/oci/oci.go: OK
pkg/mail/mail.go: OK
pkg/cosign/check_present_test.go: OK
pkg/sched/execution_coordinator_test.go: OK
pkg/circuit/breaker.go: OK
pkg/scheddgrpc/stats_egress_test.go: OK
pkg/gateway/testhist/hist_test.go: OK
pkg/vmmdgrpc/stream_bridge_ready_test.go: OK
pkg/state/deployment_cancel_state.go: OK
pkg/state/memstore_oidc_mega5_test.go: OK
pkg/state/pgstore_cluster_keys_test.go: OK
cmd/vmmd/host_journal_metrics.go: OK
pkg/api/audit_text.go: OK
migrations/00412_status_incidents_test.go: OK
pkg/sched/loop_scaleup_test.go: OK
pkg/vmmdgrpc/advisory_client.go: OK
pkg/frameworkprofile/tarball_test.go: OK
pkg/releaseinstall/store_test.go: OK
pkg/gateway/forwardproxy_handler_test.go: OK
pkg/privatenetwork/fabric_test.go: OK
pkg/billing/polar/catalog_provider.go: OK
pkg/gateway/limiters_test.go: OK
pkg/api/object_storage_usage_v2_test.go: OK
pkg/state/migration_leases.go: OK
pkg/middleware/authlimit.go: OK
pkg/auth/middleware/context_test.go: OK
pkg/state/memstore_invocations_test.go: OK
migrations/00132_instances_app_deployment_idx_test.go: OK
pkg/sched/security_quarantine_wake_test.go: OK
pkg/state/snapshot_restore_pressure_test.go: OK
pkg/state/pgstore_conformance_test.go: OK
pkg/state/pgstore_paddle_overage_schema_test.go: OK
pkg/sched/trigger_trace_test.go: OK
pkg/state/build_reaper.go: OK
cmd/vmmd/tail_event_recv_test.go: OK
pkg/outbound/postgres_integration_test.go: OK
pkg/state/service_caller_keys_pg.go: OK
pkg/sched/deadnode_reconciler_test.go: OK
pkg/gateway/handler_bench_test.go: OK
pkg/lruutil/lru_test.go: OK
guest/init/workload_identity_other.go: OK
pkg/gateway/burst_admission.go: OK
pkg/state/deployment_aliases.go: OK
pkg/drills/record_test.go: OK
pkg/builderd/file_security.go: OK
pkg/state/memstore_usage_analytics_test.go: OK
pkg/state/project_release_reads.go: OK
pkg/releaseinstall/store.go: OK
pkg/authz/loadorg_test.go: OK
pkg/fcvm/logbuf/ring_test.go: OK
pkg/gateway/release_context_websocket_test.go: OK
pkg/meter/sampler_egress_test.go: OK
pkg/storage/file_writeback_test.go: OK
pkg/daemonunitspec/async_execution_test.go: OK
pkg/fcvm/wake_classify_test.go: OK
pkg/alerts/evaluator_login_abuse_test.go: OK
pkg/e2etest/waiters.go: OK
pkg/openapiimport/validator_test.go: OK
pkg/gateway/observability.go: OK
pkg/statefuldenylist/match_test.go: OK
pkg/buildexport/cancellation_test.go: OK
pkg/gateway/trace_propagation.go: OK
pkg/state/pgstore_managed_realtime_test.go: OK
pkg/state/pgstore_api_consumer_usage_statement_handoffs_test.go: OK
pkg/reposcan/explain.go: OK
pkg/state/platform_tenant_invocations_test.go: OK
pkg/state/wake_timeline.go: OK
pkg/daemonunitspec/restart_order.go: OK
pkg/logarchive/shipper_test.go: OK
pkg/gateway/burst_admission_test.go: OK
pkg/netns/tenant_egress_metal_test.go: OK
pkg/logarchive/metrics.go: OK
pkg/releasebundle/bundle.go: OK
pkg/state/compute_node_ownership_test.go: OK
pkg/vmmdgrpc/server_pure_extra_test.go: OK
pkg/openapidiff/generator_ext_test.go: OK
pkg/nodeclaim/claim.go: OK
pkg/netns/popcounters.go: OK
migrations/00337_provisioned_static_egress_ips_test.go: OK
pkg/state/pgstore_jobs_legacy_verify.go: OK
migrations/00128_events_sidecar_name_idx_test.go: OK
pkg/state/pgstore_org_activity_access.go: OK
pkg/meter/storage_test.go: OK
pkg/executionprofiles/profiles.go: OK
pkg/dashboard/dashboard.go: OK
pkg/api/client_queue_bindings.go: OK
migrations/00023_drop_path_test.go: OK
migrations/00382_apps_app_protocol_test.go: OK
pkg/gateway/mirror_redact.go: OK
pkg/api/edge_rule_path.go: OK
pkg/api/billing_math.go: OK
cmd/vmmd/runtime_secret_selection_test.go: OK
pkg/rootfs/app_mkfs_retry_test.go: OK
pkg/fcvm/before_checkpoint_test.go: OK
pkg/state/pgstore_build_cache_observability_test.go: OK
pkg/fcvm/builder_acceptance_scan_policy_test.go: OK
pkg/sched/recovery_arbiter_test.go: OK
migrations/20260911215215137_compute_node_retirement_test.go: OK
cmd/vmmd/framework_ready_sidecar_health_test.go: OK
pkg/logarchive/doc.go: OK
pkg/builderd/types.go: OK
pkg/manifest/toml_check.go: OK
pkg/daemonunitspec/s3_gateway.go: OK
pkg/state/heartbeat_gap.go: OK
pkg/api/private_network_test.go: OK
pkg/state/pgstore_workflows_coverage_test.go: OK
pkg/logintoken/cleanup.go: OK
pkg/gateway/service_proxy_metrics_test.go: OK
pkg/storage/sparse_snapshot_linux_test.go: OK
pkg/state/memstore_data_upstreams.go: OK
pkg/mail/suppression.go: OK
pkg/imaged/scan_evidence_test.go: OK
pkg/oci/puller.go: OK
pkg/sched/reaper_jobs.go: OK
pkg/data/extract.go: OK
pkg/sched/upstream_affinity_test.go: OK
pkg/gateway/readiness.go: OK
migrations/00203_app_envs_scope_test.go: OK
migrations/00358_deployment_openapi_snapshots_test.go: OK
pkg/managedpostgres/binding_service.go: OK
pkg/deploydiff/render_text.go: OK
pkg/reposcan/tier1.go: OK
pkg/state/lifecycle_reconciliation_test.go: OK
pkg/releasebundle/bundle_test.go: OK
pkg/gateway/handler_request_telemetry_test.go: OK
pkg/state/pgstore_app_secret_delivery.go: OK
pkg/dashboard/deployment_revision_test.go: OK
pkg/managedpostgres/usage.go: OK
pkg/productcap/catalog_test.go: OK
pkg/gateway/authenticated_consumer_test.go: OK
pkg/sched/admission_recovery_test.go: OK
migrations/00050_github_bindings_account_test.go: OK
pkg/fcvm/reap_test.go: OK
pkg/gateway/request_body_admission.go: OK
pkg/gateway/public_auth_cache_test.go: OK
pkg/wire/otelinit/otelinit_test.go: OK
pkg/alerts/evaluator_refire_test.go: OK
pkg/api/dev_bridge.go: OK
pkg/realtime/publish_bench_test.go: OK
pkg/e2etest/vmmd_schedd_target_test.go: OK
pkg/realtime/http_test.go: OK
pkg/state/memstore_upload_sessions_test.go: OK
pkg/wire/unixsock_test.go: OK
pkg/state/pgstore_audit_outbox_test.go: OK
pkg/flagsintegration/integration_test.go: OK
pkg/realtime/callback_outbox_test.go: OK
pkg/state/memstore_jobs_atomic_capacity_test.go: OK
pkg/state/build_cache_observability.go: OK
pkg/state/pgstore_app_task_sqlc.go: OK
pkg/events/platform.go: OK
pkg/state/pgstore_live_state_casing_test.go: OK
pkg/gateway/edge_rules_negative_test.go: OK
guest/init/guest_event_stream_linux.go: OK
pkg/state/memstore_managed_realtime_history.go: OK
pkg/state/pgstore_platform_tenant_consumer_policy.go: OK
api/proto/onebox/faas/apid/v1/request_telemetry_grpc.pb.go: OK
pkg/fcvm/restart_quarantine.go: OK
pkg/scheddgrpc/mapmethod_test.go: OK
pkg/imaged/profile_manifest_test.go: OK
pkg/wire/runandshutdown_test.go: OK
pkg/wire/exec_test.go: OK
pkg/sched/dispatch_triggers.go: OK
pkg/fcvm/resource_journal.go: OK
pkg/scheddgrpc/framework_ready_test.go: OK
pkg/dashboard/preview_panel_test.go: OK
pkg/fcvm/resume_retry_test.go: OK
pkg/gateway/edge_answers_test.go: OK
pkg/billing/plans.go: OK
pkg/rootfs/limits_seam_test.go: OK
pkg/state/compute_node_retirement_test.go: OK
pkg/snapshothipd/runner.go: OK
pkg/fcvm/restore_resolution_test.go: OK
pkg/gateway/request_budget_errors_test.go: OK
pkg/webhook/outbox_dispatcher_test.go: OK
pkg/state/project_environment_edge_policies_test.go: OK
pkg/sched/snapshot_invariant_test.go: OK
pkg/state/object_storage_requests_test.go: OK
pkg/workloadidentity/identity.go: OK
pkg/billing/paddle/util_test.go: OK
pkg/outbound/routepolicy/policy.go: OK
pkg/daemonunitspec/schedd_memory_test.go: OK
pkg/state/object_storage_usage_v2_test.go: OK
pkg/imaged/execution_profiles_test.go: OK
pkg/jailsetup/run_linux.go: OK
pkg/fcvm/private_network_fabric_test.go: OK
pkg/state/pgstore_ratelimit_branches_test.go: OK
pkg/sched/loop_gateway_synth_test.go: OK
migrations/00165_build_provenance_framework_version_test.go: OK
pkg/state/pgstore_org_activity_api_keys_test.go: OK
pkg/storage/router_test.go: OK
pkg/billing/stripe/usage_math_test.go: OK
guest/init/supervisor_characterization_test.go: OK
pkg/netns/tenant_egress_test.go: OK
pkg/state/pgstore_object_bucket_access.go: OK
pkg/state/memstore_operator_capacity_test.go: OK
pkg/sched/router_watcher.go: OK
pkg/sched/engine_workload_oom_test.go: OK
pkg/api/platform_tenant_consumer_policy.go: OK
pkg/gateway/cert_renewer_failed_touch_test.go: OK
pkg/state/memstore_org_activity_ownership.go: OK
pkg/gateway/edge_rules_budget.go: OK
pkg/gateway/writegate/writegate_test.go: OK
guest/init/characterize_common.go: OK
pkg/state/memstore_uuid_test.go: OK
pkg/state/pgstore_cron_quota_test.go: OK
pkg/events/trigger.go: OK
pkg/githubd/event.go: OK
pkg/releaseretention/releaseretention_test.go: OK
pkg/gateway/tcpforward.go: OK
pkg/managedpostgres/postgres_cutover_admission.go: OK
pkg/state/memstore_coverage_slice4_test.go: OK
pkg/fcvm/instance_teardown.go: OK
pkg/deploydiff/diff_helpers_test.go: OK
pkg/reservedip/reconciler.go: OK
pkg/scheddgrpc/client_logs.go: OK
pkg/gateway/edge_rules_header_ops_accumulate_test.go: OK
pkg/storage/exists_test.go: OK
pkg/tcpd/server_test.go: OK
pkg/sched/migrating_watchdog_test.go: OK
pkg/outbound/managed_authorization_test.go: OK
pkg/gateway/preauth_limit.go: OK
pkg/state/memstore_api_consumer_rate_cards.go: OK
pkg/productstandards/asyncapi_test.go: OK
cmd/vmmd/framework_ready_recv_other.go: OK
pkg/outbound/provider_cooldown_test.go: OK
pkg/markers/parity_test.go: OK
pkg/vmmdgrpc/flow_summary.go: OK
pkg/state/deployment_rootfs_fence_pg_test.go: OK
pkg/sched/lifecycle_test.go: OK
pkg/vmmdmount/materialize_test.go: OK
pkg/managedpostgres/neon/resource.go: OK
pkg/wire/secrets_audit_test.go: OK
pkg/events/wake.go: OK
cmd/vmmd/egress_flow_log.go: OK
pkg/sched/execution_coordinator.go: OK
pkg/daemonunitspec/public_edge_role_test.go: OK
pkg/imaged/security_rescan.go: OK
pkg/state/pgstore_framework_ready_test.go: OK
pkg/reposcan/merge.go: OK
pkg/state/pgstore_org_activity_outbox_test.go: OK
pkg/api/errors_test.go: OK
pkg/state/pgstore_workload_fields_test.go: OK
migrations/00216_apps_route_metrics_enabled_test.go: OK
pkg/usageoutbox/outbox_test.go: OK
pkg/state/object_storage_usage.go: OK
migrations/00264_deployments_secret_findings_test.go: OK
migrations/20260906171000000_webhook_event_allowlist_b5_test.go: OK
pkg/state/object_buckets.go: OK
migrations/20260929083015217_app_egress_ports_test.go: OK
pkg/db/migrate_status_test.go: OK
pkg/sched/targets/trigger_lockstep_test.go: OK
pkg/gateway/writegate/leader_client_test.go: OK
pkg/gateway/cert_issuer_letsencrypt_test.go: OK
