=== RUN   TestBindingCanaryAccountGateBlocksCreate
--- PASS: TestBindingCanaryAccountGateBlocksCreate (0.00s)
=== RUN   TestBindingServiceCreatesAndDeletesIdempotently
--- PASS: TestBindingServiceCreatesAndDeletesIdempotently (0.01s)
=== RUN   TestBindingServiceRotationRetainsOldIdentityUntilRuntimeRefreshCompletes
--- PASS: TestBindingServiceRotationRetainsOldIdentityUntilRuntimeRefreshCompletes (0.00s)
=== RUN   TestBindingServiceDeleteRevokesBothGenerationsDuringPendingRotation
--- PASS: TestBindingServiceDeleteRevokesBothGenerationsDuringPendingRotation (0.00s)
=== RUN   TestBindingServiceRejectsUnsupportedAccessBeforeReservation
--- PASS: TestBindingServiceRejectsUnsupportedAccessBeforeReservation (0.00s)
=== RUN   TestBindingReconcileRejectsLegacyUnsupportedAccess
--- PASS: TestBindingReconcileRejectsLegacyUnsupportedAccess (0.00s)
=== RUN   TestBindingServiceRecoversCrashAfterSecretWrite
--- PASS: TestBindingServiceRecoversCrashAfterSecretWrite (0.00s)
=== RUN   TestBindingServiceSanitizesProviderAndSinkFailures
--- PASS: TestBindingServiceSanitizesProviderAndSinkFailures (0.00s)
=== RUN   TestBindingReconcilerRespectsDarkGateButAlwaysCleansUp
--- PASS: TestBindingReconcilerRespectsDarkGateButAlwaysCleansUp (0.00s)
=== RUN   TestMemoryBindingStoreReservationClaimsTarget
--- PASS: TestMemoryBindingStoreReservationClaimsTarget (0.00s)
=== RUN   TestMemoryBindingStoreLeaseRecoveryAndTargetReuse
--- PASS: TestMemoryBindingStoreLeaseRecoveryAndTargetReuse (0.00s)
=== RUN   TestCredentialProbeConfigRejectsUnsafeConnectionOptions
--- PASS: TestCredentialProbeConfigRejectsUnsafeConnectionOptions (0.00s)
=== RUN   TestCredentialSQLVerificationNativeTLS
    credential_sql_verifier_test.go:49: native SQL credential verification needs PostgreSQL TLS enabled
--- SKIP: TestCredentialSQLVerificationNativeTLS (0.02s)
=== RUN   TestCutoverStagesRuntimeAndMigrationTogetherAndCancelsWithGateClosed
--- PASS: TestCutoverStagesRuntimeAndMigrationTogetherAndCancelsWithGateClosed (0.01s)
=== RUN   TestCutoverCrashReplaysSameCredentialAndLateWorkerCannotPublish
--- PASS: TestCutoverCrashReplaysSameCredentialAndLateWorkerCannotPublish (0.01s)
=== RUN   TestCutoverSealingFailureStillRevokesEveryPossibleIdentity
--- PASS: TestCutoverSealingFailureStillRevokesEveryPossibleIdentity (0.01s)
=== RUN   TestBindingReconcilerResumesCutoverAndCancelsWithGateClosed
--- PASS: TestBindingReconcilerResumesCutoverAndCancelsWithGateClosed (0.00s)
=== RUN   TestCutoverVerificationRetriesOnlyUnverifiedMembersAndRefreshes
--- PASS: TestCutoverVerificationRetriesOnlyUnverifiedMembersAndRefreshes (0.00s)
=== RUN   TestCutoverVerificationCancellationAndEnvelopeFence
=== RUN   TestCutoverVerificationCancellationAndEnvelopeFence/cancel
=== RUN   TestCutoverVerificationCancellationAndEnvelopeFence/lease
=== RUN   TestCutoverVerificationCancellationAndEnvelopeFence/envelope
=== RUN   TestCutoverVerificationCancellationAndEnvelopeFence/deadline
--- PASS: TestCutoverVerificationCancellationAndEnvelopeFence (0.02s)
    --- PASS: TestCutoverVerificationCancellationAndEnvelopeFence/cancel (0.00s)
    --- PASS: TestCutoverVerificationCancellationAndEnvelopeFence/lease (0.00s)
    --- PASS: TestCutoverVerificationCancellationAndEnvelopeFence/envelope (0.00s)
    --- PASS: TestCutoverVerificationCancellationAndEnvelopeFence/deadline (0.01s)
=== RUN   TestCutoverVerificationGateAndTenantIsolation
--- PASS: TestCutoverVerificationGateAndTenantIsolation (0.00s)
=== RUN   TestCutoverVerificationCrashRecoveryAndIdempotentRequest
--- PASS: TestCutoverVerificationCrashRecoveryAndIdempotentRequest (0.01s)
=== RUN   TestHealthMetricsRetainCatalogAndHeartbeatOnFailedSweep
--- PASS: TestHealthMetricsRetainCatalogAndHeartbeatOnFailedSweep (0.00s)
=== RUN   TestHealthCollectorTracksOutageRecoveryWithoutLifecycleChanges
--- PASS: TestHealthCollectorTracksOutageRecoveryWithoutLifecycleChanges (0.01s)
=== RUN   TestHealthCollectorReplicasAndCancellationPreserveLeases
--- PASS: TestHealthCollectorReplicasAndCancellationPreserveLeases (0.00s)
=== RUN   TestHealthPolicyFreshnessAndDisabledCollection
--- PASS: TestHealthPolicyFreshnessAndDisabledCollection (0.00s)
=== RUN   TestHealthObservationRejectsDriftAndInvalidProviderResults
=== RUN   TestHealthObservationRejectsDriftAndInvalidProviderResults/wrong_resource
=== RUN   TestHealthObservationRejectsDriftAndInvalidProviderResults/invalid_status
=== RUN   TestHealthObservationRejectsDriftAndInvalidProviderResults/invalid_compute
=== RUN   TestHealthObservationRejectsDriftAndInvalidProviderResults/unknown_compute
=== RUN   TestHealthObservationRejectsDriftAndInvalidProviderResults/spec_drift
=== RUN   TestHealthObservationRejectsDriftAndInvalidProviderResults/provider_failed
--- PASS: TestHealthObservationRejectsDriftAndInvalidProviderResults (0.01s)
    --- PASS: TestHealthObservationRejectsDriftAndInvalidProviderResults/wrong_resource (0.00s)
    --- PASS: TestHealthObservationRejectsDriftAndInvalidProviderResults/invalid_status (0.00s)
    --- PASS: TestHealthObservationRejectsDriftAndInvalidProviderResults/invalid_compute (0.00s)
    --- PASS: TestHealthObservationRejectsDriftAndInvalidProviderResults/unknown_compute (0.00s)
    --- PASS: TestHealthObservationRejectsDriftAndInvalidProviderResults/spec_drift (0.00s)
    --- PASS: TestHealthObservationRejectsDriftAndInvalidProviderResults/provider_failed (0.00s)
=== RUN   TestQualifyLifecycleExercisesControlPlaneSagaAndCleanup
--- PASS: TestQualifyLifecycleExercisesControlPlaneSagaAndCleanup (1.01s)
=== RUN   TestQualifyLifecycleCleansDatabaseWhenBindingFails
--- PASS: TestQualifyLifecycleCleansDatabaseWhenBindingFails (0.01s)
=== RUN   TestQualifyLifecycleDiscoversReservedDatabaseAfterCreateError
--- PASS: TestQualifyLifecycleDiscoversReservedDatabaseAfterCreateError (0.00s)
=== RUN   TestQualifyLifecycleUsesIndependentCleanupAfterTimeout
--- PASS: TestQualifyLifecycleUsesIndependentCleanupAfterTimeout (0.03s)
=== RUN   TestMetricsExposeBoundedLifecycleAndUsageSignals
--- PASS: TestMetricsExposeBoundedLifecycleAndUsageSignals (0.00s)
=== RUN   TestMetricsRejectEmptyPrefixAndAllowNilRegisterer
--- PASS: TestMetricsRejectEmptyPrefixAndAllowNilRegisterer (0.00s)
=== RUN   TestPostgresCutoverAdmissionFenceCancellation
2026/10/03 12:13:28 OK   00001_init.sql (60.66ms)
2026/10/03 12:13:28 OK   00002_app_manifest_and_domains.sql (10.56ms)
2026/10/03 12:13:28 OK   00003_cron_last_fired.sql (1.09ms)
2026/10/03 12:13:28 OK   00004_stripe_push_dedupe.sql (7.55ms)
2026/10/03 12:13:28 OK   00005_login_tokens.sql (8.36ms)
2026/10/03 12:13:28 OK   00006_deployment_logs.sql (6.45ms)
2026/10/03 12:13:28 OK   00007_github_binding.sql (4.28ms)
2026/10/03 12:13:28 OK   00008_app_secrets.sql (8.39ms)
2026/10/03 12:13:28 OK   00009_instances_reaper_state_idx.sql (2.53ms)
2026/10/03 12:13:28 OK   00010_account_deletion.sql (4.65ms)
2026/10/03 12:13:28 OK   00011_app_min_instances.sql (1.57ms)
2026/10/03 12:13:28 OK   00012_account_stripe_subscription_item.sql (984.78µs)
2026/10/03 12:13:28 OK   00013_account_dunning_and_quota_warning.sql (2.92ms)
2026/10/03 12:13:28 OK   00014_cli_auth_codes.sql (6.13ms)
2026/10/03 12:13:28 OK   00015_instances_started_at_on_create.sql (1.84ms)
2026/10/03 12:13:28 OK   00016_instances_watchdog_state_idx.sql (2.96ms)
2026/10/03 12:13:28 OK   00017_instances_terminal_at.sql (3.49ms)
2026/10/03 12:13:28 OK   00018_builds_kind_relaxed.sql (1.42ms)
2026/10/03 12:13:28 OK   00019_gdpr_requests.sql (6.04ms)
2026/10/03 12:13:28 OK   00020_instance_evicting_state.sql (1.56ms)
2026/10/03 12:13:28 OK   00021_deployment_error_code.sql (2.82ms)
2026/10/03 12:13:28 OK   00022_snapshots_storage_key.sql (2.08ms)
2026/10/03 12:13:28 OK   00023_snapshots_drop_path.sql (1.09ms)
2026/10/03 12:13:28 OK   00024_compute_nodes.sql (14.54ms)
2026/10/03 12:13:28 OK   00025_deployments_rootfs_key.sql (1.85ms)
2026/10/03 12:13:28 OK   00026_compute_node_notify.sql (1.53ms)
2026/10/03 12:13:28 OK   00027_builds_enqueued_at.sql (1.03ms)
2026/10/03 12:13:28 OK   00028_instances_wake_id.sql (14.35ms)
2026/10/03 12:13:28 OK   00029_app_egress_allowlist.sql (2.68ms)
2026/10/03 12:13:28 OK   00030_invocations.sql (13.78ms)
2026/10/03 12:13:28 OK   00031_invocations_notify.sql (4.1ms)
2026/10/03 12:13:28 OK   00032_delayed_tasks.sql (1.57ms)
2026/10/03 12:13:28 OK   00033_app_egress_allowlist_v6.sql (2.73ms)
2026/10/03 12:13:28 OK   00034_paddle_overage_dedupe.sql (4.79ms)
2026/10/03 12:13:28 OK   00035_instances_state_check_realigns.sql (1.59ms)
2026/10/03 12:13:28 OK   00036_api_key_scopes.sql (1.94ms)
2026/10/03 12:13:28 OK   00037_app_runtime_go124.sql (1.43ms)
2026/10/03 12:13:28 OK   00038_oauth_links.sql (5.95ms)
2026/10/03 12:13:28 OK   00039_account_passwords.sql (4.5ms)
2026/10/03 12:13:28 OK   00040_rename_stripe_customer_id.sql (1.01ms)
2026/10/03 12:13:28 OK   00041_paddle_overage_claim_window.sql (7.91ms)
2026/10/03 12:13:28 OK   00042_builds_running_idx.sql (3.83ms)
2026/10/03 12:13:28 OK   00043_app_runtime_go124_alpine.sql (1.31ms)
2026/10/03 12:13:28 OK   00044_recent_build_claims.sql (4.45ms)
2026/10/03 12:13:28 OK   00045_apps_autoscale.sql (2.21ms)
2026/10/03 12:13:28 OK   00046_api_key_scopes_v2.sql (4.83ms)
2026/10/03 12:13:28 OK   00047_crons_created_at.sql (1.09ms)
2026/10/03 12:13:28 OK   00048_invoices.sql (10.81ms)
2026/10/03 12:13:28 OK   00049_account_mfa.sql (4.25ms)
2026/10/03 12:13:28 OK   00050_github_bindings_account.sql (6.72ms)
2026/10/03 12:13:28 OK   00051_crons_app_full_idx.sql (3.86ms)
2026/10/03 12:13:28 OK   00052_build_provenance.sql (7.19ms)
2026/10/03 12:13:28 OK   00053_deployments_source_url.sql (2.24ms)
2026/10/03 12:13:28 OK   00054_account_credits.sql (13.45ms)
2026/10/03 12:13:28 OK   00055_usage_minutes_cpu.sql (4.01ms)
2026/10/03 12:13:28 OK   00056_reserve_slot.sql (837.77µs)
2026/10/03 12:13:28 OK   00057_sessions.sql (8.13ms)
2026/10/03 12:13:28 OK   00058_credit_consumption.sql (3.75ms)
2026/10/03 12:13:28 OK   00059_github_installations.sql (5.96ms)
2026/10/03 12:13:28 OK   00060_reserve_slot.sql (2.61ms)
2026/10/03 12:13:28 OK   00061_app_envs.sql (7.8ms)
2026/10/03 12:13:28 OK   00062_alert_rules.sql (18.12ms)
2026/10/03 12:13:28 OK   00063_api_key_scopes_v3_env.sql (1.68ms)
2026/10/03 12:13:28 OK   00064_invocations_dead_letter.sql (3.22ms)
2026/10/03 12:13:28 OK   00065_compute_node_heartbeats.sql (7.81ms)
2026/10/03 12:13:28 OK   00066_usage_minutes_egress.sql (2.93ms)
2026/10/03 12:13:28 OK   00067_extend_metering_telemetry.sql (10.72ms)
2026/10/03 12:13:28 OK   00068_builder_usage.sql (6.11ms)
2026/10/03 12:13:28 OK   00069_metering_ops_surfaces.sql (3.56ms)
2026/10/03 12:13:28 OK   00070_snapshot_storage_daily.sql (5.07ms)
2026/10/03 12:13:28 OK   00071_reserve_slot.sql (856.14µs)
2026/10/03 12:13:28 OK   00072_compute_nodes_region_zone.sql (6.08ms)
2026/10/03 12:13:28 OK   00073_snapshots_live_idx.sql (2.53ms)
2026/10/03 12:13:28 OK   00074_projects_and_workloads.sql (16.45ms)
2026/10/03 12:13:28 OK   00075_app_runtime_node24_python313.sql (1.45ms)
2026/10/03 12:13:28 OK   00076_compute_node_keys.sql (9.07ms)
2026/10/03 12:13:28 OK   00077_reserve_slot.sql (963.37µs)
2026/10/03 12:13:28 OK   00078_egress_policy_notify.sql (6.3ms)
2026/10/03 12:13:28 OK   00079_deployment_overrides.sql (1.42ms)
2026/10/03 12:13:28 OK   00080_apps_streaming_enabled.sql (2.82ms)
2026/10/03 12:13:28 OK   00081_reserve_slot.sql (794.93µs)
2026/10/03 12:13:28 OK   00082_apps_scaling_policy.sql (2.91ms)
2026/10/03 12:13:28 OK   00083_reserve_slot.sql (1.47ms)
2026/10/03 12:13:28 OK   00084_reserve_slot.sql (1.91ms)
2026/10/03 12:13:28 OK   00085_builds_kind_github.sql (3.22ms)
2026/10/03 12:13:28 OK   00086_apps_require_signed.sql (7.3ms)
2026/10/03 12:13:28 OK   00087_reserve_slot.sql (837.46µs)
2026/10/03 12:13:28 OK   00088_reserve_slot.sql (2.98ms)
2026/10/03 12:13:28 OK   00089_reserve_slot.sql (835.69µs)
2026/10/03 12:13:28 OK   00090_apps_node_shard.sql (7.63ms)
2026/10/03 12:13:28 OK   00091_apps_node_claimable.sql (1ms)
2026/10/03 12:13:28 OK   00092_reserve_slot.sql (774.79µs)
2026/10/03 12:13:28 OK   00093_reserve_slot.sql (776.92µs)
2026/10/03 12:13:28 OK   00094_app_registry_credentials.sql (8.44ms)
2026/10/03 12:13:28 OK   00095_apps_reassigned_at.sql (3.46ms)
2026/10/03 12:13:28 OK   00096_apps_node_reassignable.sql (2.67ms)
2026/10/03 12:13:28 OK   00097_reserve_slot.sql (904.91µs)
2026/10/03 12:13:28 OK   00098_reserve_slot.sql (816.5µs)
2026/10/03 12:13:28 OK   00099_orgs_memberships_invitations.sql (63.3ms)
2026/10/03 12:13:28 OK   00100_reserve_slot.sql (1.4ms)
2026/10/03 12:13:28 OK   00101_reserve_slot.sql (1.48ms)
2026/10/03 12:13:28 OK   00102_reserve_slot.sql (819.54µs)
2026/10/03 12:13:28 OK   00103_instances_migrated_from.sql (4.94ms)
2026/10/03 12:13:28 OK   00104_apps_migrated_at.sql (3.44ms)
2026/10/03 12:13:28 OK   00105_personal_org_backfill.sql (2.64ms)
2026/10/03 12:13:28 OK   00106_reserve_slot.sql (728.85µs)
2026/10/03 12:13:28 OK   00107_reserve_slot.sql (3.12ms)
2026/10/03 12:13:28 OK   00108_reserve_slot.sql (801.28µs)
2026/10/03 12:13:28 OK   00109_apps_warm_snapshot.sql (3.36ms)
2026/10/03 12:13:28 OK   00110_snapshots_tier.sql (4.19ms)
2026/10/03 12:13:28 OK   00111_reserve_slot.sql (792.2µs)
2026/10/03 12:13:28 OK   00112_reserve_slot.sql (734.97µs)
2026/10/03 12:13:28 OK   00113_reserve_slot.sql (1.57ms)
2026/10/03 12:13:28 OK   00114_events_wake_id_idx.sql (3.02ms)
2026/10/03 12:13:28 OK   00115_api_key_expiry_rotation.sql (8.55ms)
2026/10/03 12:13:28 OK   00116_reserve_slot.sql (815.64µs)
2026/10/03 12:13:28 OK   00117_reserve_slot.sql (735.47µs)
2026/10/03 12:13:28 OK   00118_deployments_sidecars.sql (3.25ms)
2026/10/03 12:13:28 OK   00119_reserve_slot.sql (760.19µs)
2026/10/03 12:13:28 OK   00120_reserve_slot.sql (725.79µs)
2026/10/03 12:13:28 OK   00121_reserve_slot.sql (717.42µs)
2026/10/03 12:13:28 OK   00122_instances_framework_ready_at.sql (934.67µs)
2026/10/03 12:13:28 OK   00123_compute_nodes_vcpu_budget.sql (1.17ms)
2026/10/03 12:13:28 OK   00124_reserve_slot.sql (763.24µs)
2026/10/03 12:13:28 OK   00125_warm_hint.sql (4.62ms)
2026/10/03 12:13:28 OK   00126_pg_ratelimit.sql (6.99ms)
2026/10/03 12:13:28 OK   00127_deployments_sidecar_layers.sql (10.69ms)
2026/10/03 12:13:28 OK   00128_events_sidecar_name_idx.sql (2.4ms)
2026/10/03 12:13:28 OK   00129_reserve_slot.sql (733.1µs)
2026/10/03 12:13:28 OK   00130_reserve_slot.sql (680.81µs)
2026/10/03 12:13:28 OK   00131_apps_align_min_instances.sql (3.16ms)
2026/10/03 12:13:28 OK   00132_instances_app_deployment_idx.sql (4.78ms)
2026/10/03 12:13:28 OK   00133_deployments_min_instances.sql (1.8ms)
2026/10/03 12:13:28 OK   00134_api_keys_org_bound.sql (1.58ms)
2026/10/03 12:13:28 OK   00135_reserve_slot.sql (1.39ms)
2026/10/03 12:13:28 OK   00136_reserve_slot.sql (1.85ms)
2026/10/03 12:13:28 OK   00137_reserve_slot.sql (830.96µs)
2026/10/03 12:13:28 OK   00138_apps_eviction_priority.sql (1.94ms)
2026/10/03 12:13:28 OK   00139_reserve_slot.sql (755.96µs)
2026/10/03 12:13:29 OK   00140_app_webhooks.sql (8.68ms)
2026/10/03 12:13:29 OK   00141_app_webhook_deliveries.sql (9.69ms)
2026/10/03 12:13:29 OK   00142_reserve_slot.sql (846.01µs)
2026/10/03 12:13:29 OK   00143_apps_require_authn.sql (1.15ms)
2026/10/03 12:13:29 OK   00144_api_keys_provenance.sql (3.33ms)
2026/10/03 12:13:29 OK   00145_sessions_binding.sql (1.61ms)
2026/10/03 12:13:29 OK   00146_reserve_slot.sql (1.59ms)
2026/10/03 12:13:29 OK   00147_deployments_scan_result.sql (4.41ms)
2026/10/03 12:13:29 OK   00148_reserve_slot.sql (2.69ms)
2026/10/03 12:13:29 OK   00149_webhook_deliveries.sql (6.77ms)
2026/10/03 12:13:29 OK   00150_reserve_slot.sql (791.02µs)
2026/10/03 12:13:29 OK   00151_wait_until_tail.sql (2.27ms)
2026/10/03 12:13:29 OK   00152_overage_cap_gate_index.sql (782.95µs)
2026/10/03 12:13:29 OK   00153_apps_public_auth.sql (2.09ms)
2026/10/03 12:13:29 OK   00154_deployment_liveness_probe.sql (978.01µs)
2026/10/03 12:13:29 OK   00155_apps_websocket_enabled.sql (4.64ms)
2026/10/03 12:13:29 OK   00156_apps_auth_default_flip.sql (3.41ms)
2026/10/03 12:13:29 OK   00157_deployments_parked_reason.sql (1.65ms)
2026/10/03 12:13:29 OK   00158_accounts_egress_allowlist_extra.sql (1.26ms)
2026/10/03 12:13:29 OK   00159_invocations_replay_source.sql (1.65ms)
2026/10/03 12:13:29 OK   00160_deployments_traffic_percent.sql (4.03ms)
2026/10/03 12:13:29 OK   00161_reserve_slot.sql (780.63µs)
2026/10/03 12:13:29 OK   00162_deployments_live_traffic_idx.sql (2.66ms)
2026/10/03 12:13:29 OK   00163_audit_log.sql (7.8ms)
2026/10/03 12:13:29 OK   00164_gdpr_request_id.sql (3.22ms)
2026/10/03 12:13:29 OK   00165_build_provenance_framework_version.sql (2.48ms)
2026/10/03 12:13:29 OK   00166_reserve_slot.sql (791µs)
2026/10/03 12:13:29 OK   00167_apps_overflow_node.sql (4.22ms)
2026/10/03 12:13:29 OK   00168_reserve_slot.sql (3.06ms)
2026/10/03 12:13:29 OK   00169_reserve_slot.sql (2.84ms)
2026/10/03 12:13:29 OK   00170_reserve_slot.sql (2.28ms)
2026/10/03 12:13:29 OK   00171_reserve_slot.sql (1.29ms)
2026/10/03 12:13:29 OK   00172_reserve_slot.sql (1.41ms)
2026/10/03 12:13:29 OK   00173_invocations_outcome.sql (3.98ms)
2026/10/03 12:13:29 OK   00174_compute_nodes_public_ip.sql (3.64ms)
2026/10/03 12:13:29 OK   00175_reserve_slot.sql (831.17µs)
2026/10/03 12:13:29 OK   00176_reserve_slot.sql (806.48µs)
2026/10/03 12:13:29 OK   00177_reserve_slot.sql (780.71µs)
2026/10/03 12:13:29 OK   00178_reserve_slot.sql (822.42µs)
2026/10/03 12:13:29 OK   00179_reserve_slot.sql (774.66µs)
2026/10/03 12:13:29 OK   00180_reserve_slot.sql (721.15µs)
2026/10/03 12:13:29 OK   00181_reserve_slot.sql (801.25µs)
2026/10/03 12:13:29 OK   00182_reserve_slot.sql (744.16µs)
2026/10/03 12:13:29 OK   00183_reserve_slot.sql (764.27µs)
2026/10/03 12:13:29 OK   00184_reserve_slot.sql (870.65µs)
2026/10/03 12:13:29 OK   00185_reserve_slot.sql (706.01µs)
2026/10/03 12:13:29 OK   00186_reserve_slot.sql (768.14µs)
2026/10/03 12:13:29 OK   00187_reserve_slot.sql (763.25µs)
2026/10/03 12:13:29 OK   00188_reserve_slot.sql (767.11µs)
2026/10/03 12:13:29 OK   00189_reserve_slot.sql (685.17µs)
2026/10/03 12:13:29 OK   00190_admin_obs_index.sql (5.26ms)
2026/10/03 12:13:29 OK   00191_app_secrets_kid.sql (4.97ms)
2026/10/03 12:13:29 OK   00192_edge_rules.sql (11.84ms)
2026/10/03 12:13:29 OK   00193_reserve_slot.sql (796.62µs)
2026/10/03 12:13:29 OK   00194_cron_fire_now_requests.sql (9.58ms)
2026/10/03 12:13:29 OK   00195_reserve_slot.sql (848.25µs)
2026/10/03 12:13:29 OK   00196_reserve_slot.sql (849.42µs)
2026/10/03 12:13:29 OK   00197_builds_deployment_started_idx.sql (2.29ms)
2026/10/03 12:13:29 OK   00198_reserve_slot.sql (804.8µs)
2026/10/03 12:13:29 OK   00199_reserve_slot.sql (733.45µs)
2026/10/03 12:13:29 OK   00200_reserve_slot.sql (728.9µs)
2026/10/03 12:13:29 OK   00201_reserve_slot.sql (762.29µs)
2026/10/03 12:13:29 OK   00202_reserve_slot.sql (696.86µs)
2026/10/03 12:13:29 OK   00203_app_envs_scope.sql (5.68ms)
2026/10/03 12:13:29 OK   00204_reserve_slot.sql (2.88ms)
2026/10/03 12:13:29 OK   00205_reserve_slot.sql (1.15ms)
2026/10/03 12:13:29 OK   00206_webhook_event_allowlist_cron_fired_manually.sql (1.56ms)
2026/10/03 12:13:29 OK   00207_reserve_slot.sql (735.07µs)
2026/10/03 12:13:29 OK   00208_reserve_slot.sql (2.52ms)
2026/10/03 12:13:29 OK   00209_reserve_slot.sql (2.84ms)
2026/10/03 12:13:29 OK   00210_crons_unique_app_schedule_path.sql (3.52ms)
2026/10/03 12:13:29 OK   00211_reserve_slot.sql (777.77µs)
2026/10/03 12:13:29 OK   00212_github_webhook_secrets.sql (5.02ms)
2026/10/03 12:13:29 OK   00213_deployments_scope.sql (5.54ms)
2026/10/03 12:13:29 OK   00214_edge_rules_kind_validate.sql (1.37ms)
2026/10/03 12:13:29 OK   00215_compute_node_heartbeats_stats.sql (1.13ms)
2026/10/03 12:13:29 OK   00216_apps_route_metrics_enabled.sql (2.9ms)
2026/10/03 12:13:29 OK   00217_app_secrets_scope.sql (5.59ms)
2026/10/03 12:13:29 OK   00218_reserve_slot.sql (867.99µs)
2026/10/03 12:13:29 OK   00219_edge_rules_kind_limit.sql (1.33ms)
2026/10/03 12:13:29 OK   00220_preview_app_columns.sql (9.23ms)
2026/10/03 12:13:29 OK   00221_instances_request_count.sql (1.2ms)
2026/10/03 12:13:29 OK   00222_app_errors.sql (22.17ms)
2026/10/03 12:13:29 OK   00223_reserve_slot.sql (2.81ms)
2026/10/03 12:13:29 OK   00224_apps_cors_defaults.sql (2.75ms)
2026/10/03 12:13:29 OK   00225_reserve_slot.sql (779.7µs)
2026/10/03 12:13:29 OK   00226_data_upstreams.sql (22.76ms)
2026/10/03 12:13:29 OK   00227_reserve_slot.sql (1.02ms)
2026/10/03 12:13:29 OK   00228_reserve_slot.sql (786.12µs)
2026/10/03 12:13:29 OK   00229_edge_rules_kind_geo.sql (1.39ms)
2026/10/03 12:13:29 OK   00230_reserve_slot.sql (854.36µs)
2026/10/03 12:13:29 OK   00231_reserve_slot.sql (851.93µs)
2026/10/03 12:13:29 OK   00232_reserve_slot.sql (756.27µs)
2026/10/03 12:13:29 OK   00233_reserve_slot.sql (2.67ms)
2026/10/03 12:13:29 OK   00234_reserve_slot.sql (1.34ms)
2026/10/03 12:13:29 OK   00235_reserve_slot.sql (1.54ms)
2026/10/03 12:13:29 OK   00236_edge_rules_kind_maintenance.sql (2.54ms)
2026/10/03 12:13:29 OK   00237_apps_maintenance_mode.sql (3.67ms)
2026/10/03 12:13:29 OK   00238_reserve_slot.sql (750.45µs)
2026/10/03 12:13:29 OK   00239_reserve_slot.sql (757.33µs)
2026/10/03 12:13:29 OK   00240_reserve_slot.sql (772.19µs)
2026/10/03 12:13:29 OK   00241_reserve_slot.sql (2.01ms)
2026/10/03 12:13:29 OK   00242_reserve_slot.sql (2.31ms)
2026/10/03 12:13:29 OK   00243_tenant_surfaces.sql (23.31ms)
2026/10/03 12:13:29 OK   00244_reserve_slot.sql (857.28µs)
2026/10/03 12:13:29 OK   00245_reserve_slot.sql (2.12ms)
2026/10/03 12:13:29 OK   00246_reserve_slot.sql (833.05µs)
2026/10/03 12:13:29 OK   00247_reserve_slot.sql (1.93ms)
2026/10/03 12:13:29 OK   00248_reserve_slot.sql (1.9ms)
2026/10/03 12:13:29 OK   00249_reserve_slot.sql (764.92µs)
2026/10/03 12:13:29 OK   00250_reserve_slot.sql (695.94µs)
2026/10/03 12:13:29 OK   00251_reserve_slot.sql (768.09µs)
2026/10/03 12:13:29 OK   00252_reserve_slot.sql (699.54µs)
2026/10/03 12:13:29 OK   00253_reserve_slot.sql (713.62µs)
2026/10/03 12:13:29 OK   00254_edge_rules_kind_budget.sql (1.35ms)
2026/10/03 12:13:29 OK   00255_jobs.sql (34.25ms)
2026/10/03 12:13:29 OK   00256_instances_kind_job.sql (8.55ms)
2026/10/03 12:13:29 OK   00257_usage_minutes_app_nullable.sql (7.19ms)
2026/10/03 12:13:29 OK   00258_reserve_slot.sql (1.4ms)
2026/10/03 12:13:29 OK   00259_reserve_slot.sql (1.3ms)
2026/10/03 12:13:29 OK   00260_reserve_slot.sql (2.44ms)
2026/10/03 12:13:29 OK   00261_reserve_slot.sql (1.07ms)
2026/10/03 12:13:29 OK   00262_reserve_slot.sql (688.47µs)
2026/10/03 12:13:29 OK   00263_reserve_slot.sql (2.04ms)
2026/10/03 12:13:29 OK   00264_deployments_secret_findings.sql (2.01ms)
2026/10/03 12:13:29 OK   00265_edge_rules_kind_throttle.sql (1.35ms)
2026/10/03 12:13:29 OK   00266_reserve_slot.sql (1.97ms)
2026/10/03 12:13:29 OK   00267_reserve_slot.sql (840.44µs)
2026/10/03 12:13:29 OK   00268_reserve_slot.sql (2.61ms)
2026/10/03 12:13:29 OK   00269_oidc_trust_policies.sql (6.42ms)
2026/10/03 12:13:29 OK   00270_oidc_exchanged_tokens.sql (7.17ms)
2026/10/03 12:13:29 OK   00271_compute_nodes_release.sql (2.81ms)
2026/10/03 12:13:29 OK   00272_release_bundles.sql (7.21ms)
2026/10/03 12:13:29 OK   00273_reserve_slot.sql (1.7ms)
2026/10/03 12:13:29 OK   00274_reserve_slot.sql (1.52ms)
2026/10/03 12:13:29 OK   00275_reserve_slot.sql (1.46ms)
2026/10/03 12:13:29 OK   00276_egress_policy_exceptions.sql (3.42ms)
2026/10/03 12:13:29 OK   00277_reserve_slot.sql (840.86µs)
2026/10/03 12:13:29 OK   00278_reserve_slot.sql (1.47ms)
2026/10/03 12:13:29 OK   00279_reserve_slot.sql (1.48ms)
2026/10/03 12:13:29 OK   00280_paddle_overage_pushed_mb_seconds.sql (1.54ms)
2026/10/03 12:13:29 OK   00281_reserve_slot.sql (755.65µs)
2026/10/03 12:13:29 OK   00282_reserve_slot.sql (813.4µs)
2026/10/03 12:13:29 OK   00283_reserve_slot.sql (1.29ms)
2026/10/03 12:13:29 OK   00284_tenant_surfaces_per_host_kind.sql (3.16ms)
2026/10/03 12:13:29 OK   00285_reserve_slot.sql (783.85µs)
2026/10/03 12:13:29 OK   00286_data_upstreams_deployment_scope.sql (4.92ms)
2026/10/03 12:13:29 OK   00287_pg_ratelimit_add_rule_scope.sql (1.16ms)
2026/10/03 12:13:29 OK   00288_reserve_slot.sql (799.55µs)
2026/10/03 12:13:29 OK   00289_reserve_slot.sql (702.31µs)
2026/10/03 12:13:29 OK   00290_deployment_error_explanation.sql (1.59ms)
2026/10/03 12:13:29 OK   00291_reserve_slot.sql (841.79µs)
2026/10/03 12:13:29 OK   00292_reserve_slot.sql (2.75ms)
2026/10/03 12:13:29 OK   00293_validate_mode.sql (1.73ms)
2026/10/03 12:13:29 OK   00294_reserve_slot.sql (822.92µs)
2026/10/03 12:13:29 OK   00295_reserve_slot.sql (2.61ms)
2026/10/03 12:13:29 OK   00296_reserve_slot.sql (1.24ms)
2026/10/03 12:13:29 OK   00297_triggers.sql (29.23ms)
2026/10/03 12:13:29 OK   00298_triggers_payload_max.sql (1.65ms)
2026/10/03 12:13:29 OK   00299_triggers_poison_strategy.sql (3.33ms)
2026/10/03 12:13:29 OK   00300_triggers_filter_criteria.sql (2.61ms)
2026/10/03 12:13:29 OK   00301_reserve_slot.sql (2.79ms)
2026/10/03 12:13:29 OK   00302_deployments_stage_state.sql (2.47ms)
2026/10/03 12:13:29 OK   00303_reserve_slot.sql (2.07ms)
2026/10/03 12:13:29 OK   00304_cors_presets.sql (9.94ms)
2026/10/03 12:13:29 OK   00305_reserve_slot.sql (2.06ms)
2026/10/03 12:13:29 OK   00306_reserve_slot.sql (768.39µs)
2026/10/03 12:13:29 OK   00307_reserve_slot.sql (778.41µs)
2026/10/03 12:13:29 OK   00308_reserve_slot.sql (742.74µs)
2026/10/03 12:13:29 OK   00309_reserve_slot.sql (727.11µs)
2026/10/03 12:13:29 OK   00310_reserve_slot.sql (2.54ms)
2026/10/03 12:13:29 OK   00311_reserve_slot.sql (794.27µs)
2026/10/03 12:13:29 OK   00312_reserve_slot.sql (1.99ms)
2026/10/03 12:13:29 OK   00313_domain_doctor_observations.sql (7.49ms)
2026/10/03 12:13:29 OK   00314_reserve_slot.sql (816.71µs)
2026/10/03 12:13:29 OK   00315_reserve_slot.sql (888.79µs)
2026/10/03 12:13:29 OK   00316_reserve_slot.sql (759.54µs)
2026/10/03 12:13:29 OK   00317_reserve_slot.sql (770µs)
2026/10/03 12:13:29 OK   00318_deployments_actor.sql (4.33ms)
2026/10/03 12:13:29 OK   00319_deployments_actor_validate_fk.sql (1.61ms)
2026/10/03 12:13:29 OK   00320_reserve_slot.sql (831.04µs)
2026/10/03 12:13:29 OK   00321_reserve_slot.sql (709.92µs)
2026/10/03 12:13:29 OK   00322_reserve_slot.sql (1.25ms)
2026/10/03 12:13:29 OK   00323_reserve_slot.sql (1.81ms)
2026/10/03 12:13:29 OK   00324_reserve_slot.sql (979.19µs)
2026/10/03 12:13:29 OK   00325_reserve_slot.sql (2.47ms)
2026/10/03 12:13:29 OK   00326_apps_public_auth_ip_allowlist.sql (4.36ms)
2026/10/03 12:13:29 OK   00327_reserve_slot.sql (799.85µs)
2026/10/03 12:13:29 OK   00328_reserve_slot.sql (2.66ms)
2026/10/03 12:13:29 OK   00329_consumer_keys.sql (13.12ms)
2026/10/03 12:13:29 OK   00330_reserve_slot.sql (971.19µs)
2026/10/03 12:13:29 OK   00331_reserve_slot.sql (777.16µs)
2026/10/03 12:13:29 OK   00332_reserve_slot.sql (1.73ms)
2026/10/03 12:13:29 OK   00333_apps_public_auth_internal_only.sql (2.64ms)
2026/10/03 12:13:29 OK   00334_reserve_slot.sql (838.8µs)
2026/10/03 12:13:29 OK   00335_reserve_slot.sql (1.68ms)
2026/10/03 12:13:29 OK   00336_apps_static_egress_ip.sql (5.47ms)
2026/10/03 12:13:29 OK   00337_provisioned_static_egress_ips.sql (8.16ms)
2026/10/03 12:13:29 OK   00338_reserve_slot.sql (840.17µs)
2026/10/03 12:13:29 OK   00339_reserve_slot.sql (2.61ms)
2026/10/03 12:13:29 OK   00340_reserve_slot.sql (1.25ms)
2026/10/03 12:13:29 OK   00341_repair_app_secrets_scope.sql (2.37ms)
2026/10/03 12:13:29 OK   00342_reserve_slot.sql (824.01µs)
2026/10/03 12:13:29 OK   00343_reserve_slot.sql (853.3µs)
2026/10/03 12:13:29 OK   00344_reserve_slot.sql (2.78ms)
2026/10/03 12:13:29 OK   00345_edge_rules_kind_cache.sql (1.59ms)
2026/10/03 12:13:29 OK   00346_deployments_annotation.sql (3.01ms)
2026/10/03 12:13:29 EMPTY 00347_reserve_slot.sql (759.91µs)
2026/10/03 12:13:29 OK   00348_reserve_slot.sql (860.33µs)
2026/10/03 12:13:29 OK   00349_reserve_slot.sql (791.97µs)
2026/10/03 12:13:29 OK   00350_reserve_slot.sql (704.12µs)
2026/10/03 12:13:29 OK   00351_reserve_slot.sql (841.73µs)
2026/10/03 12:13:29 OK   00352_reserve_slot.sql (802.96µs)
2026/10/03 12:13:29 OK   00353_preview_destroy_commented_at.sql (1.16ms)
2026/10/03 12:13:29 OK   00354_deployments_rollback_on_5xx.sql (4.76ms)
2026/10/03 12:13:29 OK   00355_reserve_slot.sql (812.69µs)
2026/10/03 12:13:29 OK   00356_reserve_slot.sql (3.49ms)
2026/10/03 12:13:29 OK   00357_reserve_slot.sql (847.06µs)
2026/10/03 12:13:29 OK   00358_deployment_openapi_snapshots.sql (8.26ms)
2026/10/03 12:13:29 OK   00359_reserve_slot.sql (846.49µs)
2026/10/03 12:13:29 OK   00360_reserve_slot.sql (2.56ms)
2026/10/03 12:13:29 OK   00361_reserve_slot.sql (1.35ms)
2026/10/03 12:13:29 OK   00362_reserve_slot.sql (1.51ms)
2026/10/03 12:13:29 OK   00363_reserve_slot.sql (758.81µs)
2026/10/03 12:13:29 OK   00364_reserve_slot.sql (721.1µs)
2026/10/03 12:13:29 OK   00365_reserve_slot.sql (810.96µs)
2026/10/03 12:13:29 OK   00366_reserve_slot.sql (791.17µs)
2026/10/03 12:13:29 EMPTY 00367_deployments_stage_state_history_cap.sql (615.76µs)
2026/10/03 12:13:29 OK   00368_reserve_slot.sql (760.27µs)
2026/10/03 12:13:29 OK   00369_reserve_slot.sql (802.19µs)
2026/10/03 12:13:29 OK   00370_reserve_slot.sql (842.65µs)
2026/10/03 12:13:29 OK   00371_reserve_slot.sql (1.5ms)
2026/10/03 12:13:29 OK   00372_reserve_slot.sql (1.69ms)
2026/10/03 12:13:29 OK   00373_reserve_slot.sql (764.01µs)
2026/10/03 12:13:29 OK   00374_reserve_slot.sql (791.84µs)
2026/10/03 12:13:29 OK   00375_endpoint_discovery.sql (11.12ms)
2026/10/03 12:13:29 OK   00376_reserve_slot.sql (885.34µs)
2026/10/03 12:13:29 OK   00377_reserve_slot.sql (753.77µs)
2026/10/03 12:13:29 OK   00378_reserve_slot.sql (810.35µs)
2026/10/03 12:13:29 OK   00379_reserve_slot.sql (778.41µs)
2026/10/03 12:13:29 OK   00380_reserve_slot.sql (713.97µs)
2026/10/03 12:13:29 OK   00381_reserve_slot.sql (833.53µs)
2026/10/03 12:13:29 OK   00382_apps_app_protocol.sql (3.5ms)
2026/10/03 12:13:29 OK   00383_reserve_slot.sql (818.72µs)
2026/10/03 12:13:29 OK   00384_mirror_rules.sql (10.18ms)
2026/10/03 12:13:29 OK   00385_instances_mode.sql (4.04ms)
2026/10/03 12:13:29 OK   00386_mirror_invocation_results.sql (6.76ms)
2026/10/03 12:13:29 OK   00387_reserve_slot.sql (825.73µs)
2026/10/03 12:13:29 OK   00388_reserve_slot.sql (741.58µs)
2026/10/03 12:13:29 OK   00389_reserve_slot.sql (763.93µs)
2026/10/03 12:13:29 OK   00390_reserve_slot.sql (705.89µs)
2026/10/03 12:13:29 OK   00391_reserve_slot.sql (770.85µs)
2026/10/03 12:13:29 OK   00392_reserve_slot.sql (813.67µs)
2026/10/03 12:13:29 OK   00393_reserve_slot.sql (671.39µs)
2026/10/03 12:13:29 OK   00394_reserve_slot.sql (711.89µs)
2026/10/03 12:13:29 OK   00395_reserve_slot.sql (679.98µs)
2026/10/03 12:13:29 OK   00396_reserve_slot.sql (684.71µs)
2026/10/03 12:13:29 OK   00397_reserve_slot.sql (766.45µs)
2026/10/03 12:13:29 OK   00398_reserve_slot.sql (701.46µs)
2026/10/03 12:13:29 OK   00399_reserve_slot.sql (715.07µs)
2026/10/03 12:13:29 OK   00400_reserve_slot.sql (2.66ms)
2026/10/03 12:13:29 OK   00401_reserve_slot.sql (793.85µs)
2026/10/03 12:13:29 OK   00402_reserve_slot.sql (758.75µs)
2026/10/03 12:13:29 OK   00403_reserve_slot.sql (701.37µs)
2026/10/03 12:13:29 OK   00404_reserve_slot.sql (706.62µs)
2026/10/03 12:13:29 OK   00405_reserve_slot.sql (1.37ms)
2026/10/03 12:13:29 OK   00406_reserve_slot.sql (1.9ms)
2026/10/03 12:13:29 OK   00407_reserve_slot.sql (901.66µs)
2026/10/03 12:13:29 OK   00408_reserve_slot.sql (1.8ms)
2026/10/03 12:13:29 OK   00409_reserve_slot.sql (1.38ms)
2026/10/03 12:13:29 OK   00410_app_secret_value_hash.sql (1.82ms)
2026/10/03 12:13:29 OK   00411_liveness_restart_count.sql (3.71ms)
2026/10/03 12:13:29 OK   00412_status_incidents.sql (7.77ms)
2026/10/03 12:13:29 OK   00413_reserve_slot.sql (816.71µs)
2026/10/03 12:13:29 OK   00414_reserve_slot.sql (736.63µs)
2026/10/03 12:13:29 OK   00415_reserve_slot.sql (651.28µs)
2026/10/03 12:13:29 OK   00416_openapi_import.sql (8.76ms)
2026/10/03 12:13:29 OK   00417_alert_presets.sql (9.65ms)
2026/10/03 12:13:29 OK   00418_alert_presets_seed.sql (3.94ms)
2026/10/03 12:13:29 OK   00419_alert_rules_extend_metrics_chk.sql (1.6ms)
2026/10/03 12:13:29 OK   00420_account_spend_snapshot.sql (8.89ms)
2026/10/03 12:13:29 OK   00421_meterd_tenant_surface_cert_expiry_state.sql (11.02ms)
2026/10/03 12:13:29 OK   00422_reserve_slot.sql (913.14µs)
2026/10/03 12:13:29 OK   00423_reserve_slot.sql (752.45µs)
2026/10/03 12:13:29 OK   00424_reserve_slot.sql (799.97µs)
2026/10/03 12:13:29 OK   00425_reserve_slot.sql (2.54ms)
2026/10/03 12:13:29 OK   00426_reserve_slot.sql (1.36ms)
2026/10/03 12:13:29 OK   00427_request_telemetry.sql (11.79ms)
2026/10/03 12:13:29 OK   00428_reserve_slot.sql (832.35µs)
2026/10/03 12:13:29 OK   00429_node_join_jobs.sql (9.13ms)
2026/10/03 12:13:29 OK   00430_compute_node_heartbeats_builder_tick.sql (1.37ms)
2026/10/03 12:13:29 OK   00431_compute_nodes_active_unique.sql (2.55ms)
2026/10/03 12:13:29 OK   00432_instances_wake_attempt_active_unique.sql (2.5ms)
2026/10/03 12:13:29 OK   00433_migration_notify.sql (2.4ms)
2026/10/03 12:13:29 OK   00434_cluster_signing_keys.sql (6.08ms)
2026/10/03 12:13:29 OK   00435_request_telemetry_monthly_partitions.sql (26.24ms)
2026/10/03 12:13:29 OK   00436_debug_regression_observations.sql (7.02ms)
2026/10/03 12:13:29 OK   00437_reserve_slot.sql (3.49ms)
2026/10/03 12:13:29 OK   00438_reserve_slot.sql (1.76ms)
2026/10/03 12:13:29 OK   00439_reserve_slot.sql (1.75ms)
2026/10/03 12:13:29 OK   00440_request_telemetry_count.sql (2.3ms)
2026/10/03 12:13:29 OK   00441_reserve_slot.sql (2.58ms)
2026/10/03 12:13:30 OK   00442_reserve_slot.sql (1.29ms)
2026/10/03 12:13:30 OK   00443_reserve_slot.sql (832.35µs)
2026/10/03 12:13:30 OK   00444_reserve_slot.sql (835.97µs)
2026/10/03 12:13:30 OK   00445_operator_intents.sql (9.33ms)
2026/10/03 12:13:30 OK   00446_operator_intents_force_restart_kind.sql (1.42ms)
2026/10/03 12:13:30 OK   00447_reserve_slot.sql (988.71µs)
2026/10/03 12:13:30 OK   00448_reserve_slot.sql (967.08µs)
2026/10/03 12:13:30 OK   00449_reserve_slot.sql (915.8µs)
2026/10/03 12:13:30 OK   00450_reserve_slot.sql (877.13µs)
2026/10/03 12:13:30 OK   00451_reserve_slot.sql (3.7ms)
2026/10/03 12:13:30 OK   00452_reserve_slot.sql (1.4ms)
2026/10/03 12:13:30 OK   00453_reserve_slot.sql (834.98µs)
2026/10/03 12:13:30 OK   00454_reserve_slot.sql (761.91µs)
2026/10/03 12:13:30 OK   00455_reserve_slot.sql (770.42µs)
2026/10/03 12:13:30 OK   00456_reserve_slot.sql (774.86µs)
2026/10/03 12:13:30 OK   00457_reserve_slot.sql (773.47µs)
2026/10/03 12:13:30 OK   00458_reserve_slot.sql (2.53ms)
2026/10/03 12:13:30 OK   00459_reserve_slot.sql (1.42ms)
2026/10/03 12:13:30 OK   00460_reserve_slot.sql (2.83ms)
2026/10/03 12:13:30 OK   00461_reserve_slot.sql (3.38ms)
2026/10/03 12:13:30 OK   00462_reserve_slot.sql (881.59µs)
2026/10/03 12:13:30 OK   00463_reserve_slot.sql (891.1µs)
2026/10/03 12:13:30 OK   00464_reserve_slot.sql (895.06µs)
2026/10/03 12:13:30 OK   00465_reserve_slot.sql (890.73µs)
2026/10/03 12:13:30 OK   00466_reserve_slot.sql (790.99µs)
2026/10/03 12:13:30 OK   00467_reserve_slot.sql (2.65ms)
2026/10/03 12:13:30 OK   00468_compute_nodes_gateway_target.sql (2.59ms)
2026/10/03 12:13:30 OK   00469_runtime_configuration.sql (15.98ms)
2026/10/03 12:13:30 OK   00470_runtime_configuration_operations.sql (9.5ms)
2026/10/03 12:13:30 OK   00471_snapshot_replicas.sql (14.72ms)
2026/10/03 12:13:30 OK   00472_reserve_slot.sql (996.75µs)
2026/10/03 12:13:30 OK   00473_reserve_slot.sql (912.38µs)
2026/10/03 12:13:30 OK   00474_reserve_slot.sql (919.22µs)
2026/10/03 12:13:30 OK   00475_reserve_slot.sql (924.39µs)
2026/10/03 12:13:30 OK   00476_reserve_slot.sql (840.25µs)
2026/10/03 12:13:30 OK   00477_deployment_audit.sql (11.6ms)
2026/10/03 12:13:30 OK   00478_deployment_audit_backfill_90d.sql (3.49ms)
2026/10/03 12:13:30 OK   00479_mfa_opt_in.sql (2.73ms)
2026/10/03 12:13:30 OK   00480_snapshot_replica_event_queue.sql (12.07ms)
2026/10/03 12:13:30 OK   00481_reserve_slot.sql (1.11ms)
2026/10/03 12:13:30 OK   00482_instances_live_node_id_idx.sql (2.92ms)
2026/10/03 12:13:30 OK   00483_schema_integrity_repair.sql (3.16ms)
2026/10/03 12:13:30 OK   00484_reserve_slot.sql (1.03ms)
2026/10/03 12:13:30 OK   00485_deployments_canary_state.sql (10.48ms)
2026/10/03 12:13:30 OK   00486_events_operator_intents_trace_id.sql (4.71ms)
2026/10/03 12:13:30 OK   00487_edge_rules_cors_preset_fk.sql (6.77ms)
2026/10/03 12:13:30 OK   00488_reserve_slot.sql (934.16µs)
2026/10/03 12:13:30 OK   00489_reserve_slot.sql (2.95ms)
2026/10/03 12:13:30 OK   00490_reserve_slot.sql (1.06ms)
2026/10/03 12:13:30 OK   00491_deployments_cancelled.sql (4.98ms)
2026/10/03 12:13:30 OK   00492_builds_cancelled.sql (5.19ms)
2026/10/03 12:13:30 OK   00493_deployments_priority.sql (4.84ms)
2026/10/03 12:13:30 OK   00494_reserve_slot.sql (936.73µs)
2026/10/03 12:13:30 OK   00495_reserve_slot.sql (897.88µs)
2026/10/03 12:13:30 OK   00496_reserve_slot.sql (2.67ms)
2026/10/03 12:13:30 OK   00497_reserve_slot.sql (1.7ms)
2026/10/03 12:13:30 OK   00498_reserve_slot.sql (2.07ms)
2026/10/03 12:13:30 OK   00499_reserve_slot.sql (1.35ms)
2026/10/03 12:13:30 OK   00500_reserve_slot.sql (1.46ms)
2026/10/03 12:13:30 OK   00501_reserve_slot.sql (1.96ms)
2026/10/03 12:13:30 OK   00502_reserve_slot.sql (944.99µs)
2026/10/03 12:13:30 OK   00503_reserve_slot.sql (3.16ms)
2026/10/03 12:13:30 OK   00504_reserve_slot.sql (985.59µs)
2026/10/03 12:13:30 OK   00505_reserve_slot.sql (915.21µs)
2026/10/03 12:13:30 OK   00506_repair_static_egress_schema.sql (3.86ms)
2026/10/03 12:13:30 OK   00507_reserve_slot.sql (973.2µs)
2026/10/03 12:13:30 OK   00508_reserve_slot.sql (797.59µs)
2026/10/03 12:13:30 OK   00509_deployment_scope_exclusions.sql (11.21ms)
2026/10/03 12:13:30 OK   00510_reserve_slot.sql (1.02ms)
2026/10/03 12:13:30 OK   00511_mirror_invocation_results_completed_at_idx.sql (2.45ms)
2026/10/03 12:13:30 OK   00512_reserve_slot.sql (874.41µs)
2026/10/03 12:13:30 OK   00513_reserve_slot.sql (888.17µs)
2026/10/03 12:13:30 OK   00514_reserve_slot.sql (957.68µs)
2026/10/03 12:13:30 OK   00515_mirror_invocation_summary.sql (5.1ms)
2026/10/03 12:13:30 OK   00516_alert_presets_enable_signals.sql (1.63ms)
2026/10/03 12:13:30 OK   00517_deployments_canary_step_started_at_not_null.sql (2.47ms)
2026/10/03 12:13:30 OK   00518_deployments_canary_preset_custom_chk.sql (4.06ms)
2026/10/03 12:13:30 OK   00519_alert_rules_action.sql (3.5ms)
2026/10/03 12:13:30 OK   00520_reserve_slot.sql (890.55µs)
2026/10/03 12:13:30 OK   00521_reserve_slot.sql (2.9ms)
2026/10/03 12:13:30 OK   00522_reserve_slot.sql (3.22ms)
2026/10/03 12:13:30 OK   00523_reserve_slot.sql (916.66µs)
2026/10/03 12:13:30 OK   00524_reserve_slot.sql (799.44µs)
2026/10/03 12:13:30 OK   00525_reserve_slot.sql (775.6µs)
2026/10/03 12:13:30 OK   00526_reserve_slot.sql (2.56ms)
2026/10/03 12:13:30 OK   00527_reserve_slot.sql (1.49ms)
2026/10/03 12:13:30 OK   00528_alert_deliveries_is_test.sql (3.48ms)
2026/10/03 12:13:30 OK   00529_reserve_slot.sql (950.38µs)
2026/10/03 12:13:30 OK   00530_reserve_slot.sql (895.78µs)
2026/10/03 12:13:30 OK   00531_reserve_slot.sql (855.62µs)
2026/10/03 12:13:30 OK   00532_reserve_slot.sql (803.57µs)
2026/10/03 12:13:30 OK   00533_reserve_slot.sql (819.85µs)
2026/10/03 12:13:30 OK   00534_reserve_slot.sql (1.52ms)
2026/10/03 12:13:30 OK   00535_reserve_slot.sql (1.53ms)
2026/10/03 12:13:30 OK   00536_reserve_slot.sql (1.53ms)
2026/10/03 12:13:30 OK   00537_reserve_slot.sql (2.03ms)
2026/10/03 12:13:30 OK   00538_reserve_slot.sql (888.76µs)
2026/10/03 12:13:30 OK   00539_reserve_slot.sql (970.52µs)
2026/10/03 12:13:30 OK   00540_reserve_slot.sql (902.35µs)
2026/10/03 12:13:30 OK   00541_account_async_quota.sql (3.73ms)
2026/10/03 12:13:30 OK   00542_trigger_records_async_fields.sql (2.88ms)
2026/10/03 12:13:30 OK   00543_reserve_slot.sql (924.62µs)
2026/10/03 12:13:30 OK   00544_reserve_slot.sql (1.42ms)
2026/10/03 12:13:30 OK   00545_reserve_slot.sql (2.21ms)
2026/10/03 12:13:30 OK   00546_reserve_slot.sql (1.47ms)
2026/10/03 12:13:30 OK   00547_reserve_slot.sql (2.88ms)
2026/10/03 12:13:30 OK   00548_reserve_slot.sql (904.48µs)
2026/10/03 12:13:30 OK   00549_reserve_slot.sql (785.66µs)
2026/10/03 12:13:30 OK   00550_invocations_async_fields.sql (6.88ms)
2026/10/03 12:13:30 OK   00551_invocations_dlq_replay_metadata.sql (2.87ms)
2026/10/03 12:13:30 OK   00552_trigger_records_retention.sql (2.48ms)
2026/10/03 12:13:30 OK   00553_reserve_slot.sql (2.7ms)
2026/10/03 12:13:30 OK   00554_reserve_slot.sql (2.77ms)
2026/10/03 12:13:30 OK   00555_reserve_slot.sql (1.63ms)
2026/10/03 12:13:30 OK   00556_reserve_slot.sql (1.88ms)
2026/10/03 12:13:30 OK   00557_reserve_slot.sql (1.46ms)
2026/10/03 12:13:30 OK   00558_reserve_slot.sql (2.7ms)
2026/10/03 12:13:30 OK   00559_reserve_slot.sql (858.14µs)
2026/10/03 12:13:30 OK   00560_reserve_slot.sql (1.21ms)
2026/10/03 12:13:30 OK   00561_reserve_slot.sql (2.11ms)
2026/10/03 12:13:30 OK   00562_mail_suppressions.sql (9.14ms)
2026/10/03 12:13:30 OK   00563_reserve_slot.sql (1.02ms)
2026/10/03 12:13:30 OK   00564_reserve_slot.sql (2.59ms)
2026/10/03 12:13:30 OK   00565_reserve_slot.sql (884.01µs)
2026/10/03 12:13:30 OK   00566_reserve_slot.sql (3.05ms)
2026/10/03 12:13:30 OK   00567_reserve_slot.sql (868.95µs)
2026/10/03 12:13:30 OK   00568_reserve_slot.sql (791.57µs)
2026/10/03 12:13:30 OK   00569_reserve_slot.sql (781.19µs)
2026/10/03 12:13:30 OK   00570_instances_mode_widen.sql (1.61ms)
2026/10/03 12:13:30 OK   00571_job_tasks_extension.sql (10.41ms)
2026/10/03 12:13:30 OK   00572_jobs_command.sql (2.37ms)
2026/10/03 12:13:30 OK   00573_reserve_slot.sql (886µs)
2026/10/03 12:13:30 OK   00574_job_tasks_lease.sql (6.58ms)
2026/10/03 12:13:30 OK   00575_job_tasks_notify_richer.sql (5.13ms)
2026/10/03 12:13:30 OK   00576_jobs_soft_delete_helper.sql (3.64ms)
2026/10/03 12:13:30 OK   00577_instances_mode_job.sql (1.66ms)
2026/10/03 12:13:30 OK   00578_job_id_on_delete_restrict.sql (8.69ms)
2026/10/03 12:13:30 OK   00579_reserve_slot.sql (3.08ms)
2026/10/03 12:13:30 OK   00580_reserve_slot.sql (2.67ms)
2026/10/03 12:13:30 OK   00581_reserve_slot.sql (970.24µs)
2026/10/03 12:13:30 OK   00582_reserve_slot.sql (891.91µs)
2026/10/03 12:13:30 OK   00583_reserve_slot.sql (924.81µs)
2026/10/03 12:13:30 OK   00584_reserve_slot.sql (952.77µs)
2026/10/03 12:13:30 OK   00585_reserve_slot.sql (815.21µs)
2026/10/03 12:13:30 OK   00586_reserve_slot.sql (774.73µs)
2026/10/03 12:13:30 OK   00587_webhook_deliveries_polar.sql (3.34ms)
2026/10/03 12:13:30 OK   00588_polar_invoices.sql (3.15ms)
2026/10/03 12:13:30 OK   00589_instances_job_deployment_nullable.sql (5.28ms)
2026/10/03 12:13:30 OK   00590_audit_event_outbox.sql (10.22ms)
2026/10/03 12:13:30 OK   20260904000000000_timestamp_ids_cutover.sql (1.17ms)
2026/10/03 12:13:30 OK   20260904000000001_migration_notify_every_apply.sql (1.37ms)
2026/10/03 12:13:30 OK   20260904193635713_workflows.sql (19.62ms)
2026/10/03 12:13:30 OK   20260904201500000_canary_scope_overlap.sql (3.31ms)
2026/10/03 12:13:30 OK   20260904205348784_compute_nodes_lifecycle.sql (16.49ms)
2026/10/03 12:13:30 OK   20260904205349285_compute_nodes_recovery_audit.sql (3.28ms)
2026/10/03 12:13:30 OK   20260904205349777_deployments_snapshot_backoff.sql (5.65ms)
2026/10/03 12:13:30 OK   20260904205350268_snapshot_replica_refresh_trigger.sql (1.43ms)
2026/10/03 12:13:30 OK   20260904212254300_workflow_definitions.sql (1.39ms)
2026/10/03 12:13:30 OK   20260905000000000_deployment_audit_kinds_widen.sql (5.4ms)
2026/10/03 12:13:30 OK   20260905000000001_alert_presets_safe_releases_seed.sql (4.96ms)
2026/10/03 12:13:30 OK   20260905000000002_deployment_audit_alert_rule_id.sql (2.7ms)
2026/10/03 12:13:30 OK   20260905000000003_service_rollout_overlap.sql (3.59ms)
2026/10/03 12:13:30 OK   20260905100000000_deployments_source_root.sql (4.6ms)
2026/10/03 12:13:30 OK   20260905100720962_object_storage_buckets.sql (12.76ms)
2026/10/03 12:13:30 OK   20260905110000000_deployment_full_rootfs_columns.sql (1.93ms)
2026/10/03 12:13:30 OK   20260905120000000_upload_sessions.sql (12.94ms)
2026/10/03 12:13:30 OK   20260905123000000_apps_cpu_millicores.sql (1.92ms)
2026/10/03 12:13:30 OK   20260905124500000_object_storage_recovery.sql (5.64ms)
2026/10/03 12:13:30 OK   20260905160000000_object_storage_accounting.sql (26.6ms)
2026/10/03 12:13:30 OK   20260905161500000_managed_postgres_foundation.sql (24.14ms)
2026/10/03 12:13:30 OK   20260905183000000_github_webhook_deliveries.sql (17.25ms)
2026/10/03 12:13:30 OK   20260905190000000_github_check_updates.sql (11.44ms)
2026/10/03 12:13:30 OK   20260905200000000_object_storage_access_control.sql (12.97ms)
2026/10/03 12:13:30 OK   20260905210000000_email_verification.sql (6.8ms)
2026/10/03 12:13:30 OK   20260905210223654_request_telemetry_count_repair.sql (2.43ms)
2026/10/03 12:13:30 OK   20260905223000000_managed_postgres_recovery.sql (3.57ms)
2026/10/03 12:13:30 OK   20260906010000000_object_storage_multipart_uploads.sql (12.61ms)
2026/10/03 12:13:30 OK   20260906011000000_node_heartbeat_notify.sql (3.79ms)
2026/10/03 12:13:30 OK   20260906090500000_managed_postgres_binding_store.sql (13.91ms)
2026/10/03 12:13:30 OK   20260906100000000_custom_domain_cert_status.sql (5.81ms)
2026/10/03 12:13:30 OK   20260906110000000_github_deploy_branches.sql (9.93ms)
2026/10/03 12:13:30 OK   20260906120000000_upload_session_deploy_options.sql (1.29ms)
2026/10/03 12:13:30 OK   20260906130000000_managed_postgres_usage.sql (7.63ms)
2026/10/03 12:13:30 OK   20260906140000000_deploy_failed_email.sql (2.42ms)
2026/10/03 12:13:30 OK   20260906143000000_managed_postgres_restore.sql (6.29ms)
2026/10/03 12:13:30 OK   20260906150000000_alert_metrics_b3.sql (3.67ms)
2026/10/03 12:13:30 OK   20260906160000001_managed_postgres_api.sql (1.87ms)
2026/10/03 12:13:30 OK   20260906161000000_deployments_source_sha256.sql (1.66ms)
2026/10/03 12:13:30 OK   20260906170000000_object_storage_billing_periods.sql (10.32ms)
2026/10/03 12:13:30 OK   20260906171000000_webhook_event_allowlist_b5.sql (2.09ms)
2026/10/03 12:13:30 OK   20260906180000001_deployment_api_hosting_receipt.sql (4.02ms)
2026/10/03 12:13:30 OK   20260906180100000_github_deployments.sql (6.56ms)
2026/10/03 12:13:30 OK   20260906180500000_snapshot_replica_serviceable_priority.sql (7.29ms)
2026/10/03 12:13:30 OK   20260906183000000_snapshot_ram_compatibility.sql (2.97ms)
2026/10/03 12:13:30 OK   20260906193500000_snapshot_replica_cache_residency.sql (6.07ms)
2026/10/03 12:13:30 OK   20260906213000000_snapshot_stored_bytes.sql (1.82ms)
2026/10/03 12:13:30 OK   20260907090000001_app_soft_delete_restore.sql (3.62ms)
2026/10/03 12:13:30 OK   20260907090000002_deployment_inferred_profile.sql (1.2ms)
2026/10/03 12:13:30 OK   20260907090000003_request_telemetry_dimensions.sql (5.25ms)
2026/10/03 12:13:30 OK   20260907100000000_alert_slo_burn_rate.sql (3.34ms)
2026/10/03 12:13:30 OK   20260907144000000_deployment_inferred_profile.sql (1.29ms)
2026/10/03 12:13:30 OK   20260907144100000_request_telemetry_dimensions.sql (1.77ms)
2026/10/03 12:13:30 OK   20260907150000000_operator_node_intent_kinds.sql (4.34ms)
2026/10/03 12:13:30 OK   20260907154949000_app_soft_delete_integrity_repair.sql (2.37ms)
2026/10/03 12:13:30 OK   20260907160000000_compute_node_maintenance.sql (2.67ms)
2026/10/03 12:13:30 OK   20260907161000000_snapshot_base_image_version.sql (1.35ms)
2026/10/03 12:13:30 OK   20260907170000000_cron_timezone_skip_if_running.sql (1.74ms)
2026/10/03 12:13:30 OK   20260907170500000_cert_issuance_failed.sql (6.32ms)
2026/10/03 12:13:30 OK   20260907171000000_object_storage_s3_credentials.sql (9.27ms)
2026/10/03 12:13:30 OK   20260907180000000_custom_domain_dns_drift.sql (3.64ms)
2026/10/03 12:13:30 OK   20260908110000000_github_rollout_status.sql (2.55ms)
2026/10/03 12:13:30 OK   20260908174300244_instances_app_deployment_idx_lowercase_states.sql (2.99ms)
2026/10/03 12:13:30 OK   20260909043000000_gdpr_export_pagination_indexes.sql (7.36ms)
2026/10/03 12:13:30 OK   20260909110000000_app_log_drains.sql (8.44ms)
2026/10/03 12:13:30 OK   20260909153724123_object_storage_compute_bindings.sql (5.47ms)
2026/10/03 12:13:30 OK   20260909154257064_compute_node_maintenance.sql (2.54ms)
2026/10/03 12:13:30 OK   20260909154257065_request_telemetry_timeline.sql (8.2ms)
2026/10/03 12:13:30 OK   20260909154446218_object_storage_request_metrics.sql (6.12ms)
2026/10/03 12:13:30 OK   20260909154750272_object_storage_request_metrics.sql (2.45ms)
2026/10/03 12:13:30 OK   20260909155947300_object_storage_request_metrics.sql (2.68ms)
2026/10/03 12:13:30 OK   20260909155947301_request_telemetry_timeline.sql (1.29ms)
2026/10/03 12:13:31 OK   20260909161135176_deploy_tokens.sql (11.04ms)
2026/10/03 12:13:31 OK   20260909171914667_builder_vm_cleanup.sql (9.46ms)
2026/10/03 12:13:31 OK   20260909174421854_builder_cache_observability.sql (4.02ms)
2026/10/03 12:13:31 OK   20260909184926830_object_storage_public_reads.sql (5.75ms)
2026/10/03 12:13:31 OK   20260909185644743_instances_migration_started_at.sql (4.74ms)
2026/10/03 12:13:31 OK   20260909192647123_api_consumers.sql (13.93ms)
2026/10/03 12:13:31 OK   20260909194115768_executions.sql (21.07ms)
2026/10/03 12:13:31 OK   20260909195954389_prewarm_intents_generated.sql (9.34ms)
2026/10/03 12:13:31 OK   20260909223446365_deployment_openapi_snapshots_repair.sql (2.02ms)
2026/10/03 12:13:31 OK   20260910193142536_jobs_cron_contract_repair.sql (5.11ms)
2026/10/03 12:13:31 OK   20260910215409952_deployment_traffic_explicit.sql (6.11ms)
2026/10/03 12:13:31 OK   20260911130001234_mfa_disable_email.sql (7.97ms)
2026/10/03 12:13:31 OK   20260911135258997_object_storage_s3_multipart_compat.sql (3.16ms)
2026/10/03 12:13:31 OK   20260911151518394_github_installation_lifecycle.sql (1.42ms)
2026/10/03 12:13:31 OK   20260911154838591_github_installation_sync.sql (2.34ms)
2026/10/03 12:13:31 OK   20260911155728451_request_telemetry_guest_evidence.sql (9.14ms)
2026/10/03 12:13:31 OK   20260911162358421_app_log_drain_health.sql (7.95ms)
2026/10/03 12:13:31 OK   20260911170407458_billing_integrity.sql (36.06ms)
2026/10/03 12:13:31 OK   20260911172003420_debug_regression_observations_repair.sql (2.84ms)
2026/10/03 12:13:31 OK   20260911174237249_request_telemetry_consumer_id.sql (8.07ms)
2026/10/03 12:13:31 OK   20260911180856673_runtime_snapshot_catalog.sql (10.41ms)
2026/10/03 12:13:31 OK   20260911191442727_app_log_drain_delivery_queue.sql (2.56ms)
2026/10/03 12:13:31 OK   20260911205524791_app_log_drain_delivery_analytics.sql (6.99ms)
2026/10/03 12:13:31 OK   20260911212130123_api_consumer_usage_ledger.sql (15.42ms)
2026/10/03 12:13:31 OK   20260911213015602_egress_billing_foundation.sql (11.13ms)
2026/10/03 12:13:31 OK   20260911215215137_compute_node_retirement.sql (1.8ms)
2026/10/03 12:13:31 OK   20260911215708144_api_consumer_rate_cards.sql (9.28ms)
2026/10/03 12:13:31 OK   20260911220000123_app_consumer_auth_mode.sql (2.1ms)
2026/10/03 12:13:31 OK   20260911221534789_billing_replay_bounds.sql (7.3ms)
2026/10/03 12:13:31 OK   20260911224616245_deployments_rollout_state_repair.sql (1.75ms)
2026/10/03 12:13:31 OK   20260912015148001_github_api_scope.sql (1.82ms)
2026/10/03 12:13:31 OK   20260912083642349_edge_rules_kind_respond.sql (3.51ms)
2026/10/03 12:13:31 OK   20260912083813387_object_storage_upload_routes.sql (16.19ms)
2026/10/03 12:13:31 OK   20260912090007001_outbound_request_admission.sql (18.59ms)
2026/10/03 12:13:31 OK   20260912090056001_object_storage_billing_deliveries.sql (11.08ms)
2026/10/03 12:13:31 OK   20260912091429871_job_task_error_class_vocabulary.sql (3.63ms)
2026/10/03 12:13:31 OK   20260912094529228_api_consumer_usage_statements.sql (11.23ms)
2026/10/03 12:13:31 OK   20260912095037940_status_page_history.sql (4.8ms)
2026/10/03 12:13:31 OK   20260912101616799_api_consumer_usage_statement_webhook.sql (1.95ms)
2026/10/03 12:13:31 OK   20260912102737547_github_deployment_policy.sql (8.28ms)
2026/10/03 12:13:31 OK   20260912105551954_snapshot_replica_leases.sql (2.57ms)
2026/10/03 12:13:31 OK   20260912120000001_notification_outbox.sql (7.67ms)
2026/10/03 12:13:31 OK   20260912120500123_declared_route_policy.sql (3.53ms)
2026/10/03 12:13:31 OK   20260912130000001_api_consumer_usage_statement_handoffs.sql (11.02ms)
2026/10/03 12:13:31 OK   20260912134233953_managed_realtime_endpoints.sql (11.41ms)
2026/10/03 12:13:31 OK   20260912142703123_billing_identity.sql (2.96ms)
2026/10/03 12:13:31 OK   20260912144727207_status_public_v2.sql (32.06ms)
2026/10/03 12:13:31 OK   20260912160000001_failed_deployment_traffic_fence.sql (4.65ms)
2026/10/03 12:13:31 OK   20260912160000314_account_deploy_rate_limits.sql (4.7ms)
2026/10/03 12:13:31 OK   20260912162512386_container_host_port_leases.sql (10.07ms)
2026/10/03 12:13:31 OK   20260912170000001_managed_realtime_connection_owners.sql (10.11ms)
2026/10/03 12:13:31 OK   20260912183000001_personal_org_entitlement_sync.sql (8.42ms)
2026/10/03 12:13:31 OK   20260912203000297_job_task_logs.sql (4ms)
2026/10/03 12:13:31 OK   20260913153012743_meter_gateway_usage_events.sql (6.94ms)
2026/10/03 12:13:31 OK   20260913160024291_suspend_legacy_dev_principal.sql (2.79ms)
2026/10/03 12:13:31 OK   20260913163035917_reconcile_request_telemetry_partitions.sql (4.43ms)
2026/10/03 12:13:31 OK   20260913171530836_execution_usage_ledger.sql (9.78ms)
2026/10/03 12:13:31 OK   20260913180000001_cancelled_deployment_release_fence.sql (5.88ms)
2026/10/03 12:13:31 OK   20260913183046753_compute_node_heartbeat_retention.sql (8.46ms)
2026/10/03 12:13:31 OK   20260913190000001_disable_inert_app_webhook_filters.sql (2.2ms)
2026/10/03 12:13:31 OK   20260913200000001_custom_domain_polling_bounds.sql (5.09ms)
2026/10/03 12:13:31 OK   20260913214524150_instances_parked_retention.sql (2.92ms)
2026/10/03 12:13:31 OK   20260913221057189_app_deletion_deadline_backfill.sql (5.4ms)
2026/10/03 12:13:31 OK   20260913222058431_compute_node_key_lifecycle.sql (7.21ms)
2026/10/03 12:13:31 OK   20260913230002437_fleet_seal_domain.sql (5.43ms)
2026/10/03 12:13:31 OK   20260913233000001_app_purge_claim.sql (3.4ms)
2026/10/03 12:13:31 OK   20260914054154716_snapshot_delete_pending.sql (4.23ms)
2026/10/03 12:13:31 OK   20260914160000001_status_event_corrections.sql (4.46ms)
2026/10/03 12:13:31 OK   20260915010000001_project_slug_shape.sql (1.49ms)
2026/10/03 12:13:31 OK   20260915023000001_cron_suspension_reason.sql (1.96ms)
2026/10/03 12:13:31 OK   20260915120000001_repair_terminal_deployment_stage_state.sql (3.71ms)
2026/10/03 12:13:31 OK   20260915120000002_annotate_legacy_loopback_audit_ips.sql (2.41ms)
2026/10/03 12:13:31 OK   20260915130000001_project_environments.sql (12.06ms)
2026/10/03 12:13:31 OK   20260915192829195_execution_events.sql (10.35ms)
2026/10/03 12:13:31 OK   20260916090000001_project_environment_approvals.sql (8.84ms)
2026/10/03 12:13:31 OK   20260916100000001_project_environment_config_versions.sql (11.17ms)
2026/10/03 12:13:31 OK   20260916110000001_project_environment_promotions.sql (17.91ms)
2026/10/03 12:13:31 OK   20260916120000001_project_environment_promotion_rollbacks.sql (4.16ms)
2026/10/03 12:13:31 OK   20260916150000001_execution_queue_fairness.sql (2.63ms)
2026/10/03 12:13:31 OK   20260916165012345_github_activity_projection.sql (2.82ms)
2026/10/03 12:13:31 OK   20260916170000001_debug_regression_lifecycle.sql (4.03ms)
2026/10/03 12:13:31 OK   20260916183051400_repair_rollback_release_projection.sql (3.02ms)
2026/10/03 12:13:31 OK   20260916190000001_object_storage_upload_idempotency.sql (4.8ms)
2026/10/03 12:13:31 OK   20260916194344649_project_environment_promotion_verification.sql (3.26ms)
2026/10/03 12:13:31 OK   20260916201527599_project_environment_approval_lifecycle.sql (3.9ms)
2026/10/03 12:13:31 OK   20260916210000001_hostname_reservation_safety.sql (4.35ms)
2026/10/03 12:13:31 OK   20260916220000001_expire_orphaned_cli_login_keys.sql (1.09ms)
2026/10/03 12:13:31 OK   20260916232924714_alert_rule_degraded_state.sql (1.26ms)
2026/10/03 12:13:31 OK   20260917084028610_developer_sync_history.sql (9.47ms)
2026/10/03 12:13:31 OK   20260917091124689_managed_realtime_endpoint_auth.sql (4.66ms)
2026/10/03 12:13:31 OK   20260917120000001_app_changed_payload_contract.sql (1.6ms)
2026/10/03 12:13:31 OK   20260917121927316_edge_rule_change_log_replay.sql (7.54ms)
2026/10/03 12:13:31 OK   20260917130000001_app_webhooks_delivery_format.sql (1.76ms)
2026/10/03 12:13:31 OK   20260917131721986_migration_leases.sql (9.49ms)
2026/10/03 12:13:31 OK   20260917131722793_usage_daily_job_meter_kind.sql (5.66ms)
2026/10/03 12:13:31 OK   20260917140000001_app_private_network_attachments.sql (10.95ms)
2026/10/03 12:13:31 OK   20260917150000001_managed_realtime_endpoint_policies.sql (4.17ms)
2026/10/03 12:13:31 OK   20260917160000001_app_visibility.sql (4.88ms)
2026/10/03 12:13:31 OK   20260917165522979_managed_realtime_drain_operations.sql (8.71ms)
2026/10/03 12:13:31 OK   20260917170000001_queue_trigger_ownership.sql (4.73ms)
2026/10/03 12:13:31 OK   20260917170000002_ratelimit_authoritative_consume.sql (1.25ms)
2026/10/03 12:13:31 OK   20260917172636155_managed_realtime_drain_async.sql (5.29ms)
2026/10/03 12:13:31 OK   20260917174847375_invocation_destinations.sql (4.83ms)
2026/10/03 12:13:31 OK   20260917180000001_managed_realtime_endpoint_token_rotation.sql (3.8ms)
2026/10/03 12:13:31 OK   20260917180000002_edge_rule_generation.sql (2.79ms)
2026/10/03 12:13:31 OK   20260917180000345_private_network_detach_outbox.sql (2.09ms)
2026/10/03 12:13:31 OK   20260917190000001_gregale_private_networks.sql (20.91ms)
2026/10/03 12:13:31 OK   20260917190000002_compute_nodes_overlay_ip.sql (5.88ms)
2026/10/03 12:13:31 OK   20260917190000003_queue_message_names.sql (3.52ms)
2026/10/03 12:13:31 OK   20260917192441691_repair_usage_minutes_job_identity.sql (4.44ms)
2026/10/03 12:13:31 OK   20260918090000001_unified_dead_letter_events.sql (15.76ms)
2026/10/03 12:13:31 OK   20260918090000002_failed_deployment_stage_fence.sql (5.27ms)
2026/10/03 12:13:31 OK   20260918160000001_managed_realtime_drain_all.sql (1.31ms)
2026/10/03 12:13:31 OK   20260918190000004_app_tcp_listeners.sql (12.51ms)
2026/10/03 12:13:31 OK   20260918200909451_repair_invocation_quota_accounting.sql (2.42ms)
2026/10/03 12:13:31 OK   20260919090000001_unified_dead_letter_webhooks.sql (5.77ms)
2026/10/03 12:13:32 OK   20260919091835704_app_default_domains.sql (7.75ms)
2026/10/03 12:13:32 OK   20260919100000001_unified_dead_letter_jobs_workflows.sql (11.68ms)
2026/10/03 12:13:32 OK   20260919112345103_private_network_firewall_rules.sql (1.66ms)
2026/10/03 12:13:32 OK   20260919113806092_trigger_consumer_health.sql (5.26ms)
2026/10/03 12:13:32 OK   20260919120000001_control_plane_change_log.sql (8.97ms)
2026/10/03 12:13:32 OK   20260919125221001_private_network_peerings.sql (10.11ms)
2026/10/03 12:13:32 OK   20260919130000001_events_app_identity_indexes.sql (10.16ms)
2026/10/03 12:13:32 OK   20260919130000002_jobs_image_materialization.sql (4.57ms)
2026/10/03 12:13:32 OK   20260919140000001_queue_bindings.sql (15.2ms)
2026/10/03 12:13:32 OK   20260919150000001_reserved_ip_leases.sql (11.63ms)
2026/10/03 12:13:32 OK   20260919150000002_jobs_image_materialization_retry.sql (3.96ms)
2026/10/03 12:13:32 OK   20260919160000001_event_subscriptions.sql (11.13ms)
2026/10/03 12:13:32 OK   20260919164520847_account_trace_lookup.sql (5.23ms)
2026/10/03 12:13:32 OK   20260919170000001_job_registry_credentials.sql (10.28ms)
2026/10/03 12:13:32 OK   20260919180000001_private_network_policies.sql (1.78ms)
2026/10/03 12:13:32 OK   20260919190000001_app_retry_policy.sql (2.14ms)
2026/10/03 12:13:32 OK   20260919190000002_reserved_ip_inventory.sql (21.7ms)
2026/10/03 12:13:32 OK   20260919200000001_repair_legacy_job_artifacts.sql (2.3ms)
2026/10/03 12:13:32 OK   20260919210000002_apps_warm_pool_size.sql (2.68ms)
2026/10/03 12:13:32 OK   20260919220000001_private_network_firewall_policy.sql (1.82ms)
2026/10/03 12:13:32 OK   20260919220000002_instances_warm_state.sql (7.36ms)
2026/10/03 12:13:32 OK   20260919230000001_apps_security_policy.sql (2.17ms)
2026/10/03 12:13:32 OK   20260920000000001_event_subscription_dlq_origin.sql (2.89ms)
2026/10/03 12:13:32 OK   20260920010000001_deployment_audit_scan_regression.sql (1.91ms)
2026/10/03 12:13:32 OK   20260920020012345_security_scan_quarantine.sql (1.92ms)
2026/10/03 12:13:32 OK   20260920074913668_node_join_prepared_phase.sql (1.37ms)
2026/10/03 12:13:32 OK   20260921153729254_deployments_revision.sql (10.07ms)
2026/10/03 12:13:32 OK   20260921155758349_edge_rules_kind_retry_and_circuit_breaker.sql (3.16ms)
2026/10/03 12:13:32 OK   20260921172324443_data_upstreams_circuit_breaker.sql (5.27ms)
2026/10/03 12:13:32 OK   20260921191534606_app_custom_metrics.sql (6.6ms)
2026/10/03 12:13:32 OK   20260922000000001_private_network_attachment_nodes.sql (7.71ms)
2026/10/03 12:13:32 OK   20260922123607174_invocation_trace_lookup_all_sources.sql (3.3ms)
2026/10/03 12:13:32 OK   20260922131114370_apps_streaming_plan_check.sql (4.69ms)
2026/10/03 12:13:32 OK   20260922133000001_events_sidecar_health_idx.sql (4.03ms)
2026/10/03 12:13:32 OK   20260922134528743_object_storage_multipart_metadata.sql (1.8ms)
2026/10/03 12:13:32 OK   20260922151239923_deployment_route_generation.sql (3.11ms)
2026/10/03 12:13:32 OK   20260922152914063_inbound_webhook_inbox.sql (14.95ms)
2026/10/03 12:13:32 OK   20260922154049831_edge_rules_kind_async.sql (1.9ms)
2026/10/03 12:13:32 OK   20260922160000001_delayed_task_api_scopes.sql (4.2ms)
2026/10/03 12:13:32 OK   20260922161533116_service_caller_keys.sql (6.73ms)
2026/10/03 12:13:32 OK   20260922164807594_mirror_rollup_counted.sql (8.79ms)
2026/10/03 12:13:32 OK   20260922165732124_service_rollout_handoff_state.sql (4.5ms)
2026/10/03 12:13:32 OK   20260922170000001_log_events.sql (53.07ms)
2026/10/03 12:13:32 OK   20260922170951415_preview_service_policy.sql (2.86ms)
2026/10/03 12:13:32 OK   20260922171348271_gateway_concurrency_queue_leases.sql (5.41ms)
2026/10/03 12:13:32 OK   20260922172310470_application_outbox_custom_events.sql (4.01ms)
2026/10/03 12:13:32 OK   20260922174018492_app_secret_delivery_status.sql (5.48ms)
2026/10/03 12:13:32 OK   20260922174500001_preview_project_workload_identity.sql (6.02ms)
2026/10/03 12:13:32 OK   20260922174508749_dead_letter_events_retention_idx.sql (2.57ms)
2026/10/03 12:13:32 OK   20260922174832118_org_activity_timeline.sql (12.86ms)
2026/10/03 12:13:32 OK   20260922175020068_deployment_provenance.sql (10.26ms)
2026/10/03 12:13:32 OK   20260922183947369_credit_ledger_provider_scope.sql (8.27ms)
2026/10/03 12:13:32 OK   20260922192046350_event_delivery_lookup.sql (4.25ms)
2026/10/03 12:13:32 OK   20260922200159415_app_runtime_config_changes.sql (3.68ms)
2026/10/03 12:13:32 OK   20260922210000001_log_events_retention_index.sql (6.03ms)
2026/10/03 12:13:32 OK   20260923081217388_project_environment_cleanup_jobs.sql (9ms)
2026/10/03 12:13:32 OK   20260923090000001_pr_preview_sets.sql (8.94ms)
2026/10/03 12:13:32 OK   20260923092725391_instances_draining_state.sql (9.29ms)
2026/10/03 12:13:32 OK   20260923092752147_object_bucket_environment_clone_origin.sql (1.21ms)
2026/10/03 12:13:32 OK   20260923102753954_deployment_aliases.sql (7.43ms)
2026/10/03 12:13:32 OK   20260923102844371_org_activity_outbox.sql (10.77ms)
2026/10/03 12:13:32 OK   20260923111828124_deployment_alias_route_invalidation.sql (1.9ms)
2026/10/03 12:13:32 OK   20260923160233072_preview_teardown_claim.sql (1.91ms)
2026/10/03 12:13:32 OK   20260923160233763_preview_deleted_workload_identity.sql (3.59ms)
2026/10/03 12:13:32 OK   20260923163517663_deployment_companion_capacity.sql (2.56ms)
2026/10/03 12:13:32 OK   20260923165111310_deployment_lifecycle_webhooks.sql (3.02ms)
2026/10/03 12:13:32 OK   20260923173214854_rollout_outcome_webhooks.sql (3.2ms)
2026/10/03 12:13:32 OK   20260923184145577_app_tasks.sql (18.68ms)
2026/10/03 12:13:32 OK   20260923190000001_backfill_app_org_attribution.sql (3.37ms)
2026/10/03 12:13:32 OK   20260923190100001_instance_readiness_notify.sql (3.98ms)
2026/10/03 12:13:32 OK   20260923200000001_log_events_trace_id_idx.sql (6.39ms)
2026/10/03 12:13:32 OK   20260923200000002_app_secret_runtime_reload_status.sql (5.09ms)
2026/10/03 12:13:32 OK   20260923201418482_deployment_release_command.sql (3.21ms)
2026/10/03 12:13:32 OK   20260923210000001_deployments_disable_startup_cpu_boost.sql (1.58ms)
2026/10/03 12:13:32 OK   20260923210000002_mirror_safety_comparison.sql (2.05ms)
2026/10/03 12:13:32 OK   20260923220000137_account_release_webhook_scope.sql (6.51ms)
2026/10/03 12:13:32 OK   20260924012754001_http_function_push_queue_binding.sql (3.67ms)
2026/10/03 12:13:32 OK   20260924040027291_verify_legacy_job_artifacts.sql (4.05ms)
2026/10/03 12:13:32 OK   20260924080306504_account_release_webhook_fanout.sql (3.94ms)
2026/10/03 12:13:32 OK   20260924080845711_edge_rule_match_headers.sql (4.27ms)
2026/10/03 12:13:32 OK   20260924192746374_object_storage_customer_usage_v2.sql (8.17ms)
2026/10/03 12:13:32 OK   20260924210000001_instances_startup_cpu_boost_until.sql (4.23ms)
2026/10/03 12:13:32 OK   20260924230000001_platform_tenants.sql (14.92ms)
2026/10/03 12:13:32 OK   20260924230000002_platform_tenant_usage_attribution.sql (9.69ms)
2026/10/03 12:13:32 OK   20260925010000001_project_environment_route_policies.sql (9.78ms)
2026/10/03 12:13:32 OK   20260925020000001_app_secret_versions.sql (2ms)
2026/10/03 12:13:32 OK   20260925030000001_tenant_hostname_notify_surface.sql (1.36ms)
2026/10/03 12:13:32 OK   20260925030000002_project_environment_edge_policies.sql (9.55ms)
2026/10/03 12:13:32 OK   20260925040000001_scrub_idempotent_consumer_keys.sql (2.63ms)
2026/10/03 12:13:32 OK   20260925040108689_platform_tenant_statements.sql (22.13ms)
2026/10/03 12:13:32 OK   20260925070000001_deployment_main_dependencies.sql (2.97ms)
2026/10/03 12:13:32 OK   20260925082248305_platform_tenant_surface_usage.sql (9.94ms)
2026/10/03 12:13:32 OK   20260925100000001_job_cron_schedules.sql (4.47ms)
2026/10/03 12:13:32 OK   20260925104915628_platform_tenant_request_budgets.sql (7.63ms)
2026/10/03 12:13:32 OK   20260925110000001_cron_app_task_commands.sql (10.39ms)
2026/10/03 12:13:32 OK   20260925120000001_cron_command_retries.sql (8.97ms)
2026/10/03 12:13:32 OK   20260925164940631_platform_tenant_jwt_attribution.sql (7.73ms)
2026/10/03 12:13:32 OK   20260925172318199_request_audit_events.sql (10.27ms)
2026/10/03 12:13:32 OK   20260925173335274_app_api_route_inventory.sql (6.9ms)
2026/10/03 12:13:32 OK   20260925174432777_platform_tenant_statement_webhooks.sql (11.92ms)
2026/10/03 12:13:32 OK   20260925185433001_deployment_traffic_change_log.sql (3.42ms)
2026/10/03 12:13:32 OK   20260925190241817_platform_tenant_access_tokens.sql (10.24ms)
2026/10/03 12:13:32 OK   20260925190257001_gateway_control_plane_watermarks.sql (6.46ms)
2026/10/03 12:13:32 OK   20260925192011862_app_secret_runtime_reload_observations.sql (8.22ms)
2026/10/03 12:13:32 OK   20260925192130323_app_secret_runtime_application_ack.sql (3.55ms)
2026/10/03 12:13:32 OK   20260925194901946_command_cron_fire_now_task_receipts.sql (1.58ms)
2026/10/03 12:13:32 OK   20260925200000001_platform_tenant_request_activity.sql (9.18ms)
2026/10/03 12:13:32 OK   20260925201201578_outbound_managed_authorization.sql (2.45ms)
2026/10/03 12:13:32 OK   20260925201201945_outbound_managed_route_policy.sql (3.13ms)
2026/10/03 12:13:32 OK   20260925201202163_outbound_customer_bindings.sql (9.29ms)
2026/10/03 12:13:32 OK   20260925201202278_outbound_customer_credentials.sql (11.5ms)
2026/10/03 12:13:32 OK   20260925201202366_outbound_binding_route_policies.sql (5.17ms)
2026/10/03 12:13:32 OK   20260925201202462_outbound_customer_integrations.sql (5.61ms)
2026/10/03 12:13:32 OK   20260925201202549_outbound_daily_request_budgets.sql (5.53ms)
2026/10/03 12:13:32 OK   20260925204237414_workflow_callback_webhook_bindings.sql (10.65ms)
2026/10/03 12:13:32 OK   20260925204408001_gateway_cors_preset_watermarks.sql (14.24ms)
2026/10/03 12:13:32 OK   20260925210000001_platform_tenant_rate_cards.sql (7.07ms)
2026/10/03 12:13:32 OK   20260925213619121_request_telemetry_guest_resources.sql (6.39ms)
2026/10/03 12:13:32 OK   20260925214137181_revision_pins.sql (11.84ms)
2026/10/03 12:13:32 OK   20260925214137580_project_release_sets.sql (15.69ms)
2026/10/03 12:13:32 OK   20260925214137722_service_proxy_identity_index.sql (3.94ms)
2026/10/03 12:13:32 OK   20260926081111526_deployment_readiness_probe.sql (3.26ms)
2026/10/03 12:13:32 OK   20260926082906719_app_readiness_event.sql (3.82ms)
2026/10/03 12:13:32 OK   20260926084859001_async_invocation_account_history.sql (2.72ms)
2026/10/03 12:13:32 OK   20260926090000001_deployment_secret_reload_signal.sql (3.95ms)
2026/10/03 12:13:32 OK   20260926090059069_workflow_step_attempts.sql (5.53ms)
2026/10/03 12:13:33 OK   20260926092135141_project_release_history_index.sql (3.21ms)
2026/10/03 12:13:33 OK   20260926093000001_app_egress_policy_convergence.sql (10.51ms)
2026/10/03 12:13:33 OK   20260926094619939_manifest_edge_rule_ownership.sql (2.73ms)
2026/10/03 12:13:33 OK   20260926102618472_service_caller_key_rotation_grace.sql (6.67ms)
2026/10/03 12:13:33 OK   20260926130000001_scheduler_scaling_policy_convergence.sql (8.16ms)
2026/10/03 12:13:33 OK   20260926160000001_response_cache_purge_convergence.sql (11.84ms)
2026/10/03 12:13:33 OK   20260926170000001_app_cpu_policy_convergence.sql (10.92ms)
2026/10/03 12:13:33 OK   20260927090000001_outbound_binding_daily_budgets.sql (7.87ms)
2026/10/03 12:13:33 OK   20260927100000001_outbound_retry_policy.sql (4.43ms)
2026/10/03 12:13:33 OK   20260927110000001_sidecar_secret_reload_identity.sql (9.02ms)
2026/10/03 12:13:33 OK   20260927110205090_workflow_condition_checks.sql (1.24ms)
2026/10/03 12:13:33 OK   20260927110209635_workflow_step_retry_deadline.sql (1.1ms)
2026/10/03 12:13:33 OK   20260927120000001_outbound_circuit_breaker.sql (7.08ms)
2026/10/03 12:13:33 OK   20260927123527414_gateway_edge_rule_watermarks.sql (7ms)
2026/10/03 12:13:33 OK   20260927130000001_app_secret_revocation_acknowledgements.sql (14.89ms)
2026/10/03 12:13:33 OK   20260927133603385_app_request_rate_policy.sql (3.56ms)
2026/10/03 12:13:33 OK   20260927150042961_project_environment_promotion_release_graph.sql (4.29ms)
2026/10/03 12:13:33 OK   20260927150420501_project_environment_promotion_config_snapshots.sql (2.66ms)
2026/10/03 12:13:33 OK   20260927151334386_object_storage_binding_rotation.sql (5.37ms)
2026/10/03 12:13:33 OK   20260927161003477_outbound_retry_budget.sql (5.67ms)
2026/10/03 12:13:33 OK   20260927161059001_custom_domain_environment_scope.sql (4.24ms)
2026/10/03 12:13:33 OK   20260927164715304_request_id_journal.sql (8.84ms)
2026/10/03 12:13:33 OK   20260927170719769_outbound_provider_cooldowns.sql (2.74ms)
2026/10/03 12:13:33 OK   20260927172451287_outbound_response_cache.sql (3.24ms)
2026/10/03 12:13:33 OK   20260927173744512_accounts_suspended_reason.sql (1.96ms)
2026/10/03 12:13:33 OK   20260927182443379_debug_regression_webhooks.sql (4.68ms)
2026/10/03 12:13:33 OK   20260927204249720_app_webhook_delivery_attempts.sql (9.63ms)
2026/10/03 12:13:33 OK   20260927211555008_github_production_trigger.sql (4.52ms)
2026/10/03 12:13:33 OK   20260927211602944_preview_service_fail_closed.sql (1.22ms)
2026/10/03 12:13:33 OK   20260927212142268_app_webhook_delivery_health_indexes.sql (4.76ms)
2026/10/03 12:13:33 OK   20260927213824754_safe_release_worker_lease.sql (4.3ms)
2026/10/03 12:13:33 OK   20260927220000001_event_fanout_outbox.sql (13.6ms)
2026/10/03 12:13:33 OK   20260927220500001_event_producer_scopes.sql (1.94ms)
2026/10/03 12:13:33 OK   20260927220708123_crons_app_deleted_suspension.sql (1.49ms)
2026/10/03 12:13:33 OK   20260927221000001_workflow_run_lease.sql (2.61ms)
2026/10/03 12:13:33 OK   20260927221500001_event_schemas.sql (7.62ms)
2026/10/03 12:13:33 OK   20260927221916224_platform_tenant_hostname_verified_webhooks.sql (7.39ms)
2026/10/03 12:13:33 OK   20260927235803335_deployment_github_source_ref.sql (3.64ms)
2026/10/03 12:13:33 OK   20260928003000001_event_fanout_recipient_snapshot.sql (4.19ms)
2026/10/03 12:13:33 OK   20260928010000001_event_fanout_recipient_progress.sql (1.96ms)
2026/10/03 12:13:33 OK   20260928013826711_platform_tenant_surface_certificate_webhooks.sql (6.49ms)
2026/10/03 12:13:33 OK   20260928020000001_event_fanout_failure_history.sql (4.37ms)
2026/10/03 12:13:33 OK   20260928021020711_platform_tenant_self_activation.sql (3.63ms)
2026/10/03 12:13:33 OK   20260928024555300_platform_tenant_surface_deployment_webhooks.sql (7.08ms)
2026/10/03 12:13:33 OK   20260928030000001_event_fanout_attempt_history.sql (11.43ms)
2026/10/03 12:13:33 OK   20260928030840723_platform_tenant_hostname_policy.sql (5.49ms)
2026/10/03 12:13:33 OK   20260928033051087_platform_tenant_hostname_self_service.sql (1.68ms)
2026/10/03 12:13:33 OK   20260928034921123_platform_tenant_credential_policy.sql (5.18ms)
2026/10/03 12:13:33 OK   20260928041202123_platform_tenant_credential_self_service.sql (1.73ms)
2026/10/03 12:13:33 OK   20260928050408001_platform_tenant_consumer_provisioning_policy.sql (7.43ms)
2026/10/03 12:13:33 OK   20260928080319001_app_webhook_delivery_retention_idx.sql (3.24ms)
2026/10/03 12:13:33 OK   20260928093013916_platform_tenant_customer_lifecycle_webhooks.sql (6.72ms)
2026/10/03 12:13:33 OK   20260928100000001_preauth_central_scope.sql (3.08ms)
2026/10/03 12:13:33 OK   20260928100759444_github_oidc_binding_ids.sql (4.88ms)
2026/10/03 12:13:33 OK   20260928101500001_org_activity_deployment_backfill.sql (6.22ms)
2026/10/03 12:13:33 OK   20260928101629428_managed_realtime_channel_routes.sql (8.86ms)
2026/10/03 12:13:33 OK   20260928105652194_platform_tenant_managed_resource_provenance.sql (1.95ms)
2026/10/03 12:13:33 OK   20260928111918832_managed_realtime_channel_route_compaction.sql (11.98ms)
2026/10/03 12:13:33 OK   20260928121000001_app_secret_class.sql (2.4ms)
2026/10/03 12:13:33 OK   20260928123157001_org_activity_env_domain_backfill.sql (6.98ms)
2026/10/03 12:13:33 OK   20260928125952592_app_webhook_recovery_probe.sql (1.13ms)
2026/10/03 12:13:33 OK   20260928130000001_platform_tenant_reconciliation_receipts.sql (6.72ms)
2026/10/03 12:13:33 OK   20260928133401725_project_environment_qualifications.sql (12.84ms)
2026/10/03 12:13:33 OK   20260928140000001_platform_tenant_reconciliation_webhooks.sql (7.74ms)
2026/10/03 12:13:33 OK   20260928150000001_preauth_failure_counters.sql (7.3ms)
2026/10/03 12:13:33 OK   20260928152205787_managed_postgres_binding_rotation.sql (4.45ms)
2026/10/03 12:13:33 OK   20260928173653293_managed_realtime_channel_route_channel_overflow.sql (9.62ms)
2026/10/03 12:13:33 OK   20260928175459877_platform_tenant_account_created_id_index.sql (2.51ms)
2026/10/03 12:13:33 OK   20260928180000001_preauth_login_abuse_alert.sql (6.12ms)
2026/10/03 12:13:33 OK   20260928180000002_application_keyed_work_policy.sql (10.78ms)
2026/10/03 12:13:33 OK   20260928190000001_preauth_target_signal_health.sql (7ms)
2026/10/03 12:13:33 OK   20260928190000002_app_work_policies.sql (12.25ms)
2026/10/03 12:13:33 OK   20260928191509140_snapshot_publication_app_lock.sql (1.47ms)
2026/10/03 12:13:33 OK   20260928193449782_snapshot_restore_pressure_leases.sql (5.74ms)
2026/10/03 12:13:33 OK   20260928193600001_job_run_command_snapshot.sql (2.12ms)
2026/10/03 12:13:33 OK   20260928194600001_job_task_inputs.sql (7.21ms)
2026/10/03 12:13:33 OK   20260928195200001_job_run_flexible_window.sql (5.88ms)
2026/10/03 12:13:33 OK   20260928200000001_work_policy_cancellations.sql (6.73ms)
2026/10/03 12:13:33 OK   20260928200059596_platform_tenant_offboarding_receipts.sql (6.41ms)
2026/10/03 12:13:33 OK   20260928200100001_job_run_failure_policy.sql (3.54ms)
2026/10/03 12:13:33 OK   20260928200800001_job_task_output_manifest.sql (1.95ms)
2026/10/03 12:13:33 OK   20260928201000001_event_work_actions.sql (1.46ms)
2026/10/03 12:13:33 OK   20260928202000001_work_policy_fairness.sql (9.02ms)
2026/10/03 12:13:33 OK   20260928210500001_managed_realtime_channel_history.sql (13.8ms)
2026/10/03 12:13:33 OK   20260928220000001_job_task_attempt_history.sql (9.45ms)
2026/10/03 12:13:33 OK   20260928221000001_job_run_full_snapshot.sql (7.37ms)
2026/10/03 12:13:33 OK   20260928221118225_app_webhook_receiver_cooldown.sql (1.73ms)
2026/10/03 12:13:33 OK   20260928221120084_app_webhook_live_claim_index.sql (3.13ms)
2026/10/03 12:13:33 OK   20260928221121869_app_webhook_due_by_subscription_idx.sql (3.75ms)
2026/10/03 12:13:33 OK   20260928221258962_project_environment_qualification_config_identity.sql (3.35ms)
2026/10/03 12:13:33 OK   20260928221259822_project_environment_qualification_secret_revisions.sql (3.59ms)
2026/10/03 12:13:33 OK   20260928221300662_oidc_environment_preflight_capability.sql (3.16ms)
2026/10/03 12:13:33 OK   20260928222000001_job_flexible_metering_evidence.sql (7.7ms)
2026/10/03 12:13:33 OK   20260929004221772_app_webhook_event_outbox.sql (12.74ms)
2026/10/03 12:13:33 OK   20260929004226535_app_park_webhook_completion.sql (8.09ms)
2026/10/03 12:13:33 OK   20260929004227177_app_wake_webhook_completion.sql (8.44ms)
2026/10/03 12:13:33 OK   20260929081244731_oidc_drop_permissive_trust_policies.sql (1.17ms)
2026/10/03 12:13:33 OK   20260929081244732_managed_realtime_channel_route_revisions.sql (2.71ms)
2026/10/03 12:13:33 OK   20260929081244733_managed_realtime_channel_route_target_notifications.sql (6.69ms)
2026/10/03 12:13:33 OK   20260929081244734_managed_realtime_channel_route_target_invalidation_scope.sql (11.46ms)
2026/10/03 12:13:33 OK   20260929083015217_app_egress_ports.sql (4.3ms)
2026/10/03 12:13:33 OK   20260929084122537_account_abuse_hold.sql (2.17ms)
2026/10/03 12:13:33 OK   20260929100000001_trigger_record_claim_leases.sql (5.85ms)
2026/10/03 12:13:33 OK   20260929101000001_event_work_binding_snapshot.sql (3.51ms)
2026/10/03 12:13:33 OK   20260929110000001_event_work_policy_snapshot.sql (3.95ms)
2026/10/03 12:13:33 OK   20260929120000001_queue_work_receipt_reconciliation.sql (4.18ms)
2026/10/03 12:13:33 OK   20260929123706570_scenario_test_members.sql (9.68ms)
2026/10/03 12:13:33 OK   20260929133810250_account_abuse_hold_flood.sql (4.41ms)
2026/10/03 12:13:33 OK   20260929135412823_egress_flow_log.sql (8.63ms)
2026/10/03 12:13:33 OK   20260929135445840_trigger_work_policy_ledger.sql (14.37ms)
2026/10/03 12:13:33 OK   20260929210000001_apps_platform_tenant_required.sql (3.29ms)
2026/10/03 12:13:33 OK   20260929230000001_platform_tenant_invocations.sql (6.39ms)
2026/10/03 12:13:33 OK   20260930080000001_feature_flags.sql (10.94ms)
2026/10/03 12:13:34 OK   20260930090000001_dev_bridge_sessions.sql (10.08ms)
2026/10/03 12:13:34 OK   20260930100000001_gregale_issues.sql (39.02ms)
2026/10/03 12:13:34 OK   20260930120000001_dev_bridge_webhook_replays.sql (9.11ms)
2026/10/03 12:13:34 OK   20260930170000001_execution_artifacts.sql (3.19ms)
2026/10/03 12:13:34 OK   20260930171612937_managed_exclusive_operations.sql (40.28ms)
2026/10/03 12:13:34 OK   20260930172620498_scheduled_work_policies.sql (37.7ms)
2026/10/03 12:13:34 OK   20260930175302003_exclusive_work_runtime_fence.sql (2.53ms)
2026/10/03 12:13:34 OK   20260930190000001_execution_profiles.sql (8.71ms)
2026/10/03 12:13:34 OK   20260930190103001_exclusive_work_dispatch.sql (17.8ms)
2026/10/03 12:13:34 OK   20260930193000001_app_udp_listeners.sql (12.83ms)
2026/10/03 12:13:34 OK   20260930193004001_exclusive_capture_barrier_recovery.sql (2.18ms)
2026/10/03 12:13:34 OK   20260930201427001_invoice_details.sql (2.81ms)
2026/10/03 12:13:34 OK   20260930203005001_exclusive_work_trigger_bindings.sql (10.08ms)
2026/10/03 12:13:34 OK   20260930210006001_exclusive_operation_fire_now_receipts.sql (3.82ms)
2026/10/03 12:13:34 OK   20260930211607857_service_recovery.sql (9.14ms)
2026/10/03 12:13:34 OK   20260930212657948_platform_tenant_statement_coverage.sql (2.9ms)
2026/10/03 12:13:34 OK   20260930215817770_invoice_detail_lifecycle.sql (3.12ms)
2026/10/03 12:13:34 OK   20260930220000001_tcp_listener_tls.sql (3.02ms)
2026/10/03 12:13:34 OK   20260930223007001_exclusive_broker_trigger_bindings.sql (2.57ms)
2026/10/03 12:13:34 OK   20261001084654053_service_capacity_protection.sql (27.96ms)
2026/10/03 12:13:34 OK   20261001090000001_exclusive_job_operations.sql (8.59ms)
2026/10/03 12:13:34 OK   20261001094407887_http_cron_start_deadlines.sql (2.49ms)
2026/10/03 12:13:34 OK   20261001100000001_exclusive_job_schedule_bindings.sql (4.17ms)
2026/10/03 12:13:34 OK   20261001100308111_managed_postgres_usage_coverage.sql (4.52ms)
2026/10/03 12:13:34 OK   20261001101358982_queue_flag_context.sql (1.76ms)
2026/10/03 12:13:34 OK   20261001105914375_managed_postgres_migration_credentials.sql (1.45ms)
2026/10/03 12:13:34 OK   20261001110000001_runs_execution_principals.sql (17.69ms)
2026/10/03 12:13:34 OK   20261001120000001_tcp_listener_tls_observations.sql (7.28ms)
2026/10/03 12:13:34 OK   20261001123539479_managed_postgres_release_delivery.sql (2.92ms)
2026/10/03 12:13:34 OK   20261001130000001_execution_workflow_metadata.sql (6.78ms)
2026/10/03 12:13:34 OK   20261001131517001_invoice_history_unknown_plan.sql (3.81ms)
2026/10/03 12:13:34 OK   20261001134628993_managed_postgres_health.sql (10.06ms)
2026/10/03 12:13:34 OK   20261001140000001_outbound_runs_bindings.sql (3.68ms)
2026/10/03 12:13:34 OK   20261001142049282_issue_assignee_list_index.sql (2.53ms)
2026/10/03 12:13:34 OK   20261001144956825_managed_postgres_cutover_preparation.sql (22.84ms)
2026/10/03 12:13:34 OK   20261001150000001_http_cron_outcome_classification.sql (7.1ms)
2026/10/03 12:13:34 OK   20261001155101225_managed_postgres_cutover_verification.sql (4.81ms)
2026/10/03 12:13:34 OK   20261001160000001_runtime_config_restart_status_idx.sql (3.63ms)
2026/10/03 12:13:34 OK   20261001163642136_runs_api_key_scopes.sql (2.18ms)
2026/10/03 12:13:34 OK   20261001163649718_execution_outbound_integrations.sql (5.71ms)
2026/10/03 12:13:34 OK   20261001163655042_execution_artifact_grants.sql (9.79ms)
2026/10/03 12:13:34 OK   20261001170000001_command_cron_exclusive_operations.sql (5.86ms)
2026/10/03 12:13:34 OK   20261001174719210_scenario_test_chaos_policy.sql (4.18ms)
2026/10/03 12:13:34 OK   20261001175350459_managed_postgres_cutover_admission_fence.sql (6.85ms)
2026/10/03 12:13:34 OK   20261001175404001_issue_impact_alert_policy.sql (4.46ms)
2026/10/03 12:13:34 OK   20261001184558948_managed_postgres_cutover_task_fence.sql (2.17ms)
2026/10/03 12:13:34 OK   20261001193719615_mirror_admission_outcomes.sql (2.57ms)
2026/10/03 12:13:34 OK   20261001224800001_commit_receipts.sql (29.28ms)
2026/10/03 12:13:34 OK   20261002004531001_commit_managed_operations.sql (8.9ms)
2026/10/03 12:13:34 OK   20261002064233200_mirror_slot_leases.sql (4.81ms)
2026/10/03 12:13:34 OK   20261002162554006_issue_ownership_rules.sql (6.6ms)
2026/10/03 12:13:34 OK   20261002212713293_route_policy_receipts.sql (9.75ms)
2026/10/03 12:13:34 OK   20261002212713304_saved_route_requirements.sql (8ms)
2026/10/03 12:13:34 OK   20261002212713315_automatic_route_checks.sql (17.09ms)
2026/10/03 12:13:34 OK   20261002212713326_canary_route_gates.sql (7.54ms)
2026/10/03 12:13:34 OK   20261002212713338_route_policy_monitoring.sql (11.72ms)
2026/10/03 12:13:34 OK   20261002212713349_route_check_history.sql (16ms)
2026/10/03 12:13:34 OK   20261002212713361_route_health_gates.sql (7.24ms)
2026/10/03 12:13:34 OK   20261002212713374_route_health_history.sql (12.14ms)
2026/10/03 12:13:34 OK   20261002212713385_route_health_notifications.sql (8.48ms)
2026/10/03 12:13:34 OK   20261002212713396_route_health_automatic_abort.sql (6.61ms)
2026/10/03 12:13:34 goose: successfully migrated database to version: 20261002212713396
2026/10/03 12:13:34 goose: no migrations to run. current version: 20261002212713396
--- PASS: TestPostgresCutoverAdmissionFenceCancellation (7.22s)
=== RUN   TestPostgresCutoverAdmissionRejectsStaleVerification
2026/10/03 12:13:35 goose: no migrations to run. current version: 20261002212713396
--- PASS: TestPostgresCutoverAdmissionRejectsStaleVerification (0.27s)
=== RUN   TestPostgresCutoverAdmissionFencesOldTransactions
=== RUN   TestPostgresCutoverAdmissionFencesOldTransactions/read_committed
2026/10/03 12:13:35 goose: no migrations to run. current version: 20261002212713396
=== RUN   TestPostgresCutoverAdmissionFencesOldTransactions/repeatable_read
2026/10/03 12:13:36 goose: no migrations to run. current version: 20261002212713396
--- PASS: TestPostgresCutoverAdmissionFencesOldTransactions (0.70s)
    --- PASS: TestPostgresCutoverAdmissionFencesOldTransactions/read_committed (0.30s)
    --- PASS: TestPostgresCutoverAdmissionFencesOldTransactions/repeatable_read (0.40s)
=== RUN   TestPostgresCutoverAdmissionRechecksEvidenceAfterLockWait
2026/10/03 12:13:36 goose: no migrations to run. current version: 20261002212713396
--- PASS: TestPostgresCutoverAdmissionRechecksEvidenceAfterLockWait (0.39s)
=== RUN   TestPostgresCutoverAdmissionExpiredCancellationCannotReleaseFence
2026/10/03 12:13:36 goose: no migrations to run. current version: 20261002212713396
--- PASS: TestPostgresCutoverAdmissionExpiredCancellationCannotReleaseFence (0.31s)
=== RUN   TestPostgresCutoverPinsStageAndCancel
2026/10/03 12:13:37 goose: no migrations to run. current version: 20261002212713396
--- PASS: TestPostgresCutoverPinsStageAndCancel (0.57s)
=== RUN   TestPostgresCutoverFenceBlocksCommandDispatch
=== RUN   TestPostgresCutoverFenceBlocksCommandDispatch/manual
2026/10/03 12:13:37 goose: no migrations to run. current version: 20261002212713396
=== RUN   TestPostgresCutoverFenceBlocksCommandDispatch/release
2026/10/03 12:13:38 goose: no migrations to run. current version: 20261002212713396
=== RUN   TestPostgresCutoverFenceBlocksCommandDispatch/cron
2026/10/03 12:13:38 goose: no migrations to run. current version: 20261002212713396
--- PASS: TestPostgresCutoverFenceBlocksCommandDispatch (0.90s)
    --- PASS: TestPostgresCutoverFenceBlocksCommandDispatch/manual (0.30s)
    --- PASS: TestPostgresCutoverFenceBlocksCommandDispatch/release (0.30s)
    --- PASS: TestPostgresCutoverFenceBlocksCommandDispatch/cron (0.30s)
=== RUN   TestPostgresCutoverFenceLeavesQueuedTasksAndDispatchesOtherApps
2026/10/03 12:13:38 goose: no migrations to run. current version: 20261002212713396
--- PASS: TestPostgresCutoverFenceLeavesQueuedTasksAndDispatchesOtherApps (0.30s)
=== RUN   TestPostgresCutoverTaskDispatchPreservesExclusiveOwner
=== RUN   TestPostgresCutoverTaskDispatchPreservesExclusiveOwner/running
2026/10/03 12:13:39 goose: no migrations to run. current version: 20261002212713396
=== RUN   TestPostgresCutoverTaskDispatchPreservesExclusiveOwner/expired-before-claim
2026/10/03 12:13:39 goose: no migrations to run. current version: 20261002212713396
=== RUN   TestPostgresCutoverTaskDispatchPreservesExclusiveOwner/expired-before-run
2026/10/03 12:13:39 goose: no migrations to run. current version: 20261002212713396
=== RUN   TestPostgresCutoverTaskDispatchPreservesExclusiveOwner/fenced-before-claim
2026/10/03 12:13:40 goose: no migrations to run. current version: 20261002212713396
=== RUN   TestPostgresCutoverTaskDispatchPreservesExclusiveOwner/fenced-before-run
2026/10/03 12:13:40 goose: no migrations to run. current version: 20261002212713396
=== RUN   TestPostgresCutoverTaskDispatchPreservesExclusiveOwner/deadline-before-run
2026/10/03 12:13:40 goose: no migrations to run. current version: 20261002212713396
--- PASS: TestPostgresCutoverTaskDispatchPreservesExclusiveOwner (1.99s)
    --- PASS: TestPostgresCutoverTaskDispatchPreservesExclusiveOwner/running (0.31s)
    --- PASS: TestPostgresCutoverTaskDispatchPreservesExclusiveOwner/expired-before-claim (0.41s)
    --- PASS: TestPostgresCutoverTaskDispatchPreservesExclusiveOwner/expired-before-run (0.32s)
    --- PASS: TestPostgresCutoverTaskDispatchPreservesExclusiveOwner/fenced-before-claim (0.32s)
    --- PASS: TestPostgresCutoverTaskDispatchPreservesExclusiveOwner/fenced-before-run (0.32s)
    --- PASS: TestPostgresCutoverTaskDispatchPreservesExclusiveOwner/deadline-before-run (0.31s)
=== RUN   TestPostgresCutoverTaskFenceRejectsOldTransactions
=== RUN   TestPostgresCutoverTaskFenceRejectsOldTransactions/read_committed
2026/10/03 12:13:41 goose: no migrations to run. current version: 20261002212713396
=== RUN   TestPostgresCutoverTaskFenceRejectsOldTransactions/repeatable_read
2026/10/03 12:13:41 goose: no migrations to run. current version: 20261002212713396
--- PASS: TestPostgresCutoverTaskFenceRejectsOldTransactions (0.61s)
    --- PASS: TestPostgresCutoverTaskFenceRejectsOldTransactions/read_committed (0.31s)
    --- PASS: TestPostgresCutoverTaskFenceRejectsOldTransactions/repeatable_read (0.30s)
=== RUN   TestPostgresHealthLeaseRecoveryAndDeletionFences
2026/10/03 12:13:41 goose: no migrations to run. current version: 20261002212713396
--- PASS: TestPostgresHealthLeaseRecoveryAndDeletionFences (0.34s)
=== RUN   TestPostgresHealthMigrationRoundTrip
2026/10/03 12:13:41 goose: no migrations to run. current version: 20261002212713396
--- PASS: TestPostgresHealthMigrationRoundTrip (0.23s)
=== RUN   TestPostgresStoreReservationIsIdempotentAndQuotaIsAtomic
2026/10/03 12:13:42 goose: no migrations to run. current version: 20261002212713396
--- PASS: TestPostgresStoreReservationIsIdempotentAndQuotaIsAtomic (0.35s)
=== RUN   TestPostgresStoreLeaseRecoveryRetryAndTombstone
2026/10/03 12:13:42 goose: no migrations to run. current version: 20261002212713396
--- PASS: TestPostgresStoreLeaseRecoveryRetryAndTombstone (0.23s)
=== RUN   TestPostgresStoreClaimDeleteRejectsActiveBinding
2026/10/03 12:13:42 goose: no migrations to run. current version: 20261002212713396
--- PASS: TestPostgresStoreClaimDeleteRejectsActiveBinding (0.23s)
=== RUN   TestPostgresStoreDeleteClaimSerializesBindingReservation
2026/10/03 12:13:43 goose: no migrations to run. current version: 20261002212713396
--- PASS: TestPostgresStoreDeleteClaimSerializesBindingReservation (0.44s)
=== RUN   TestPostgresStoreDeleteClaimSerializesRestoreReservation
2026/10/03 12:13:43 goose: no migrations to run. current version: 20261002212713396
--- PASS: TestPostgresStoreDeleteClaimSerializesRestoreReservation (0.31s)
=== RUN   TestPostgresStoreConcurrentReconcilersContactProviderOnce
2026/10/03 12:13:43 goose: no migrations to run. current version: 20261002212713396
--- PASS: TestPostgresStoreConcurrentReconcilersContactProviderOnce (0.21s)
=== RUN   TestPostgresBindingStoreOwnsSecretTargetAndFencesLifecycle
2026/10/03 12:13:43 goose: no migrations to run. current version: 20261002212713396
--- PASS: TestPostgresBindingStoreOwnsSecretTargetAndFencesLifecycle (0.29s)
=== RUN   TestPostgresBindingServiceCommitsSecretBeforeReadyAndRemovesItBeforeTombstone
2026/10/03 12:13:44 goose: no migrations to run. current version: 20261002212713396
--- PASS: TestPostgresBindingServiceCommitsSecretBeforeReadyAndRemovesItBeforeTombstone (0.39s)
=== RUN   TestPostgresStoreListUsageDatabasesPagesByKeyset
2026/10/03 12:13:44 goose: no migrations to run. current version: 20261002212713396
--- PASS: TestPostgresStoreListUsageDatabasesPagesByKeyset (0.23s)
=== RUN   TestQualifyProviderCapabilityOnlyIsNonMutating
--- PASS: TestQualifyProviderCapabilityOnlyIsNonMutating (0.00s)
=== RUN   TestQualifyProviderExercisesLifecycleAndCleansUp
--- PASS: TestQualifyProviderExercisesLifecycleAndCleansUp (0.00s)
=== RUN   TestQualifyProviderCleansUpAfterCredentialFailure
--- PASS: TestQualifyProviderCleansUpAfterCredentialFailure (0.00s)
=== RUN   TestNewStagingProvisioningGateRequiresExactQualification
=== RUN   TestNewStagingProvisioningGateRequiresExactQualification/unversioned
=== RUN   TestNewStagingProvisioningGateRequiresExactQualification/previous_contract
=== RUN   TestNewStagingProvisioningGateRequiresExactQualification/expired
=== RUN   TestNewStagingProvisioningGateRequiresExactQualification/backend
=== RUN   TestNewStagingProvisioningGateRequiresExactQualification/fingerprint
=== RUN   TestNewStagingProvisioningGateRequiresExactQualification/production
=== RUN   TestNewStagingProvisioningGateRequiresExactQualification/approval
--- PASS: TestNewStagingProvisioningGateRequiresExactQualification (0.00s)
    --- PASS: TestNewStagingProvisioningGateRequiresExactQualification/unversioned (0.00s)
    --- PASS: TestNewStagingProvisioningGateRequiresExactQualification/previous_contract (0.00s)
    --- PASS: TestNewStagingProvisioningGateRequiresExactQualification/expired (0.00s)
    --- PASS: TestNewStagingProvisioningGateRequiresExactQualification/backend (0.00s)
    --- PASS: TestNewStagingProvisioningGateRequiresExactQualification/fingerprint (0.00s)
    --- PASS: TestNewStagingProvisioningGateRequiresExactQualification/production (0.00s)
    --- PASS: TestNewStagingProvisioningGateRequiresExactQualification/approval (0.00s)
=== RUN   TestNewStagingProvisioningGateUsesApprovalArtifact
=== RUN   TestNewStagingProvisioningGateUsesApprovalArtifact/tampered_report
=== RUN   TestNewStagingProvisioningGateUsesApprovalArtifact/wrong_backend
=== RUN   TestNewStagingProvisioningGateUsesApprovalArtifact/expired
--- PASS: TestNewStagingProvisioningGateUsesApprovalArtifact (0.01s)
    --- PASS: TestNewStagingProvisioningGateUsesApprovalArtifact/tampered_report (0.00s)
    --- PASS: TestNewStagingProvisioningGateUsesApprovalArtifact/wrong_backend (0.00s)
    --- PASS: TestNewStagingProvisioningGateUsesApprovalArtifact/expired (0.00s)
=== RUN   TestLoadQualificationArtifactRejectsTrailingData
--- PASS: TestLoadQualificationArtifactRejectsTrailingData (0.00s)
=== RUN   TestNewStagingCanaryAccountGate
=== RUN   TestNewStagingCanaryAccountGate/empty_entry
=== RUN   TestNewStagingCanaryAccountGate/oversized_account
--- PASS: TestNewStagingCanaryAccountGate (0.00s)
    --- PASS: TestNewStagingCanaryAccountGate/empty_entry (0.00s)
    --- PASS: TestNewStagingCanaryAccountGate/oversized_account (0.00s)
=== RUN   TestBuildAndEvaluateQualificationApproval
--- PASS: TestBuildAndEvaluateQualificationApproval (0.00s)
=== RUN   TestEvaluateQualificationArtifactFailsClosed
--- PASS: TestEvaluateQualificationArtifactFailsClosed (0.00s)
=== RUN   TestParseStagingCanaryAccountsRejectsDuplicates
--- PASS: TestParseStagingCanaryAccountsRejectsDuplicates (0.00s)
=== RUN   TestRegistryVerifyQualificationArtifactChecksConfiguredBackend
--- PASS: TestRegistryVerifyQualificationArtifactChecksConfiguredBackend (0.00s)
=== RUN   TestRestoreQualificationVerifiesDataAndWaitsForOperations
=== RUN   TestRestoreQualificationVerifiesDataAndWaitsForOperations/success
=== RUN   TestRestoreQualificationVerifiesDataAndWaitsForOperations/before_resource_lifetime
=== RUN   TestRestoreQualificationVerifiesDataAndWaitsForOperations/prepare_failure
=== RUN   TestRestoreQualificationVerifiesDataAndWaitsForOperations/wrong_restored_data
--- PASS: TestRestoreQualificationVerifiesDataAndWaitsForOperations (0.00s)
    --- PASS: TestRestoreQualificationVerifiesDataAndWaitsForOperations/success (0.00s)
    --- PASS: TestRestoreQualificationVerifiesDataAndWaitsForOperations/before_resource_lifetime (0.00s)
    --- PASS: TestRestoreQualificationVerifiesDataAndWaitsForOperations/prepare_failure (0.00s)
    --- PASS: TestRestoreQualificationVerifiesDataAndWaitsForOperations/wrong_restored_data (0.00s)
=== RUN   TestQualificationCleansUpLostProvisionResponseByLogicalIdentity
--- PASS: TestQualificationCleansUpLostProvisionResponseByLogicalIdentity (0.00s)
=== RUN   TestQualificationRequiresCredentialPrivilegesAndRestoreIsolation
=== RUN   TestQualificationRequiresCredentialPrivilegesAndRestoreIsolation/privilege_error
=== RUN   TestQualificationRequiresCredentialPrivilegesAndRestoreIsolation/privilege_evidence
=== RUN   TestQualificationRequiresCredentialPrivilegesAndRestoreIsolation/restore_isolation
--- PASS: TestQualificationRequiresCredentialPrivilegesAndRestoreIsolation (0.00s)
    --- PASS: TestQualificationRequiresCredentialPrivilegesAndRestoreIsolation/privilege_error (0.00s)
    --- PASS: TestQualificationRequiresCredentialPrivilegesAndRestoreIsolation/privilege_evidence (0.00s)
    --- PASS: TestQualificationRequiresCredentialPrivilegesAndRestoreIsolation/restore_isolation (0.00s)
=== RUN   TestQualificationRejectsPreviousPrivilegeContractAndMissingEvidence
--- PASS: TestQualificationRejectsPreviousPrivilegeContractAndMissingEvidence (0.00s)
=== RUN   TestReconcilerRecoversProvisionAndDeletionWhileDisabled
--- PASS: TestReconcilerRecoversProvisionAndDeletionWhileDisabled (0.00s)
=== RUN   TestReconcilerPersistsExponentialProviderCooldown
--- PASS: TestReconcilerPersistsExponentialProviderCooldown (0.00s)
=== RUN   TestReconcilerRunStopsOnCancellation
--- PASS: TestReconcilerRunStopsOnCancellation (0.00s)
=== RUN   TestRetryDelayIsBounded
--- PASS: TestRetryDelayIsBounded (0.00s)
=== RUN   TestRegistryProvisioningFlagDefaultsOffAndRequiresExplicitOptIn
--- PASS: TestRegistryProvisioningFlagDefaultsOffAndRequiresExplicitOptIn (0.00s)
=== RUN   TestProvisioningRequiresExplicitServiceOptIn
--- PASS: TestProvisioningRequiresExplicitServiceOptIn (0.00s)
=== RUN   TestProvisioningCanaryAccountGateBlocksCreateAndRestore
--- PASS: TestProvisioningCanaryAccountGateBlocksCreateAndRestore (0.00s)
=== RUN   TestCreateIsIdempotentAndPersistsPlacement
--- PASS: TestCreateIsIdempotentAndPersistsPlacement (0.00s)
=== RUN   TestCreateUsesCustomerReservationLimit
--- PASS: TestCreateUsesCustomerReservationLimit (0.00s)
=== RUN   TestRestoreCreatesIndependentDurableTargetAndIsIdempotent
--- PASS: TestRestoreCreatesIndependentDurableTargetAndIsIdempotent (0.00s)
=== RUN   TestReconcileResumesAsynchronousProvisioning
--- PASS: TestReconcileResumesAsynchronousProvisioning (0.00s)
=== RUN   TestCreateRejectsUnsupportedSpecBeforeReservation
--- PASS: TestCreateRejectsUnsupportedSpecBeforeReservation (0.00s)
=== RUN   TestCreateEnforcesAccountDatabaseQuota
--- PASS: TestCreateEnforcesAccountDatabaseQuota (0.00s)
=== RUN   TestProviderErrorIsNormalizedAndSanitized
--- PASS: TestProviderErrorIsNormalizedAndSanitized (0.00s)
=== RUN   TestDeleteSupportsAsynchronousProviders
--- PASS: TestDeleteSupportsAsynchronousProviders (0.00s)
=== RUN   TestDeleteRejectsActiveBindingBeforeProviderCall
--- PASS: TestDeleteRejectsActiveBindingBeforeProviderCall (0.00s)
=== RUN   TestDeleteLetsProviderDiscoverAnUnpersistedUpstreamResource
--- PASS: TestDeleteLetsProviderDiscoverAnUnpersistedUpstreamResource (0.00s)
=== RUN   TestPlacementFingerprintFencesRepurposedBackend
--- PASS: TestPlacementFingerprintFencesRepurposedBackend (0.00s)
=== RUN   TestCapabilitiesValidateAndSupportCredentialAccess
--- PASS: TestCapabilitiesValidateAndSupportCredentialAccess (0.00s)
=== RUN   TestCredentialMaterialRedactsFormatting
--- PASS: TestCredentialMaterialRedactsFormatting (0.00s)
=== RUN   TestUsageRejectsDuplicateOrNegativeMeters
--- PASS: TestUsageRejectsDuplicateOrNegativeMeters (0.00s)
=== RUN   TestPostgresUsageDeletionRetainsMonthlyConsumption
2026/10/03 12:13:44 goose: no migrations to run. current version: 20261002212713396
--- PASS: TestPostgresUsageDeletionRetainsMonthlyConsumption (0.22s)
=== RUN   TestPostgresUsageFreshDatabaseDoesNotHideUnmeteredDatabase
2026/10/03 12:13:45 goose: no migrations to run. current version: 20261002212713396
--- PASS: TestPostgresUsageFreshDatabaseDoesNotHideUnmeteredDatabase (0.21s)
=== RUN   TestUsageCollectorBackfillsOutageWindows
--- PASS: TestUsageCollectorBackfillsOutageWindows (0.01s)
=== RUN   TestUsageRecoveryResumesAcrossCollectorRestartAndMonthBoundary
--- PASS: TestUsageRecoveryResumesAcrossCollectorRestartAndMonthBoundary (0.03s)
=== RUN   TestUsageRecoveryStopsAtMissingWindowAndRetriesIt
--- PASS: TestUsageRecoveryStopsAtMissingWindowAndRetriesIt (0.00s)
=== RUN   TestUsageCollectorRejectsPartialProviderMeters
--- PASS: TestUsageCollectorRejectsPartialProviderMeters (0.00s)
=== RUN   TestPostgresUsageCoverageSerializesConcurrentCorrections
2026/10/03 12:13:45 goose: no migrations to run. current version: 20261002212713396
--- PASS: TestPostgresUsageCoverageSerializesConcurrentCorrections (0.36s)
=== RUN   TestUsageStoresRejectOverlappingWindowSizesAndOlderCorrections
2026/10/03 12:13:45 goose: no migrations to run. current version: 20261002212713396
=== RUN   TestUsageStoresRejectOverlappingWindowSizesAndOlderCorrections/memory
=== RUN   TestUsageStoresRejectOverlappingWindowSizesAndOlderCorrections/postgres
--- PASS: TestUsageStoresRejectOverlappingWindowSizesAndOlderCorrections (0.22s)
    --- PASS: TestUsageStoresRejectOverlappingWindowSizesAndOlderCorrections/memory (0.00s)
    --- PASS: TestUsageStoresRejectOverlappingWindowSizesAndOlderCorrections/postgres (0.01s)
=== RUN   TestPostgresRestoreUsageCoverageFollowsSource
2026/10/03 12:13:46 goose: no migrations to run. current version: 20261002212713396
--- PASS: TestPostgresRestoreUsageCoverageFollowsSource (0.22s)
=== RUN   TestPostgresUsageCoverageRejectsIncompleteCheckpoint
2026/10/03 12:13:46 goose: no migrations to run. current version: 20261002212713396
=== RUN   TestPostgresUsageCoverageRejectsIncompleteCheckpoint/missing_until
=== RUN   TestPostgresUsageCoverageRejectsIncompleteCheckpoint/missing_from
=== RUN   TestPostgresUsageCoverageRejectsIncompleteCheckpoint/missing_observation
=== RUN   TestPostgresUsageCoverageRejectsIncompleteCheckpoint/empty_interval
--- PASS: TestPostgresUsageCoverageRejectsIncompleteCheckpoint (0.20s)
    --- PASS: TestPostgresUsageCoverageRejectsIncompleteCheckpoint/missing_until (0.00s)
    --- PASS: TestPostgresUsageCoverageRejectsIncompleteCheckpoint/missing_from (0.00s)
    --- PASS: TestPostgresUsageCoverageRejectsIncompleteCheckpoint/missing_observation (0.00s)
    --- PASS: TestPostgresUsageCoverageRejectsIncompleteCheckpoint/empty_interval (0.00s)
=== RUN   TestUsagePolicyCostRoundsUpWithoutOverflow
--- PASS: TestUsagePolicyCostRoundsUpWithoutOverflow (0.00s)
=== RUN   TestUsageSnapshotExceedsStorageAndHistoryCaps
--- PASS: TestUsageSnapshotExceedsStorageAndHistoryCaps (0.00s)
=== RUN   TestUsagePolicyWithCeilingsUsesFailClosedIntersection
--- PASS: TestUsagePolicyWithCeilingsUsesFailClosedIntersection (0.00s)
=== RUN   TestUsagePolicyAdmitWithCeilingsRejectsPlanStorageCap
--- PASS: TestUsagePolicyAdmitWithCeilingsRejectsPlanStorageCap (0.00s)
=== RUN   TestServiceUsageSummaryIntersectsCustomerCeiling
--- PASS: TestServiceUsageSummaryIntersectsCustomerCeiling (0.00s)
=== RUN   TestServiceUsageSummaryDisabledPolicyIsNotFresh
--- PASS: TestServiceUsageSummaryDisabledPolicyIsNotFresh (0.00s)
=== RUN   TestMemoryUsageLedgerIsIdempotentAndAdmitsFreshAccounts
--- PASS: TestMemoryUsageLedgerIsIdempotentAndAdmitsFreshAccounts (0.00s)
=== RUN   TestServiceAdmissionRunsOnlyForNewReservations
--- PASS: TestServiceAdmissionRunsOnlyForNewReservations (0.00s)
=== RUN   TestUsageCollectorRecordsCompleteProviderWindows
--- PASS: TestUsageCollectorRecordsCompleteProviderWindows (0.01s)
=== RUN   TestUsageCollectorRecordsSharedRestoreUsageOnlyAgainstSource
--- PASS: TestUsageCollectorRecordsSharedRestoreUsageOnlyAgainstSource (0.00s)
=== RUN   TestUsageCollectorMetersEveryReadyDatabase
=== RUN   TestUsageCollectorMetersEveryReadyDatabase/19_databases
=== RUN   TestUsageCollectorMetersEveryReadyDatabase/20_databases
=== RUN   TestUsageCollectorMetersEveryReadyDatabase/25_databases
=== RUN   TestUsageCollectorMetersEveryReadyDatabase/41_databases
--- PASS: TestUsageCollectorMetersEveryReadyDatabase (0.07s)
    --- PASS: TestUsageCollectorMetersEveryReadyDatabase/19_databases (0.01s)
    --- PASS: TestUsageCollectorMetersEveryReadyDatabase/20_databases (0.01s)
    --- PASS: TestUsageCollectorMetersEveryReadyDatabase/25_databases (0.02s)
    --- PASS: TestUsageCollectorMetersEveryReadyDatabase/41_databases (0.03s)
PASS
ok  	github.com/onebox-faas/faas/pkg/managedpostgres	20.393s
=== RUN   TestSQLCredentialPrivilegesAndRotationPreserveData
--- PASS: TestSQLCredentialPrivilegesAndRotationPreserveData (0.34s)
=== RUN   TestSQLCredentialRevokeRefusesOwnedObjects
--- PASS: TestSQLCredentialRevokeRefusesOwnedObjects (0.10s)
=== RUN   TestSQLCredentialRejectsPrivilegeDriftAndPublicDefiners
=== RUN   TestSQLCredentialRejectsPrivilegeDriftAndPublicDefiners/admin_flag
=== RUN   TestSQLCredentialRejectsPrivilegeDriftAndPublicDefiners/membership
=== RUN   TestSQLCredentialRejectsPrivilegeDriftAndPublicDefiners/schema_create
=== RUN   TestSQLCredentialRejectsPrivilegeDriftAndPublicDefiners/public_definer
--- PASS: TestSQLCredentialRejectsPrivilegeDriftAndPublicDefiners (0.45s)
    --- PASS: TestSQLCredentialRejectsPrivilegeDriftAndPublicDefiners/admin_flag (0.20s)
    --- PASS: TestSQLCredentialRejectsPrivilegeDriftAndPublicDefiners/membership (0.10s)
    --- PASS: TestSQLCredentialRejectsPrivilegeDriftAndPublicDefiners/schema_create (0.09s)
    --- PASS: TestSQLCredentialRejectsPrivilegeDriftAndPublicDefiners/public_definer (0.07s)
=== RUN   TestCredentialPrivilegeProbeUsesActualSQLPermissions
--- PASS: TestCredentialPrivilegeProbeUsesActualSQLPermissions (0.18s)
=== RUN   TestSQLCredentialRestoreDisablesInheritedLogins
--- PASS: TestSQLCredentialRestoreDisablesInheritedLogins (0.16s)
=== RUN   TestLegacyCredentialRetirementPreservesOwnedData
--- PASS: TestLegacyCredentialRetirementPreservesOwnedData (0.10s)
=== RUN   TestPostgresStartersUseMigrationRolesAndSerializeReleases
    credential_templates_test.go:22: set GREGALE_POSTGRES_STARTERS_DIR to installed disposable starter copies
--- SKIP: TestPostgresStartersUseMigrationRolesAndSerializeReleases (0.00s)
=== RUN   TestObserveRestoredDatabaseIsReadOnlyAndPreservesSuspension
=== RUN   TestObserveRestoredDatabaseIsReadOnlyAndPreservesSuspension/idle
=== RUN   TestObserveRestoredDatabaseIsReadOnlyAndPreservesSuspension/active
=== RUN   TestObserveRestoredDatabaseIsReadOnlyAndPreservesSuspension/starting
--- PASS: TestObserveRestoredDatabaseIsReadOnlyAndPreservesSuspension (0.07s)
    --- PASS: TestObserveRestoredDatabaseIsReadOnlyAndPreservesSuspension/idle (0.03s)
    --- PASS: TestObserveRestoredDatabaseIsReadOnlyAndPreservesSuspension/active (0.02s)
    --- PASS: TestObserveRestoredDatabaseIsReadOnlyAndPreservesSuspension/starting (0.02s)
=== RUN   TestObserveDistinguishesMissingResourcesFromAmbiguousMetadata
=== RUN   TestObserveDistinguishesMissingResourcesFromAmbiguousMetadata/missing_branch
=== RUN   TestObserveDistinguishesMissingResourcesFromAmbiguousMetadata/ambiguous_branch
=== RUN   TestObserveDistinguishesMissingResourcesFromAmbiguousMetadata/missing_compute
=== RUN   TestObserveDistinguishesMissingResourcesFromAmbiguousMetadata/ambiguous_compute
--- PASS: TestObserveDistinguishesMissingResourcesFromAmbiguousMetadata (0.09s)
    --- PASS: TestObserveDistinguishesMissingResourcesFromAmbiguousMetadata/missing_branch (0.02s)
    --- PASS: TestObserveDistinguishesMissingResourcesFromAmbiguousMetadata/ambiguous_branch (0.02s)
    --- PASS: TestObserveDistinguishesMissingResourcesFromAmbiguousMetadata/missing_compute (0.02s)
    --- PASS: TestObserveDistinguishesMissingResourcesFromAmbiguousMetadata/ambiguous_compute (0.02s)
=== RUN   TestLiveProviderLifecycle
    provider_live_test.go:19: set FAAS_NEON_LIVE_TEST=1 to run the Neon qualification test
--- SKIP: TestLiveProviderLifecycle (0.00s)
=== RUN   TestComputeStateMapsNeonEndpointStates
--- PASS: TestComputeStateMapsNeonEndpointStates (0.00s)
=== RUN   TestProbeDSNPrefersDirectEndpoint
--- PASS: TestProbeDSNPrefersDirectEndpoint (0.00s)
=== RUN   TestNewValidatesBackendAndAdvertisesConservativeCapabilities
=== RUN   TestNewValidatesBackendAndAdvertisesConservativeCapabilities/unknown_setting
=== RUN   TestNewValidatesBackendAndAdvertisesConservativeCapabilities/organization
=== RUN   TestNewValidatesBackendAndAdvertisesConservativeCapabilities/secret_mapping
=== RUN   TestNewValidatesBackendAndAdvertisesConservativeCapabilities/missing_secret
=== RUN   TestNewValidatesBackendAndAdvertisesConservativeCapabilities/physical_region
=== RUN   TestNewValidatesBackendAndAdvertisesConservativeCapabilities/storage_cap
=== RUN   TestNewValidatesBackendAndAdvertisesConservativeCapabilities/restore_cap
--- PASS: TestNewValidatesBackendAndAdvertisesConservativeCapabilities (0.00s)
    --- PASS: TestNewValidatesBackendAndAdvertisesConservativeCapabilities/unknown_setting (0.00s)
    --- PASS: TestNewValidatesBackendAndAdvertisesConservativeCapabilities/organization (0.00s)
    --- PASS: TestNewValidatesBackendAndAdvertisesConservativeCapabilities/secret_mapping (0.00s)
    --- PASS: TestNewValidatesBackendAndAdvertisesConservativeCapabilities/missing_secret (0.00s)
    --- PASS: TestNewValidatesBackendAndAdvertisesConservativeCapabilities/physical_region (0.00s)
    --- PASS: TestNewValidatesBackendAndAdvertisesConservativeCapabilities/storage_cap (0.00s)
    --- PASS: TestNewValidatesBackendAndAdvertisesConservativeCapabilities/restore_cap (0.00s)
=== RUN   TestProvisionCreatesDeterministicProjectAndPersistsIDBeforePolling
--- PASS: TestProvisionCreatesDeterministicProjectAndPersistsIDBeforePolling (0.01s)
=== RUN   TestRestoreCreatesPointInTimeBranchWithOwnOpaqueResource
--- PASS: TestRestoreCreatesPointInTimeBranchWithOwnOpaqueResource (0.01s)
=== RUN   TestInspectRoutesRestoredResourceToBranch
--- PASS: TestInspectRoutesRestoredResourceToBranch (0.03s)
=== RUN   TestProvisionRecoversAcceptedProjectWithoutSecondCreate
--- PASS: TestProvisionRecoversAcceptedProjectWithoutSecondCreate (0.03s)
=== RUN   TestProvisionRecoversAfterAmbiguousCreateResponse
--- PASS: TestProvisionRecoversAfterAmbiguousCreateResponse (0.03s)
=== RUN   TestProvisionRejectsAmbiguousRecoveryAndSanitizesErrors
--- PASS: TestProvisionRejectsAmbiguousRecoveryAndSanitizesErrors (0.02s)
=== RUN   TestDeleteTreatsMissingProjectAsComplete
--- PASS: TestDeleteTreatsMissingProjectAsComplete (0.01s)
=== RUN   TestDeleteDiscoversAcceptedProjectWhenProviderIDWasNotPersisted
--- PASS: TestDeleteDiscoversAcceptedProjectWhenProviderIDWasNotPersisted (0.01s)
=== RUN   TestOperationStatusRequiresReadyResourcesAndFinishedOperations
--- PASS: TestOperationStatusRequiresReadyResourcesAndFinishedOperations (0.00s)
=== RUN   TestIssueCredentialsIsIdempotentAndRevokeDeletesRole
--- PASS: TestIssueCredentialsIsIdempotentAndRevokeDeletesRole (0.02s)
=== RUN   TestCredentialIssuanceFailsClosedWithoutReturningOwnerOrProviderErrors
=== RUN   TestCredentialIssuanceFailsClosedWithoutReturningOwnerOrProviderErrors/SQL_failure
=== RUN   TestCredentialIssuanceFailsClosedWithoutReturningOwnerOrProviderErrors/SQL_conflict
=== RUN   TestCredentialIssuanceFailsClosedWithoutReturningOwnerOrProviderErrors/owner_response
=== RUN   TestCredentialIssuanceFailsClosedWithoutReturningOwnerOrProviderErrors/wrong_database
--- PASS: TestCredentialIssuanceFailsClosedWithoutReturningOwnerOrProviderErrors (0.04s)
    --- PASS: TestCredentialIssuanceFailsClosedWithoutReturningOwnerOrProviderErrors/SQL_failure (0.01s)
    --- PASS: TestCredentialIssuanceFailsClosedWithoutReturningOwnerOrProviderErrors/SQL_conflict (0.01s)
    --- PASS: TestCredentialIssuanceFailsClosedWithoutReturningOwnerOrProviderErrors/owner_response (0.02s)
    --- PASS: TestCredentialIssuanceFailsClosedWithoutReturningOwnerOrProviderErrors/wrong_database (0.01s)
=== RUN   TestRestoredBranchReadinessFailsClosedWhenCredentialIsolationFails
--- PASS: TestRestoredBranchReadinessFailsClosedWhenCredentialIsolationFails (0.03s)
=== RUN   TestUsageNormalizesComputeAndNetworkMeters
--- PASS: TestUsageNormalizesComputeAndNetworkMeters (0.01s)
=== RUN   TestByteHoursToSecondsRejectsOverflow
--- PASS: TestByteHoursToSecondsRejectsOverflow (0.00s)
=== RUN   TestDeleteBranchRequiresCompletedOperationsOrConfirmedAbsence
=== RUN   TestDeleteBranchRequiresCompletedOperationsOrConfirmedAbsence/running
=== RUN   TestDeleteBranchRequiresCompletedOperationsOrConfirmedAbsence/queued
=== RUN   TestDeleteBranchRequiresCompletedOperationsOrConfirmedAbsence/finished
=== RUN   TestDeleteBranchRequiresCompletedOperationsOrConfirmedAbsence/mixed
=== RUN   TestDeleteBranchRequiresCompletedOperationsOrConfirmedAbsence/failed
=== RUN   TestDeleteBranchRequiresCompletedOperationsOrConfirmedAbsence/cancelled
=== RUN   TestDeleteBranchRequiresCompletedOperationsOrConfirmedAbsence/unidentified
=== RUN   TestDeleteBranchRequiresCompletedOperationsOrConfirmedAbsence/already_missing
=== RUN   TestDeleteBranchRequiresCompletedOperationsOrConfirmedAbsence/empty_operations_still_exists
=== RUN   TestDeleteBranchRequiresCompletedOperationsOrConfirmedAbsence/empty_operations_absent
=== RUN   TestDeleteBranchRequiresCompletedOperationsOrConfirmedAbsence/no_content_still_exists
=== RUN   TestDeleteBranchRequiresCompletedOperationsOrConfirmedAbsence/no_content_absent
--- PASS: TestDeleteBranchRequiresCompletedOperationsOrConfirmedAbsence (0.10s)
    --- PASS: TestDeleteBranchRequiresCompletedOperationsOrConfirmedAbsence/running (0.01s)
    --- PASS: TestDeleteBranchRequiresCompletedOperationsOrConfirmedAbsence/queued (0.01s)
    --- PASS: TestDeleteBranchRequiresCompletedOperationsOrConfirmedAbsence/finished (0.01s)
    --- PASS: TestDeleteBranchRequiresCompletedOperationsOrConfirmedAbsence/mixed (0.01s)
    --- PASS: TestDeleteBranchRequiresCompletedOperationsOrConfirmedAbsence/failed (0.01s)
    --- PASS: TestDeleteBranchRequiresCompletedOperationsOrConfirmedAbsence/cancelled (0.01s)
    --- PASS: TestDeleteBranchRequiresCompletedOperationsOrConfirmedAbsence/unidentified (0.01s)
    --- PASS: TestDeleteBranchRequiresCompletedOperationsOrConfirmedAbsence/already_missing (0.01s)
    --- PASS: TestDeleteBranchRequiresCompletedOperationsOrConfirmedAbsence/empty_operations_still_exists (0.01s)
    --- PASS: TestDeleteBranchRequiresCompletedOperationsOrConfirmedAbsence/empty_operations_absent (0.01s)
    --- PASS: TestDeleteBranchRequiresCompletedOperationsOrConfirmedAbsence/no_content_still_exists (0.01s)
    --- PASS: TestDeleteBranchRequiresCompletedOperationsOrConfirmedAbsence/no_content_absent (0.01s)
=== RUN   TestRestoreDataProbeRejectsPostRestorePointMutation
2026/10/03 12:13:57 OK   00001_init.sql (61.79ms)
2026/10/03 12:13:57 OK   00002_app_manifest_and_domains.sql (8.92ms)
2026/10/03 12:13:57 OK   00003_cron_last_fired.sql (1.07ms)
2026/10/03 12:13:57 OK   00004_stripe_push_dedupe.sql (6.79ms)
2026/10/03 12:13:57 OK   00005_login_tokens.sql (5.87ms)
2026/10/03 12:13:57 OK   00006_deployment_logs.sql (6.46ms)
2026/10/03 12:13:57 OK   00007_github_binding.sql (4.56ms)
2026/10/03 12:13:57 OK   00008_app_secrets.sql (7.99ms)
2026/10/03 12:13:57 OK   00009_instances_reaper_state_idx.sql (2.57ms)
2026/10/03 12:13:57 OK   00010_account_deletion.sql (2.7ms)
2026/10/03 12:13:57 OK   00011_app_min_instances.sql (1.73ms)
2026/10/03 12:13:57 OK   00012_account_stripe_subscription_item.sql (938.07µs)
2026/10/03 12:13:57 OK   00013_account_dunning_and_quota_warning.sql (3.19ms)
2026/10/03 12:13:57 OK   00014_cli_auth_codes.sql (9.07ms)
2026/10/03 12:13:57 OK   00015_instances_started_at_on_create.sql (1.86ms)
2026/10/03 12:13:57 OK   00016_instances_watchdog_state_idx.sql (3.72ms)
2026/10/03 12:13:57 OK   00017_instances_terminal_at.sql (3.23ms)
2026/10/03 12:13:57 OK   00018_builds_kind_relaxed.sql (1.3ms)
2026/10/03 12:13:57 OK   00019_gdpr_requests.sql (6.25ms)
2026/10/03 12:13:57 OK   00020_instance_evicting_state.sql (1.56ms)
2026/10/03 12:13:57 OK   00021_deployment_error_code.sql (2.85ms)
2026/10/03 12:13:57 OK   00022_snapshots_storage_key.sql (1.97ms)
2026/10/03 12:13:57 OK   00023_snapshots_drop_path.sql (1.56ms)
2026/10/03 12:13:57 OK   00024_compute_nodes.sql (11.44ms)
2026/10/03 12:13:57 OK   00025_deployments_rootfs_key.sql (1.84ms)
2026/10/03 12:13:57 OK   00026_compute_node_notify.sql (3.75ms)
2026/10/03 12:13:57 OK   00027_builds_enqueued_at.sql (1.1ms)
2026/10/03 12:13:57 OK   00028_instances_wake_id.sql (14.23ms)
2026/10/03 12:13:57 OK   00029_app_egress_allowlist.sql (5.02ms)
2026/10/03 12:13:58 OK   00030_invocations.sql (13.71ms)
2026/10/03 12:13:58 OK   00031_invocations_notify.sql (2.58ms)
2026/10/03 12:13:58 OK   00032_delayed_tasks.sql (1.55ms)
2026/10/03 12:13:58 OK   00033_app_egress_allowlist_v6.sql (2.75ms)
2026/10/03 12:13:58 OK   00034_paddle_overage_dedupe.sql (7.43ms)
2026/10/03 12:13:58 OK   00035_instances_state_check_realigns.sql (1.7ms)
2026/10/03 12:13:58 OK   00036_api_key_scopes.sql (3.81ms)
2026/10/03 12:13:58 OK   00037_app_runtime_go124.sql (1.31ms)
2026/10/03 12:13:58 OK   00038_oauth_links.sql (6.36ms)
2026/10/03 12:13:58 OK   00039_account_passwords.sql (4.48ms)
2026/10/03 12:13:58 OK   00040_rename_stripe_customer_id.sql (1ms)
2026/10/03 12:13:58 OK   00041_paddle_overage_claim_window.sql (8.13ms)
2026/10/03 12:13:58 OK   00042_builds_running_idx.sql (3.57ms)
2026/10/03 12:13:58 OK   00043_app_runtime_go124_alpine.sql (1.68ms)
2026/10/03 12:13:58 OK   00044_recent_build_claims.sql (4.28ms)
2026/10/03 12:13:58 OK   00045_apps_autoscale.sql (2.26ms)
2026/10/03 12:13:58 OK   00046_api_key_scopes_v2.sql (5.42ms)
2026/10/03 12:13:58 OK   00047_crons_created_at.sql (1.55ms)
2026/10/03 12:13:58 OK   00048_invoices.sql (9.02ms)
2026/10/03 12:13:58 OK   00049_account_mfa.sql (4.36ms)
2026/10/03 12:13:58 OK   00050_github_bindings_account.sql (6.59ms)
2026/10/03 12:13:58 OK   00051_crons_app_full_idx.sql (3.33ms)
2026/10/03 12:13:58 OK   00052_build_provenance.sql (8.07ms)
2026/10/03 12:13:58 OK   00053_deployments_source_url.sql (2.41ms)
2026/10/03 12:13:58 OK   00054_account_credits.sql (13.48ms)
2026/10/03 12:13:58 OK   00055_usage_minutes_cpu.sql (5.09ms)
2026/10/03 12:13:58 OK   00056_reserve_slot.sql (1.22ms)
2026/10/03 12:13:58 OK   00057_sessions.sql (9.52ms)
2026/10/03 12:13:58 OK   00058_credit_consumption.sql (2.73ms)
2026/10/03 12:13:58 OK   00059_github_installations.sql (6.21ms)
2026/10/03 12:13:58 OK   00060_reserve_slot.sql (875.77µs)
2026/10/03 12:13:58 OK   00061_app_envs.sql (11.07ms)
2026/10/03 12:13:58 OK   00062_alert_rules.sql (18.35ms)
2026/10/03 12:13:58 OK   00063_api_key_scopes_v3_env.sql (1.57ms)
2026/10/03 12:13:58 OK   00064_invocations_dead_letter.sql (3.55ms)
2026/10/03 12:13:58 OK   00065_compute_node_heartbeats.sql (10.62ms)
2026/10/03 12:13:58 OK   00066_usage_minutes_egress.sql (4.75ms)
2026/10/03 12:13:58 OK   00067_extend_metering_telemetry.sql (11.62ms)
2026/10/03 12:13:58 OK   00068_builder_usage.sql (6.44ms)
2026/10/03 12:13:58 OK   00069_metering_ops_surfaces.sql (4.1ms)
2026/10/03 12:13:58 OK   00070_snapshot_storage_daily.sql (5.24ms)
2026/10/03 12:13:58 OK   00071_reserve_slot.sql (887.69µs)
2026/10/03 12:13:58 OK   00072_compute_nodes_region_zone.sql (4.45ms)
2026/10/03 12:13:58 OK   00073_snapshots_live_idx.sql (2.87ms)
2026/10/03 12:13:58 OK   00074_projects_and_workloads.sql (19.28ms)
2026/10/03 12:13:58 OK   00075_app_runtime_node24_python313.sql (1.64ms)
2026/10/03 12:13:58 OK   00076_compute_node_keys.sql (10.59ms)
2026/10/03 12:13:58 OK   00077_reserve_slot.sql (880.01µs)
2026/10/03 12:13:58 OK   00078_egress_policy_notify.sql (6.55ms)
2026/10/03 12:13:58 OK   00079_deployment_overrides.sql (1.58ms)
2026/10/03 12:13:58 OK   00080_apps_streaming_enabled.sql (2.74ms)
2026/10/03 12:13:58 OK   00081_reserve_slot.sql (823.84µs)
2026/10/03 12:13:58 OK   00082_apps_scaling_policy.sql (5.4ms)
2026/10/03 12:13:58 OK   00083_reserve_slot.sql (826.96µs)
2026/10/03 12:13:58 OK   00084_reserve_slot.sql (743.91µs)
2026/10/03 12:13:58 OK   00085_builds_kind_github.sql (4.51ms)
2026/10/03 12:13:58 OK   00086_apps_require_signed.sql (8.12ms)
2026/10/03 12:13:58 OK   00087_reserve_slot.sql (866.83µs)
2026/10/03 12:13:58 OK   00088_reserve_slot.sql (788.11µs)
2026/10/03 12:13:58 OK   00089_reserve_slot.sql (762.19µs)
2026/10/03 12:13:58 OK   00090_apps_node_shard.sql (8.27ms)
2026/10/03 12:13:58 OK   00091_apps_node_claimable.sql (3.73ms)
2026/10/03 12:13:58 OK   00092_reserve_slot.sql (1.16ms)
2026/10/03 12:13:58 OK   00093_reserve_slot.sql (806.23µs)
2026/10/03 12:13:58 OK   00094_app_registry_credentials.sql (8.67ms)
2026/10/03 12:13:58 OK   00095_apps_reassigned_at.sql (3.25ms)
2026/10/03 12:13:58 OK   00096_apps_node_reassignable.sql (2.66ms)
2026/10/03 12:13:58 OK   00097_reserve_slot.sql (3.52ms)
2026/10/03 12:13:58 OK   00098_reserve_slot.sql (839.66µs)
2026/10/03 12:13:58 OK   00099_orgs_memberships_invitations.sql (64.08ms)
2026/10/03 12:13:58 OK   00100_reserve_slot.sql (1.14ms)
2026/10/03 12:13:58 OK   00101_reserve_slot.sql (879.98µs)
2026/10/03 12:13:58 OK   00102_reserve_slot.sql (2.44ms)
2026/10/03 12:13:58 OK   00103_instances_migrated_from.sql (5.67ms)
2026/10/03 12:13:58 OK   00104_apps_migrated_at.sql (2.03ms)
2026/10/03 12:13:58 OK   00105_personal_org_backfill.sql (2.75ms)
2026/10/03 12:13:58 OK   00106_reserve_slot.sql (751.1µs)
2026/10/03 12:13:58 OK   00107_reserve_slot.sql (3.93ms)
2026/10/03 12:13:58 OK   00108_reserve_slot.sql (1.22ms)
2026/10/03 12:13:58 OK   00109_apps_warm_snapshot.sql (3.11ms)
2026/10/03 12:13:58 OK   00110_snapshots_tier.sql (3.15ms)
2026/10/03 12:13:58 OK   00111_reserve_slot.sql (813.6µs)
2026/10/03 12:13:58 OK   00112_reserve_slot.sql (763.74µs)
2026/10/03 12:13:58 OK   00113_reserve_slot.sql (2.28ms)
2026/10/03 12:13:58 OK   00114_events_wake_id_idx.sql (4.03ms)
2026/10/03 12:13:58 OK   00115_api_key_expiry_rotation.sql (8.12ms)
2026/10/03 12:13:58 OK   00116_reserve_slot.sql (904.35µs)
2026/10/03 12:13:58 OK   00117_reserve_slot.sql (744.45µs)
2026/10/03 12:13:58 OK   00118_deployments_sidecars.sql (1.78ms)
2026/10/03 12:13:58 OK   00119_reserve_slot.sql (826.32µs)
2026/10/03 12:13:58 OK   00120_reserve_slot.sql (784.71µs)
2026/10/03 12:13:58 OK   00121_reserve_slot.sql (736.94µs)
2026/10/03 12:13:58 OK   00122_instances_framework_ready_at.sql (1.03ms)
2026/10/03 12:13:58 OK   00123_compute_nodes_vcpu_budget.sql (1.25ms)
2026/10/03 12:13:58 OK   00124_reserve_slot.sql (770µs)
2026/10/03 12:13:58 OK   00125_warm_hint.sql (4.9ms)
2026/10/03 12:13:58 OK   00126_pg_ratelimit.sql (7.44ms)
2026/10/03 12:13:58 OK   00127_deployments_sidecar_layers.sql (12.54ms)
2026/10/03 12:13:58 OK   00128_events_sidecar_name_idx.sql (2.38ms)
2026/10/03 12:13:58 OK   00129_reserve_slot.sql (832.83µs)
2026/10/03 12:13:58 OK   00130_reserve_slot.sql (861.2µs)
2026/10/03 12:13:58 OK   00131_apps_align_min_instances.sql (3.73ms)
2026/10/03 12:13:58 OK   00132_instances_app_deployment_idx.sql (2.62ms)
2026/10/03 12:13:58 OK   00133_deployments_min_instances.sql (4.95ms)
2026/10/03 12:13:58 OK   00134_api_keys_org_bound.sql (3.75ms)
2026/10/03 12:13:58 OK   00135_reserve_slot.sql (1.94ms)
2026/10/03 12:13:58 OK   00136_reserve_slot.sql (2.76ms)
2026/10/03 12:13:58 OK   00137_reserve_slot.sql (4.3ms)
2026/10/03 12:13:58 OK   00138_apps_eviction_priority.sql (2.03ms)
2026/10/03 12:13:58 OK   00139_reserve_slot.sql (2.33ms)
2026/10/03 12:13:58 OK   00140_app_webhooks.sql (9.04ms)
2026/10/03 12:13:58 OK   00141_app_webhook_deliveries.sql (11.31ms)
2026/10/03 12:13:58 OK   00142_reserve_slot.sql (859.27µs)
2026/10/03 12:13:58 OK   00143_apps_require_authn.sql (1.19ms)
2026/10/03 12:13:58 OK   00144_api_keys_provenance.sql (1.49ms)
2026/10/03 12:13:58 OK   00145_sessions_binding.sql (961.38µs)
2026/10/03 12:13:58 OK   00146_reserve_slot.sql (788.61µs)
2026/10/03 12:13:58 OK   00147_deployments_scan_result.sql (4.25ms)
2026/10/03 12:13:58 OK   00148_reserve_slot.sql (2.22ms)
2026/10/03 12:13:58 OK   00149_webhook_deliveries.sql (6.37ms)
2026/10/03 12:13:58 OK   00150_reserve_slot.sql (823.72µs)
2026/10/03 12:13:58 OK   00151_wait_until_tail.sql (4.86ms)
2026/10/03 12:13:58 OK   00152_overage_cap_gate_index.sql (3.97ms)
2026/10/03 12:13:58 OK   00153_apps_public_auth.sql (2.26ms)
2026/10/03 12:13:58 OK   00154_deployment_liveness_probe.sql (2.08ms)
2026/10/03 12:13:58 OK   00155_apps_websocket_enabled.sql (3.92ms)
2026/10/03 12:13:58 OK   00156_apps_auth_default_flip.sql (5ms)
2026/10/03 12:13:58 OK   00157_deployments_parked_reason.sql (1.67ms)
2026/10/03 12:13:58 OK   00158_accounts_egress_allowlist_extra.sql (3.53ms)
2026/10/03 12:13:58 OK   00159_invocations_replay_source.sql (3.05ms)
2026/10/03 12:13:58 OK   00160_deployments_traffic_percent.sql (2.94ms)
2026/10/03 12:13:58 OK   00161_reserve_slot.sql (1.44ms)
2026/10/03 12:13:58 OK   00162_deployments_live_traffic_idx.sql (2.86ms)
2026/10/03 12:13:58 OK   00163_audit_log.sql (8.3ms)
2026/10/03 12:13:58 OK   00164_gdpr_request_id.sql (5.79ms)
2026/10/03 12:13:58 OK   00165_build_provenance_framework_version.sql (4.41ms)
2026/10/03 12:13:58 OK   00166_reserve_slot.sql (876.24µs)
2026/10/03 12:13:58 OK   00167_apps_overflow_node.sql (4.26ms)
2026/10/03 12:13:58 OK   00168_reserve_slot.sql (1.72ms)
2026/10/03 12:13:58 OK   00169_reserve_slot.sql (2.09ms)
2026/10/03 12:13:58 OK   00170_reserve_slot.sql (1.54ms)
2026/10/03 12:13:58 OK   00171_reserve_slot.sql (896.09µs)
2026/10/03 12:13:58 OK   00172_reserve_slot.sql (1.83ms)
2026/10/03 12:13:58 OK   00173_invocations_outcome.sql (4.6ms)
2026/10/03 12:13:58 OK   00174_compute_nodes_public_ip.sql (3.55ms)
2026/10/03 12:13:58 OK   00175_reserve_slot.sql (899.78µs)
2026/10/03 12:13:58 OK   00176_reserve_slot.sql (1.04ms)
2026/10/03 12:13:58 OK   00177_reserve_slot.sql (836.34µs)
2026/10/03 12:13:58 OK   00178_reserve_slot.sql (838.64µs)
2026/10/03 12:13:58 OK   00179_reserve_slot.sql (731.86µs)
2026/10/03 12:13:58 OK   00180_reserve_slot.sql (792.44µs)
2026/10/03 12:13:58 OK   00181_reserve_slot.sql (801.34µs)
2026/10/03 12:13:58 OK   00182_reserve_slot.sql (736.9µs)
2026/10/03 12:13:58 OK   00183_reserve_slot.sql (788.87µs)
2026/10/03 12:13:58 OK   00184_reserve_slot.sql (806.28µs)
2026/10/03 12:13:58 OK   00185_reserve_slot.sql (749.73µs)
2026/10/03 12:13:58 OK   00186_reserve_slot.sql (4.37ms)
2026/10/03 12:13:58 OK   00187_reserve_slot.sql (910.37µs)
2026/10/03 12:13:58 OK   00188_reserve_slot.sql (726.05µs)
2026/10/03 12:13:58 OK   00189_reserve_slot.sql (712.44µs)
2026/10/03 12:13:58 OK   00190_admin_obs_index.sql (5.29ms)
2026/10/03 12:13:58 OK   00191_app_secrets_kid.sql (4.01ms)
2026/10/03 12:13:58 OK   00192_edge_rules.sql (11.94ms)
2026/10/03 12:13:58 OK   00193_reserve_slot.sql (990.78µs)
2026/10/03 12:13:58 OK   00194_cron_fire_now_requests.sql (9.5ms)
2026/10/03 12:13:58 OK   00195_reserve_slot.sql (1.01ms)
2026/10/03 12:13:58 OK   00196_reserve_slot.sql (823.15µs)
2026/10/03 12:13:58 OK   00197_builds_deployment_started_idx.sql (3.79ms)
2026/10/03 12:13:58 OK   00198_reserve_slot.sql (767.72µs)
2026/10/03 12:13:58 OK   00199_reserve_slot.sql (758.91µs)
2026/10/03 12:13:58 OK   00200_reserve_slot.sql (716.99µs)
2026/10/03 12:13:58 OK   00201_reserve_slot.sql (739.11µs)
2026/10/03 12:13:58 OK   00202_reserve_slot.sql (719.15µs)
2026/10/03 12:13:58 OK   00203_app_envs_scope.sql (6.05ms)
2026/10/03 12:13:58 OK   00204_reserve_slot.sql (813.25µs)
2026/10/03 12:13:58 OK   00205_reserve_slot.sql (752.11µs)
2026/10/03 12:13:58 OK   00206_webhook_event_allowlist_cron_fired_manually.sql (1.62ms)
2026/10/03 12:13:58 OK   00207_reserve_slot.sql (801.25µs)
2026/10/03 12:13:58 OK   00208_reserve_slot.sql (747.97µs)
2026/10/03 12:13:58 OK   00209_reserve_slot.sql (785.62µs)
2026/10/03 12:13:58 OK   00210_crons_unique_app_schedule_path.sql (2.82ms)
2026/10/03 12:13:58 OK   00211_reserve_slot.sql (3.73ms)
2026/10/03 12:13:58 OK   00212_github_webhook_secrets.sql (5.98ms)
2026/10/03 12:13:58 OK   00213_deployments_scope.sql (5.44ms)
2026/10/03 12:13:58 OK   00214_edge_rules_kind_validate.sql (1.41ms)
2026/10/03 12:13:58 OK   00215_compute_node_heartbeats_stats.sql (1.1ms)
2026/10/03 12:13:58 OK   00216_apps_route_metrics_enabled.sql (3.04ms)
2026/10/03 12:13:58 OK   00217_app_secrets_scope.sql (7.55ms)
2026/10/03 12:13:58 OK   00218_reserve_slot.sql (807.61µs)
2026/10/03 12:13:58 OK   00219_edge_rules_kind_limit.sql (1.34ms)
2026/10/03 12:13:58 OK   00220_preview_app_columns.sql (7.07ms)
2026/10/03 12:13:58 OK   00221_instances_request_count.sql (1.22ms)
2026/10/03 12:13:58 OK   00222_app_errors.sql (26ms)
2026/10/03 12:13:58 OK   00223_reserve_slot.sql (995.84µs)
2026/10/03 12:13:58 OK   00224_apps_cors_defaults.sql (1.54ms)
2026/10/03 12:13:58 OK   00225_reserve_slot.sql (2.8ms)
2026/10/03 12:13:58 OK   00226_data_upstreams.sql (24.19ms)
2026/10/03 12:13:58 OK   00227_reserve_slot.sql (947.94µs)
2026/10/03 12:13:58 OK   00228_reserve_slot.sql (4.49ms)
2026/10/03 12:13:58 OK   00229_edge_rules_kind_geo.sql (1.44ms)
2026/10/03 12:13:58 OK   00230_reserve_slot.sql (754.7µs)
2026/10/03 12:13:58 OK   00231_reserve_slot.sql (793.45µs)
2026/10/03 12:13:58 OK   00232_reserve_slot.sql (734.75µs)
2026/10/03 12:13:58 OK   00233_reserve_slot.sql (706.25µs)
2026/10/03 12:13:58 OK   00234_reserve_slot.sql (2.4ms)
2026/10/03 12:13:58 OK   00235_reserve_slot.sql (1.53ms)
2026/10/03 12:13:58 OK   00236_edge_rules_kind_maintenance.sql (3.65ms)
2026/10/03 12:13:58 OK   00237_apps_maintenance_mode.sql (3.96ms)
2026/10/03 12:13:58 OK   00238_reserve_slot.sql (795.6µs)
2026/10/03 12:13:58 OK   00239_reserve_slot.sql (741.78µs)
2026/10/03 12:13:58 OK   00240_reserve_slot.sql (3.43ms)
2026/10/03 12:13:58 OK   00241_reserve_slot.sql (1.08ms)
2026/10/03 12:13:58 OK   00242_reserve_slot.sql (773.2µs)
2026/10/03 12:13:58 OK   00243_tenant_surfaces.sql (31.14ms)
2026/10/03 12:13:59 OK   00244_reserve_slot.sql (3.65ms)
2026/10/03 12:13:59 OK   00245_reserve_slot.sql (947.88µs)
2026/10/03 12:13:59 OK   00246_reserve_slot.sql (1.19ms)
2026/10/03 12:13:59 OK   00247_reserve_slot.sql (755.39µs)
2026/10/03 12:13:59 OK   00248_reserve_slot.sql (3.45ms)
2026/10/03 12:13:59 OK   00249_reserve_slot.sql (1.06ms)
2026/10/03 12:13:59 OK   00250_reserve_slot.sql (734.98µs)
2026/10/03 12:13:59 OK   00251_reserve_slot.sql (782.75µs)
2026/10/03 12:13:59 OK   00252_reserve_slot.sql (734.76µs)
2026/10/03 12:13:59 OK   00253_reserve_slot.sql (742.85µs)
2026/10/03 12:13:59 OK   00254_edge_rules_kind_budget.sql (1.56ms)
2026/10/03 12:13:59 OK   00255_jobs.sql (36.42ms)
2026/10/03 12:13:59 OK   00256_instances_kind_job.sql (8.33ms)
2026/10/03 12:13:59 OK   00257_usage_minutes_app_nullable.sql (4.16ms)
2026/10/03 12:13:59 OK   00258_reserve_slot.sql (822.47µs)
2026/10/03 12:13:59 OK   00259_reserve_slot.sql (739.55µs)
2026/10/03 12:13:59 OK   00260_reserve_slot.sql (2.27ms)
2026/10/03 12:13:59 OK   00261_reserve_slot.sql (1.64ms)
2026/10/03 12:13:59 OK   00262_reserve_slot.sql (775.95µs)
2026/10/03 12:13:59 OK   00263_reserve_slot.sql (716.1µs)
2026/10/03 12:13:59 OK   00264_deployments_secret_findings.sql (1.98ms)
2026/10/03 12:13:59 OK   00265_edge_rules_kind_throttle.sql (1.47ms)
2026/10/03 12:13:59 OK   00266_reserve_slot.sql (3.54ms)
2026/10/03 12:13:59 OK   00267_reserve_slot.sql (980.99µs)
2026/10/03 12:13:59 OK   00268_reserve_slot.sql (750.6µs)
2026/10/03 12:13:59 OK   00269_oidc_trust_policies.sql (8.55ms)
2026/10/03 12:13:59 OK   00270_oidc_exchanged_tokens.sql (7.46ms)
2026/10/03 12:13:59 OK   00271_compute_nodes_release.sql (2.87ms)
2026/10/03 12:13:59 OK   00272_release_bundles.sql (9.85ms)
2026/10/03 12:13:59 OK   00273_reserve_slot.sql (880.95µs)
2026/10/03 12:13:59 OK   00274_reserve_slot.sql (4.49ms)
2026/10/03 12:13:59 OK   00275_reserve_slot.sql (819.72µs)
2026/10/03 12:13:59 OK   00276_egress_policy_exceptions.sql (3.32ms)
2026/10/03 12:13:59 OK   00277_reserve_slot.sql (906.52µs)
2026/10/03 12:13:59 OK   00278_reserve_slot.sql (1.95ms)
2026/10/03 12:13:59 OK   00279_reserve_slot.sql (1.67ms)
2026/10/03 12:13:59 OK   00280_paddle_overage_pushed_mb_seconds.sql (1.05ms)
2026/10/03 12:13:59 OK   00281_reserve_slot.sql (4.4ms)
2026/10/03 12:13:59 OK   00282_reserve_slot.sql (807.5µs)
2026/10/03 12:13:59 OK   00283_reserve_slot.sql (772.84µs)
2026/10/03 12:13:59 OK   00284_tenant_surfaces_per_host_kind.sql (2.94ms)
2026/10/03 12:13:59 OK   00285_reserve_slot.sql (796.65µs)
2026/10/03 12:13:59 OK   00286_data_upstreams_deployment_scope.sql (5.4ms)
2026/10/03 12:13:59 OK   00287_pg_ratelimit_add_rule_scope.sql (1.5ms)
2026/10/03 12:13:59 OK   00288_reserve_slot.sql (789.17µs)
2026/10/03 12:13:59 OK   00289_reserve_slot.sql (897.02µs)
2026/10/03 12:13:59 OK   00290_deployment_error_explanation.sql (1.79ms)
2026/10/03 12:13:59 OK   00291_reserve_slot.sql (923.84µs)
2026/10/03 12:13:59 OK   00292_reserve_slot.sql (751.16µs)
2026/10/03 12:13:59 OK   00293_validate_mode.sql (1.56ms)
2026/10/03 12:13:59 OK   00294_reserve_slot.sql (864.75µs)
2026/10/03 12:13:59 OK   00295_reserve_slot.sql (723.08µs)
2026/10/03 12:13:59 OK   00296_reserve_slot.sql (2.18ms)
2026/10/03 12:13:59 OK   00297_triggers.sql (30.46ms)
2026/10/03 12:13:59 OK   00298_triggers_payload_max.sql (4.97ms)
2026/10/03 12:13:59 OK   00299_triggers_poison_strategy.sql (3.49ms)
2026/10/03 12:13:59 OK   00300_triggers_filter_criteria.sql (3.6ms)
2026/10/03 12:13:59 OK   00301_reserve_slot.sql (992.08µs)
2026/10/03 12:13:59 OK   00302_deployments_stage_state.sql (3.07ms)
2026/10/03 12:13:59 OK   00303_reserve_slot.sql (3.71ms)
2026/10/03 12:13:59 OK   00304_cors_presets.sql (10.14ms)
2026/10/03 12:13:59 OK   00305_reserve_slot.sql (895.04µs)
2026/10/03 12:13:59 OK   00306_reserve_slot.sql (837.74µs)
2026/10/03 12:13:59 OK   00307_reserve_slot.sql (722.29µs)
2026/10/03 12:13:59 OK   00308_reserve_slot.sql (767.46µs)
2026/10/03 12:13:59 OK   00309_reserve_slot.sql (738.04µs)
2026/10/03 12:13:59 OK   00310_reserve_slot.sql (799.04µs)
2026/10/03 12:13:59 OK   00311_reserve_slot.sql (779.24µs)
2026/10/03 12:13:59 OK   00312_reserve_slot.sql (780.56µs)
2026/10/03 12:13:59 OK   00313_domain_doctor_observations.sql (9.38ms)
2026/10/03 12:13:59 OK   00314_reserve_slot.sql (905.69µs)
2026/10/03 12:13:59 OK   00315_reserve_slot.sql (786.38µs)
2026/10/03 12:13:59 OK   00316_reserve_slot.sql (789.86µs)
2026/10/03 12:13:59 OK   00317_reserve_slot.sql (3.68ms)
2026/10/03 12:13:59 OK   00318_deployments_actor.sql (3.94ms)
2026/10/03 12:13:59 OK   00319_deployments_actor_validate_fk.sql (1.63ms)
2026/10/03 12:13:59 OK   00320_reserve_slot.sql (809.97µs)
2026/10/03 12:13:59 OK   00321_reserve_slot.sql (2.76ms)
2026/10/03 12:13:59 OK   00322_reserve_slot.sql (1.75ms)
2026/10/03 12:13:59 OK   00323_reserve_slot.sql (806.36µs)
2026/10/03 12:13:59 OK   00324_reserve_slot.sql (703.54µs)
2026/10/03 12:13:59 OK   00325_reserve_slot.sql (708.91µs)
2026/10/03 12:13:59 OK   00326_apps_public_auth_ip_allowlist.sql (5.21ms)
2026/10/03 12:13:59 OK   00327_reserve_slot.sql (2ms)
2026/10/03 12:13:59 OK   00328_reserve_slot.sql (1.96ms)
2026/10/03 12:13:59 OK   00329_consumer_keys.sql (12.95ms)
2026/10/03 12:13:59 OK   00330_reserve_slot.sql (844.75µs)
2026/10/03 12:13:59 OK   00331_reserve_slot.sql (1.29ms)
2026/10/03 12:13:59 OK   00332_reserve_slot.sql (1.19ms)
2026/10/03 12:13:59 OK   00333_apps_public_auth_internal_only.sql (2.22ms)
2026/10/03 12:13:59 OK   00334_reserve_slot.sql (1.67ms)
2026/10/03 12:13:59 OK   00335_reserve_slot.sql (3.11ms)
2026/10/03 12:13:59 OK   00336_apps_static_egress_ip.sql (4.3ms)
2026/10/03 12:13:59 OK   00337_provisioned_static_egress_ips.sql (5.93ms)
2026/10/03 12:13:59 OK   00338_reserve_slot.sql (917.03µs)
2026/10/03 12:13:59 OK   00339_reserve_slot.sql (773.97µs)
2026/10/03 12:13:59 OK   00340_reserve_slot.sql (808.97µs)
2026/10/03 12:13:59 OK   00341_repair_app_secrets_scope.sql (2.23ms)
2026/10/03 12:13:59 OK   00342_reserve_slot.sql (3.8ms)
2026/10/03 12:13:59 OK   00343_reserve_slot.sql (1.15ms)
2026/10/03 12:13:59 OK   00344_reserve_slot.sql (781.69µs)
2026/10/03 12:13:59 OK   00345_edge_rules_kind_cache.sql (3.46ms)
2026/10/03 12:13:59 OK   00346_deployments_annotation.sql (2.87ms)
2026/10/03 12:13:59 EMPTY 00347_reserve_slot.sql (735.03µs)
2026/10/03 12:13:59 OK   00348_reserve_slot.sql (980.05µs)
2026/10/03 12:13:59 OK   00349_reserve_slot.sql (827.95µs)
2026/10/03 12:13:59 OK   00350_reserve_slot.sql (756.14µs)
2026/10/03 12:13:59 OK   00351_reserve_slot.sql (820.95µs)
2026/10/03 12:13:59 OK   00352_reserve_slot.sql (3.79ms)
2026/10/03 12:13:59 OK   00353_preview_destroy_commented_at.sql (1.56ms)
2026/10/03 12:13:59 OK   00354_deployments_rollback_on_5xx.sql (7.34ms)
2026/10/03 12:13:59 OK   00355_reserve_slot.sql (852.48µs)
2026/10/03 12:13:59 OK   00356_reserve_slot.sql (777.58µs)
2026/10/03 12:13:59 OK   00357_reserve_slot.sql (1.8ms)
2026/10/03 12:13:59 OK   00358_deployment_openapi_snapshots.sql (9.42ms)
2026/10/03 12:13:59 OK   00359_reserve_slot.sql (4.2ms)
2026/10/03 12:13:59 OK   00360_reserve_slot.sql (865.23µs)
2026/10/03 12:13:59 OK   00361_reserve_slot.sql (791.57µs)
2026/10/03 12:13:59 OK   00362_reserve_slot.sql (866.1µs)
2026/10/03 12:13:59 OK   00363_reserve_slot.sql (1.65ms)
2026/10/03 12:13:59 OK   00364_reserve_slot.sql (1.4ms)
2026/10/03 12:13:59 OK   00365_reserve_slot.sql (2.04ms)
2026/10/03 12:13:59 OK   00366_reserve_slot.sql (799.98µs)
2026/10/03 12:13:59 EMPTY 00367_deployments_stage_state_history_cap.sql (610.58µs)
2026/10/03 12:13:59 OK   00368_reserve_slot.sql (2ms)
2026/10/03 12:13:59 OK   00369_reserve_slot.sql (1.83ms)
2026/10/03 12:13:59 OK   00370_reserve_slot.sql (906.72µs)
2026/10/03 12:13:59 OK   00371_reserve_slot.sql (810.46µs)
2026/10/03 12:13:59 OK   00372_reserve_slot.sql (794.54µs)
2026/10/03 12:13:59 OK   00373_reserve_slot.sql (1.38ms)
2026/10/03 12:13:59 OK   00374_reserve_slot.sql (3.67ms)
2026/10/03 12:13:59 OK   00375_endpoint_discovery.sql (10.62ms)
2026/10/03 12:13:59 OK   00376_reserve_slot.sql (995.32µs)
2026/10/03 12:13:59 OK   00377_reserve_slot.sql (3.75ms)
2026/10/03 12:13:59 OK   00378_reserve_slot.sql (3.31ms)
2026/10/03 12:13:59 OK   00379_reserve_slot.sql (830µs)
2026/10/03 12:13:59 OK   00380_reserve_slot.sql (931.94µs)
2026/10/03 12:13:59 OK   00381_reserve_slot.sql (1.51ms)
2026/10/03 12:13:59 OK   00382_apps_app_protocol.sql (3.29ms)
2026/10/03 12:13:59 OK   00383_reserve_slot.sql (1.37ms)
2026/10/03 12:13:59 OK   00384_mirror_rules.sql (11.03ms)
2026/10/03 12:13:59 OK   00385_instances_mode.sql (3.18ms)
2026/10/03 12:13:59 OK   00386_mirror_invocation_results.sql (6.71ms)
2026/10/03 12:13:59 OK   00387_reserve_slot.sql (3.9ms)
2026/10/03 12:13:59 OK   00388_reserve_slot.sql (931.99µs)
2026/10/03 12:13:59 OK   00389_reserve_slot.sql (954.33µs)
2026/10/03 12:13:59 OK   00390_reserve_slot.sql (734.16µs)
2026/10/03 12:13:59 OK   00391_reserve_slot.sql (739.9µs)
2026/10/03 12:13:59 OK   00392_reserve_slot.sql (1.41ms)
2026/10/03 12:13:59 OK   00393_reserve_slot.sql (2.68ms)
2026/10/03 12:13:59 OK   00394_reserve_slot.sql (4.24ms)
2026/10/03 12:13:59 OK   00395_reserve_slot.sql (903.24µs)
2026/10/03 12:13:59 OK   00396_reserve_slot.sql (754.43µs)
2026/10/03 12:13:59 OK   00397_reserve_slot.sql (847.18µs)
2026/10/03 12:13:59 OK   00398_reserve_slot.sql (794.44µs)
2026/10/03 12:13:59 OK   00399_reserve_slot.sql (1.4ms)
2026/10/03 12:13:59 OK   00400_reserve_slot.sql (1.19ms)
2026/10/03 12:13:59 OK   00401_reserve_slot.sql (1.65ms)
2026/10/03 12:13:59 OK   00402_reserve_slot.sql (1.03ms)
2026/10/03 12:13:59 OK   00403_reserve_slot.sql (812.55µs)
2026/10/03 12:13:59 OK   00404_reserve_slot.sql (754.43µs)
2026/10/03 12:13:59 OK   00405_reserve_slot.sql (860.85µs)
2026/10/03 12:13:59 OK   00406_reserve_slot.sql (752.39µs)
2026/10/03 12:13:59 OK   00407_reserve_slot.sql (847.98µs)
2026/10/03 12:13:59 OK   00408_reserve_slot.sql (2.84ms)
2026/10/03 12:13:59 OK   00409_reserve_slot.sql (1.61ms)
2026/10/03 12:13:59 OK   00410_app_secret_value_hash.sql (4.14ms)
2026/10/03 12:13:59 OK   00411_liveness_restart_count.sql (1.96ms)
2026/10/03 12:13:59 OK   00412_status_incidents.sql (10.6ms)
2026/10/03 12:13:59 OK   00413_reserve_slot.sql (1.55ms)
2026/10/03 12:13:59 OK   00414_reserve_slot.sql (1.55ms)
2026/10/03 12:13:59 OK   00415_reserve_slot.sql (1.34ms)
2026/10/03 12:13:59 OK   00416_openapi_import.sql (8.69ms)
2026/10/03 12:13:59 OK   00417_alert_presets.sql (11.04ms)
2026/10/03 12:13:59 OK   00418_alert_presets_seed.sql (4.25ms)
2026/10/03 12:13:59 OK   00419_alert_rules_extend_metrics_chk.sql (1.71ms)
2026/10/03 12:13:59 OK   00420_account_spend_snapshot.sql (10.29ms)
2026/10/03 12:13:59 OK   00421_meterd_tenant_surface_cert_expiry_state.sql (9.41ms)
2026/10/03 12:13:59 OK   00422_reserve_slot.sql (958.47µs)
2026/10/03 12:13:59 OK   00423_reserve_slot.sql (886.43µs)
2026/10/03 12:13:59 OK   00424_reserve_slot.sql (2.22ms)
2026/10/03 12:13:59 OK   00425_reserve_slot.sql (1.73ms)
2026/10/03 12:13:59 OK   00426_reserve_slot.sql (905.2µs)
2026/10/03 12:13:59 OK   00427_request_telemetry.sql (15.26ms)
2026/10/03 12:13:59 OK   00428_reserve_slot.sql (1.09ms)
2026/10/03 12:13:59 OK   00429_node_join_jobs.sql (9.94ms)
2026/10/03 12:13:59 OK   00430_compute_node_heartbeats_builder_tick.sql (1.52ms)
2026/10/03 12:13:59 OK   00431_compute_nodes_active_unique.sql (6.07ms)
2026/10/03 12:13:59 OK   00432_instances_wake_attempt_active_unique.sql (2.73ms)
2026/10/03 12:13:59 OK   00433_migration_notify.sql (2.51ms)
2026/10/03 12:13:59 OK   00434_cluster_signing_keys.sql (6.51ms)
2026/10/03 12:13:59 OK   00435_request_telemetry_monthly_partitions.sql (29.58ms)
2026/10/03 12:13:59 OK   00436_debug_regression_observations.sql (7.77ms)
2026/10/03 12:13:59 OK   00437_reserve_slot.sql (1.19ms)
2026/10/03 12:13:59 OK   00438_reserve_slot.sql (1.02ms)
2026/10/03 12:13:59 OK   00439_reserve_slot.sql (883.04µs)
2026/10/03 12:13:59 OK   00440_request_telemetry_count.sql (4.69ms)
2026/10/03 12:13:59 OK   00441_reserve_slot.sql (1ms)
2026/10/03 12:13:59 OK   00442_reserve_slot.sql (944.77µs)
2026/10/03 12:13:59 OK   00443_reserve_slot.sql (931.58µs)
2026/10/03 12:13:59 OK   00444_reserve_slot.sql (874.59µs)
2026/10/03 12:13:59 OK   00445_operator_intents.sql (10.3ms)
2026/10/03 12:13:59 OK   00446_operator_intents_force_restart_kind.sql (1.5ms)
2026/10/03 12:13:59 OK   00447_reserve_slot.sql (933.07µs)
2026/10/03 12:13:59 OK   00448_reserve_slot.sql (849.93µs)
2026/10/03 12:13:59 OK   00449_reserve_slot.sql (872.71µs)
2026/10/03 12:13:59 OK   00450_reserve_slot.sql (801.43µs)
2026/10/03 12:13:59 OK   00451_reserve_slot.sql (4.07ms)
2026/10/03 12:13:59 OK   00452_reserve_slot.sql (898.19µs)
2026/10/03 12:13:59 OK   00453_reserve_slot.sql (913.78µs)
2026/10/03 12:13:59 OK   00454_reserve_slot.sql (870.33µs)
2026/10/03 12:13:59 OK   00455_reserve_slot.sql (4.12ms)
2026/10/03 12:13:59 OK   00456_reserve_slot.sql (4.92ms)
2026/10/03 12:13:59 OK   00457_reserve_slot.sql (913.52µs)
2026/10/03 12:13:59 OK   00458_reserve_slot.sql (3.73ms)
2026/10/03 12:13:59 OK   00459_reserve_slot.sql (1.26ms)
2026/10/03 12:13:59 OK   00460_reserve_slot.sql (849.64µs)
2026/10/03 12:13:59 OK   00461_reserve_slot.sql (3.63ms)
2026/10/03 12:13:59 OK   00462_reserve_slot.sql (957.31µs)
2026/10/03 12:13:59 OK   00463_reserve_slot.sql (958.62µs)
2026/10/03 12:13:59 OK   00464_reserve_slot.sql (3.58ms)
2026/10/03 12:13:59 OK   00465_reserve_slot.sql (1.2ms)
2026/10/03 12:13:59 OK   00466_reserve_slot.sql (856.1µs)
2026/10/03 12:13:59 OK   00467_reserve_slot.sql (958.23µs)
2026/10/03 12:13:59 OK   00468_compute_nodes_gateway_target.sql (1.63ms)
2026/10/03 12:13:59 OK   00469_runtime_configuration.sql (17.71ms)
2026/10/03 12:13:59 OK   00470_runtime_configuration_operations.sql (12.47ms)
2026/10/03 12:13:59 OK   00471_snapshot_replicas.sql (14.12ms)
2026/10/03 12:13:59 OK   00472_reserve_slot.sql (1.04ms)
2026/10/03 12:13:59 OK   00473_reserve_slot.sql (856.25µs)
2026/10/03 12:13:59 OK   00474_reserve_slot.sql (1.31ms)
2026/10/03 12:13:59 OK   00475_reserve_slot.sql (3.44ms)
2026/10/03 12:13:59 OK   00476_reserve_slot.sql (1.02ms)
2026/10/03 12:13:59 OK   00477_deployment_audit.sql (9.17ms)
2026/10/03 12:13:59 OK   00478_deployment_audit_backfill_90d.sql (3.27ms)
2026/10/03 12:13:59 OK   00479_mfa_opt_in.sql (1.29ms)
2026/10/03 12:13:59 OK   00480_snapshot_replica_event_queue.sql (13.24ms)
2026/10/03 12:13:59 OK   00481_reserve_slot.sql (993.71µs)
2026/10/03 12:13:59 OK   00482_instances_live_node_id_idx.sql (3ms)
2026/10/03 12:13:59 OK   00483_schema_integrity_repair.sql (4.81ms)
2026/10/03 12:13:59 OK   00484_reserve_slot.sql (4.66ms)
2026/10/03 12:13:59 OK   00485_deployments_canary_state.sql (7.69ms)
2026/10/03 12:13:59 OK   00486_events_operator_intents_trace_id.sql (6.88ms)
2026/10/03 12:13:59 OK   00487_edge_rules_cors_preset_fk.sql (5.5ms)
2026/10/03 12:13:59 OK   00488_reserve_slot.sql (1.75ms)
2026/10/03 12:13:59 OK   00489_reserve_slot.sql (2.23ms)
2026/10/03 12:13:59 OK   00490_reserve_slot.sql (2.43ms)
2026/10/03 12:13:59 OK   00491_deployments_cancelled.sql (5.43ms)
2026/10/03 12:13:59 OK   00492_builds_cancelled.sql (3.49ms)
2026/10/03 12:13:59 OK   00493_deployments_priority.sql (4.08ms)
2026/10/03 12:13:59 OK   00494_reserve_slot.sql (1.77ms)
2026/10/03 12:13:59 OK   00495_reserve_slot.sql (1.1ms)
2026/10/03 12:13:59 OK   00496_reserve_slot.sql (1.93ms)
2026/10/03 12:13:59 OK   00497_reserve_slot.sql (980.75µs)
2026/10/03 12:13:59 OK   00498_reserve_slot.sql (3.63ms)
2026/10/03 12:13:59 OK   00499_reserve_slot.sql (917.18µs)
2026/10/03 12:13:59 OK   00500_reserve_slot.sql (917.84µs)
2026/10/03 12:13:59 OK   00501_reserve_slot.sql (3.47ms)
2026/10/03 12:13:59 OK   00502_reserve_slot.sql (2.1ms)
2026/10/03 12:13:59 OK   00503_reserve_slot.sql (1.76ms)
2026/10/03 12:13:59 OK   00504_reserve_slot.sql (1.46ms)
2026/10/03 12:13:59 OK   00505_reserve_slot.sql (857.61µs)
2026/10/03 12:13:59 OK   00506_repair_static_egress_schema.sql (3.02ms)
2026/10/03 12:13:59 OK   00507_reserve_slot.sql (887.34µs)
2026/10/03 12:13:59 OK   00508_reserve_slot.sql (909.25µs)
2026/10/03 12:13:59 OK   00509_deployment_scope_exclusions.sql (10.9ms)
2026/10/03 12:13:59 OK   00510_reserve_slot.sql (1.06ms)
2026/10/03 12:13:59 OK   00511_mirror_invocation_results_completed_at_idx.sql (2.56ms)
2026/10/03 12:13:59 OK   00512_reserve_slot.sql (1.03ms)
2026/10/03 12:13:59 OK   00513_reserve_slot.sql (902.14µs)
2026/10/03 12:13:59 OK   00514_reserve_slot.sql (835.6µs)
2026/10/03 12:13:59 OK   00515_mirror_invocation_summary.sql (5.28ms)
2026/10/03 12:13:59 OK   00516_alert_presets_enable_signals.sql (1.68ms)
2026/10/03 12:13:59 OK   00517_deployments_canary_step_started_at_not_null.sql (2.27ms)
2026/10/03 12:13:59 OK   00518_deployments_canary_preset_custom_chk.sql (6.28ms)
2026/10/03 12:13:59 OK   00519_alert_rules_action.sql (1.81ms)
2026/10/03 12:13:59 OK   00520_reserve_slot.sql (1.03ms)
2026/10/03 12:13:59 OK   00521_reserve_slot.sql (981.34µs)
2026/10/03 12:13:59 OK   00522_reserve_slot.sql (941.87µs)
2026/10/03 12:13:59 OK   00523_reserve_slot.sql (926.47µs)
2026/10/03 12:13:59 OK   00524_reserve_slot.sql (4.21ms)
2026/10/03 12:13:59 OK   00525_reserve_slot.sql (1.09ms)
2026/10/03 12:13:59 OK   00526_reserve_slot.sql (959.34µs)
2026/10/03 12:13:59 OK   00527_reserve_slot.sql (969.16µs)
2026/10/03 12:14:00 OK   00528_alert_deliveries_is_test.sql (6.01ms)
2026/10/03 12:14:00 OK   00529_reserve_slot.sql (931.31µs)
2026/10/03 12:14:00 OK   00530_reserve_slot.sql (894.79µs)
2026/10/03 12:14:00 OK   00531_reserve_slot.sql (806.33µs)
2026/10/03 12:14:00 OK   00532_reserve_slot.sql (903.1µs)
2026/10/03 12:14:00 OK   00533_reserve_slot.sql (958.57µs)
2026/10/03 12:14:00 OK   00534_reserve_slot.sql (950.52µs)
2026/10/03 12:14:00 OK   00535_reserve_slot.sql (927.32µs)
2026/10/03 12:14:00 OK   00536_reserve_slot.sql (931.7µs)
2026/10/03 12:14:00 OK   00537_reserve_slot.sql (902µs)
2026/10/03 12:14:00 OK   00538_reserve_slot.sql (907.47µs)
2026/10/03 12:14:00 OK   00539_reserve_slot.sql (843.36µs)
2026/10/03 12:14:00 OK   00540_reserve_slot.sql (1.04ms)
2026/10/03 12:14:00 OK   00541_account_async_quota.sql (6.07ms)
2026/10/03 12:14:00 OK   00542_trigger_records_async_fields.sql (4.87ms)
2026/10/03 12:14:00 OK   00543_reserve_slot.sql (952.82µs)
2026/10/03 12:14:00 OK   00544_reserve_slot.sql (922.37µs)
2026/10/03 12:14:00 OK   00545_reserve_slot.sql (857.85µs)
2026/10/03 12:14:00 OK   00546_reserve_slot.sql (3.82ms)
2026/10/03 12:14:00 OK   00547_reserve_slot.sql (1.27ms)
2026/10/03 12:14:00 OK   00548_reserve_slot.sql (935.15µs)
2026/10/03 12:14:00 OK   00549_reserve_slot.sql (894.68µs)
2026/10/03 12:14:00 OK   00550_invocations_async_fields.sql (4.91ms)
2026/10/03 12:14:00 OK   00551_invocations_dlq_replay_metadata.sql (3.12ms)
2026/10/03 12:14:00 OK   00552_trigger_records_retention.sql (2.72ms)
2026/10/03 12:14:00 OK   00553_reserve_slot.sql (868.59µs)
2026/10/03 12:14:00 OK   00554_reserve_slot.sql (860.53µs)
2026/10/03 12:14:00 OK   00555_reserve_slot.sql (866.72µs)
2026/10/03 12:14:00 OK   00556_reserve_slot.sql (845.05µs)
2026/10/03 12:14:00 OK   00557_reserve_slot.sql (849.8µs)
2026/10/03 12:14:00 OK   00558_reserve_slot.sql (927.5µs)
2026/10/03 12:14:00 OK   00559_reserve_slot.sql (2.57ms)
2026/10/03 12:14:00 OK   00560_reserve_slot.sql (1.63ms)
2026/10/03 12:14:00 OK   00561_reserve_slot.sql (1.05ms)
2026/10/03 12:14:00 OK   00562_mail_suppressions.sql (8.86ms)
2026/10/03 12:14:00 OK   00563_reserve_slot.sql (993.85µs)
2026/10/03 12:14:00 OK   00564_reserve_slot.sql (903.16µs)
2026/10/03 12:14:00 OK   00565_reserve_slot.sql (1.42ms)
2026/10/03 12:14:00 OK   00566_reserve_slot.sql (1.08ms)
2026/10/03 12:14:00 OK   00567_reserve_slot.sql (1.66ms)
2026/10/03 12:14:00 OK   00568_reserve_slot.sql (3.62ms)
2026/10/03 12:14:00 OK   00569_reserve_slot.sql (3.76ms)
2026/10/03 12:14:00 OK   00570_instances_mode_widen.sql (1.68ms)
2026/10/03 12:14:00 OK   00571_job_tasks_extension.sql (9.36ms)
2026/10/03 12:14:00 OK   00572_jobs_command.sql (4.42ms)
2026/10/03 12:14:00 OK   00573_reserve_slot.sql (2.39ms)
2026/10/03 12:14:00 OK   00574_job_tasks_lease.sql (7.02ms)
2026/10/03 12:14:00 OK   00575_job_tasks_notify_richer.sql (2.69ms)
2026/10/03 12:14:00 OK   00576_jobs_soft_delete_helper.sql (3.43ms)
2026/10/03 12:14:00 OK   00577_instances_mode_job.sql (1.67ms)
2026/10/03 12:14:00 OK   00578_job_id_on_delete_restrict.sql (7.72ms)
2026/10/03 12:14:00 OK   00579_reserve_slot.sql (2.69ms)
2026/10/03 12:14:00 OK   00580_reserve_slot.sql (2.13ms)
2026/10/03 12:14:00 OK   00581_reserve_slot.sql (952.67µs)
2026/10/03 12:14:00 OK   00582_reserve_slot.sql (856.29µs)
2026/10/03 12:14:00 OK   00583_reserve_slot.sql (2.26ms)
2026/10/03 12:14:00 OK   00584_reserve_slot.sql (1.68ms)
2026/10/03 12:14:00 OK   00585_reserve_slot.sql (1.86ms)
2026/10/03 12:14:00 OK   00586_reserve_slot.sql (3.48ms)
2026/10/03 12:14:00 OK   00587_webhook_deliveries_polar.sql (1.47ms)
2026/10/03 12:14:00 OK   00588_polar_invoices.sql (4.8ms)
2026/10/03 12:14:00 OK   00589_instances_job_deployment_nullable.sql (4.25ms)
2026/10/03 12:14:00 OK   00590_audit_event_outbox.sql (11.57ms)
2026/10/03 12:14:00 OK   20260904000000000_timestamp_ids_cutover.sql (1.17ms)
2026/10/03 12:14:00 OK   20260904000000001_migration_notify_every_apply.sql (1.35ms)
2026/10/03 12:14:00 OK   20260904193635713_workflows.sql (20.17ms)
2026/10/03 12:14:00 OK   20260904201500000_canary_scope_overlap.sql (6ms)
2026/10/03 12:14:00 OK   20260904205348784_compute_nodes_lifecycle.sql (16.4ms)
2026/10/03 12:14:00 OK   20260904205349285_compute_nodes_recovery_audit.sql (2.66ms)
2026/10/03 12:14:00 OK   20260904205349777_deployments_snapshot_backoff.sql (3.81ms)
2026/10/03 12:14:00 OK   20260904205350268_snapshot_replica_refresh_trigger.sql (1.58ms)
2026/10/03 12:14:00 OK   20260904212254300_workflow_definitions.sql (1.81ms)
2026/10/03 12:14:00 OK   20260905000000000_deployment_audit_kinds_widen.sql (8ms)
2026/10/03 12:14:00 OK   20260905000000001_alert_presets_safe_releases_seed.sql (4.86ms)
2026/10/03 12:14:00 OK   20260905000000002_deployment_audit_alert_rule_id.sql (6.02ms)
2026/10/03 12:14:00 OK   20260905000000003_service_rollout_overlap.sql (3.63ms)
2026/10/03 12:14:00 OK   20260905100000000_deployments_source_root.sql (2.25ms)
2026/10/03 12:14:00 OK   20260905100720962_object_storage_buckets.sql (11.78ms)
2026/10/03 12:14:00 OK   20260905110000000_deployment_full_rootfs_columns.sql (2.16ms)
2026/10/03 12:14:00 OK   20260905120000000_upload_sessions.sql (13.44ms)
2026/10/03 12:14:00 OK   20260905123000000_apps_cpu_millicores.sql (2.08ms)
2026/10/03 12:14:00 OK   20260905124500000_object_storage_recovery.sql (5.82ms)
2026/10/03 12:14:00 OK   20260905160000000_object_storage_accounting.sql (27.08ms)
2026/10/03 12:14:00 OK   20260905161500000_managed_postgres_foundation.sql (25.07ms)
2026/10/03 12:14:00 OK   20260905183000000_github_webhook_deliveries.sql (17.1ms)
2026/10/03 12:14:00 OK   20260905190000000_github_check_updates.sql (11.7ms)
2026/10/03 12:14:00 OK   20260905200000000_object_storage_access_control.sql (11.37ms)
2026/10/03 12:14:00 OK   20260905210000000_email_verification.sql (7.65ms)
2026/10/03 12:14:00 OK   20260905210223654_request_telemetry_count_repair.sql (3.53ms)
2026/10/03 12:14:00 OK   20260905223000000_managed_postgres_recovery.sql (4.16ms)
2026/10/03 12:14:00 OK   20260906010000000_object_storage_multipart_uploads.sql (13.18ms)
2026/10/03 12:14:00 OK   20260906011000000_node_heartbeat_notify.sql (1.85ms)
2026/10/03 12:14:00 OK   20260906090500000_managed_postgres_binding_store.sql (14.56ms)
2026/10/03 12:14:00 OK   20260906100000000_custom_domain_cert_status.sql (5.61ms)
2026/10/03 12:14:00 OK   20260906110000000_github_deploy_branches.sql (8.86ms)
2026/10/03 12:14:00 OK   20260906120000000_upload_session_deploy_options.sql (3.92ms)
2026/10/03 12:14:00 OK   20260906130000000_managed_postgres_usage.sql (7.84ms)
2026/10/03 12:14:00 OK   20260906140000000_deploy_failed_email.sql (2.98ms)
2026/10/03 12:14:00 OK   20260906143000000_managed_postgres_restore.sql (6.34ms)
2026/10/03 12:14:00 OK   20260906150000000_alert_metrics_b3.sql (6.66ms)
2026/10/03 12:14:00 OK   20260906160000001_managed_postgres_api.sql (1.82ms)
2026/10/03 12:14:00 OK   20260906161000000_deployments_source_sha256.sql (1.74ms)
2026/10/03 12:14:00 OK   20260906170000000_object_storage_billing_periods.sql (10.23ms)
2026/10/03 12:14:00 OK   20260906171000000_webhook_event_allowlist_b5.sql (2.22ms)
2026/10/03 12:14:00 OK   20260906180000001_deployment_api_hosting_receipt.sql (1.51ms)
2026/10/03 12:14:00 OK   20260906180100000_github_deployments.sql (7.03ms)
2026/10/03 12:14:00 OK   20260906180500000_snapshot_replica_serviceable_priority.sql (5.26ms)
2026/10/03 12:14:00 OK   20260906183000000_snapshot_ram_compatibility.sql (6.41ms)
2026/10/03 12:14:00 OK   20260906193500000_snapshot_replica_cache_residency.sql (6.01ms)
2026/10/03 12:14:00 OK   20260906213000000_snapshot_stored_bytes.sql (1.85ms)
2026/10/03 12:14:00 OK   20260907090000001_app_soft_delete_restore.sql (3.86ms)
2026/10/03 12:14:00 OK   20260907090000002_deployment_inferred_profile.sql (2.45ms)
2026/10/03 12:14:00 OK   20260907090000003_request_telemetry_dimensions.sql (6.59ms)
2026/10/03 12:14:00 OK   20260907100000000_alert_slo_burn_rate.sql (3.55ms)
2026/10/03 12:14:00 OK   20260907144000000_deployment_inferred_profile.sql (1.16ms)
2026/10/03 12:14:00 OK   20260907144100000_request_telemetry_dimensions.sql (1.78ms)
2026/10/03 12:14:00 OK   20260907150000000_operator_node_intent_kinds.sql (1.59ms)
2026/10/03 12:14:00 OK   20260907154949000_app_soft_delete_integrity_repair.sql (1.92ms)
2026/10/03 12:14:00 OK   20260907160000000_compute_node_maintenance.sql (2.1ms)
2026/10/03 12:14:00 OK   20260907161000000_snapshot_base_image_version.sql (2.98ms)
2026/10/03 12:14:00 OK   20260907170000000_cron_timezone_skip_if_running.sql (1.85ms)
2026/10/03 12:14:00 OK   20260907170500000_cert_issuance_failed.sql (6.27ms)
2026/10/03 12:14:00 OK   20260907171000000_object_storage_s3_credentials.sql (9.22ms)
2026/10/03 12:14:00 OK   20260907180000000_custom_domain_dns_drift.sql (2.57ms)
2026/10/03 12:14:00 OK   20260908110000000_github_rollout_status.sql (2.78ms)
2026/10/03 12:14:00 OK   20260908174300244_instances_app_deployment_idx_lowercase_states.sql (3.1ms)
2026/10/03 12:14:00 OK   20260909043000000_gdpr_export_pagination_indexes.sql (8.18ms)
2026/10/03 12:14:00 OK   20260909110000000_app_log_drains.sql (9.37ms)
2026/10/03 12:14:00 OK   20260909153724123_object_storage_compute_bindings.sql (5.62ms)
2026/10/03 12:14:00 OK   20260909154257064_compute_node_maintenance.sql (2.08ms)
2026/10/03 12:14:00 OK   20260909154257065_request_telemetry_timeline.sql (9.59ms)
2026/10/03 12:14:00 OK   20260909154446218_object_storage_request_metrics.sql (6.26ms)
2026/10/03 12:14:00 OK   20260909154750272_object_storage_request_metrics.sql (2.63ms)
2026/10/03 12:14:00 OK   20260909155947300_object_storage_request_metrics.sql (2.97ms)
2026/10/03 12:14:00 OK   20260909155947301_request_telemetry_timeline.sql (2.03ms)
2026/10/03 12:14:00 OK   20260909161135176_deploy_tokens.sql (12.09ms)
2026/10/03 12:14:00 OK   20260909171914667_builder_vm_cleanup.sql (10.42ms)
2026/10/03 12:14:00 OK   20260909174421854_builder_cache_observability.sql (4.29ms)
2026/10/03 12:14:00 OK   20260909184926830_object_storage_public_reads.sql (6.79ms)
2026/10/03 12:14:00 OK   20260909185644743_instances_migration_started_at.sql (7.08ms)
2026/10/03 12:14:00 OK   20260909192647123_api_consumers.sql (14.84ms)
2026/10/03 12:14:00 OK   20260909194115768_executions.sql (23.23ms)
2026/10/03 12:14:00 OK   20260909195954389_prewarm_intents_generated.sql (9.92ms)
2026/10/03 12:14:00 OK   20260909223446365_deployment_openapi_snapshots_repair.sql (3.07ms)
2026/10/03 12:14:00 OK   20260910193142536_jobs_cron_contract_repair.sql (3.74ms)
2026/10/03 12:14:00 OK   20260910215409952_deployment_traffic_explicit.sql (6.35ms)
2026/10/03 12:14:00 OK   20260911130001234_mfa_disable_email.sql (8.22ms)
2026/10/03 12:14:00 OK   20260911135258997_object_storage_s3_multipart_compat.sql (2.74ms)
2026/10/03 12:14:00 OK   20260911151518394_github_installation_lifecycle.sql (1.5ms)
2026/10/03 12:14:00 OK   20260911154838591_github_installation_sync.sql (5.19ms)
2026/10/03 12:14:00 OK   20260911155728451_request_telemetry_guest_evidence.sql (9.03ms)
2026/10/03 12:14:00 OK   20260911162358421_app_log_drain_health.sql (8.21ms)
2026/10/03 12:14:00 OK   20260911170407458_billing_integrity.sql (39.23ms)
2026/10/03 12:14:00 OK   20260911172003420_debug_regression_observations_repair.sql (2.73ms)
2026/10/03 12:14:01 OK   20260911174237249_request_telemetry_consumer_id.sql (8.74ms)
2026/10/03 12:14:01 OK   20260911180856673_runtime_snapshot_catalog.sql (10.42ms)
2026/10/03 12:14:01 OK   20260911191442727_app_log_drain_delivery_queue.sql (2.63ms)
2026/10/03 12:14:01 OK   20260911205524791_app_log_drain_delivery_analytics.sql (7.24ms)
2026/10/03 12:14:01 OK   20260911212130123_api_consumer_usage_ledger.sql (15.87ms)
2026/10/03 12:14:01 OK   20260911213015602_egress_billing_foundation.sql (10.08ms)
2026/10/03 12:14:01 OK   20260911215215137_compute_node_retirement.sql (1.84ms)
2026/10/03 12:14:01 OK   20260911215708144_api_consumer_rate_cards.sql (9.54ms)
2026/10/03 12:14:01 OK   20260911220000123_app_consumer_auth_mode.sql (2ms)
2026/10/03 12:14:01 OK   20260911221534789_billing_replay_bounds.sql (7.48ms)
2026/10/03 12:14:01 OK   20260911224616245_deployments_rollout_state_repair.sql (3.94ms)
2026/10/03 12:14:01 OK   20260912015148001_github_api_scope.sql (1.84ms)
2026/10/03 12:14:01 OK   20260912083642349_edge_rules_kind_respond.sql (1.54ms)
2026/10/03 12:14:01 OK   20260912083813387_object_storage_upload_routes.sql (16.19ms)
2026/10/03 12:14:01 OK   20260912090007001_outbound_request_admission.sql (18.42ms)
2026/10/03 12:14:01 OK   20260912090056001_object_storage_billing_deliveries.sql (11.13ms)
2026/10/03 12:14:01 OK   20260912091429871_job_task_error_class_vocabulary.sql (3.24ms)
2026/10/03 12:14:01 OK   20260912094529228_api_consumer_usage_statements.sql (11.89ms)
2026/10/03 12:14:01 OK   20260912095037940_status_page_history.sql (4.49ms)
2026/10/03 12:14:01 OK   20260912101616799_api_consumer_usage_statement_webhook.sql (2.05ms)
2026/10/03 12:14:01 OK   20260912102737547_github_deployment_policy.sql (8.87ms)
2026/10/03 12:14:01 OK   20260912105551954_snapshot_replica_leases.sql (2.74ms)
2026/10/03 12:14:01 OK   20260912120000001_notification_outbox.sql (8.99ms)
2026/10/03 12:14:01 OK   20260912120500123_declared_route_policy.sql (4.57ms)
2026/10/03 12:14:01 OK   20260912130000001_api_consumer_usage_statement_handoffs.sql (12.87ms)
2026/10/03 12:14:01 OK   20260912134233953_managed_realtime_endpoints.sql (12.78ms)
2026/10/03 12:14:01 OK   20260912142703123_billing_identity.sql (2.64ms)
2026/10/03 12:14:01 OK   20260912144727207_status_public_v2.sql (33.82ms)
2026/10/03 12:14:01 OK   20260912160000001_failed_deployment_traffic_fence.sql (37.59ms)
2026/10/03 12:14:01 OK   20260912160000314_account_deploy_rate_limits.sql (7.69ms)
2026/10/03 12:14:01 OK   20260912162512386_container_host_port_leases.sql (13.61ms)
2026/10/03 12:14:01 OK   20260912170000001_managed_realtime_connection_owners.sql (14.46ms)
2026/10/03 12:14:01 OK   20260912183000001_personal_org_entitlement_sync.sql (46.4ms)
2026/10/03 12:14:01 OK   20260912203000297_job_task_logs.sql (3.97ms)
2026/10/03 12:14:01 OK   20260913153012743_meter_gateway_usage_events.sql (6.84ms)
2026/10/03 12:14:01 OK   20260913160024291_suspend_legacy_dev_principal.sql (2.54ms)
2026/10/03 12:14:01 OK   20260913163035917_reconcile_request_telemetry_partitions.sql (3.58ms)
2026/10/03 12:14:01 OK   20260913171530836_execution_usage_ledger.sql (9.2ms)
2026/10/03 12:14:01 OK   20260913180000001_cancelled_deployment_release_fence.sql (6.29ms)
2026/10/03 12:14:01 OK   20260913183046753_compute_node_heartbeat_retention.sql (17.37ms)
2026/10/03 12:14:01 OK   20260913190000001_disable_inert_app_webhook_filters.sql (2.21ms)
2026/10/03 12:14:01 OK   20260913200000001_custom_domain_polling_bounds.sql (4ms)
2026/10/03 12:14:01 OK   20260913214524150_instances_parked_retention.sql (2.59ms)
2026/10/03 12:14:01 OK   20260913221057189_app_deletion_deadline_backfill.sql (5.11ms)
2026/10/03 12:14:01 OK   20260913222058431_compute_node_key_lifecycle.sql (8.73ms)
2026/10/03 12:14:01 OK   20260913230002437_fleet_seal_domain.sql (5.17ms)
2026/10/03 12:14:01 OK   20260913233000001_app_purge_claim.sql (3.41ms)
2026/10/03 12:14:01 OK   20260914054154716_snapshot_delete_pending.sql (3.96ms)
2026/10/03 12:14:01 OK   20260914160000001_status_event_corrections.sql (3.78ms)
2026/10/03 12:14:01 OK   20260915010000001_project_slug_shape.sql (2.81ms)
2026/10/03 12:14:01 OK   20260915023000001_cron_suspension_reason.sql (1.72ms)
2026/10/03 12:14:01 OK   20260915120000001_repair_terminal_deployment_stage_state.sql (4.2ms)
2026/10/03 12:14:01 OK   20260915120000002_annotate_legacy_loopback_audit_ips.sql (2.29ms)
2026/10/03 12:14:01 OK   20260915130000001_project_environments.sql (9.7ms)
2026/10/03 12:14:01 OK   20260915192829195_execution_events.sql (11.21ms)
2026/10/03 12:14:01 OK   20260916090000001_project_environment_approvals.sql (9.03ms)
2026/10/03 12:14:01 OK   20260916100000001_project_environment_config_versions.sql (11.19ms)
2026/10/03 12:14:01 OK   20260916110000001_project_environment_promotions.sql (17.86ms)
2026/10/03 12:14:01 OK   20260916120000001_project_environment_promotion_rollbacks.sql (3.98ms)
2026/10/03 12:14:01 OK   20260916150000001_execution_queue_fairness.sql (4.83ms)
2026/10/03 12:14:01 OK   20260916165012345_github_activity_projection.sql (3.03ms)
2026/10/03 12:14:01 OK   20260916170000001_debug_regression_lifecycle.sql (4.37ms)
2026/10/03 12:14:01 OK   20260916183051400_repair_rollback_release_projection.sql (3.16ms)
2026/10/03 12:14:01 OK   20260916190000001_object_storage_upload_idempotency.sql (5.04ms)
2026/10/03 12:14:01 OK   20260916194344649_project_environment_promotion_verification.sql (3.35ms)
2026/10/03 12:14:01 OK   20260916201527599_project_environment_approval_lifecycle.sql (3.8ms)
2026/10/03 12:14:01 OK   20260916210000001_hostname_reservation_safety.sql (4.6ms)
2026/10/03 12:14:01 OK   20260916220000001_expire_orphaned_cli_login_keys.sql (2.95ms)
2026/10/03 12:14:01 OK   20260916232924714_alert_rule_degraded_state.sql (1.4ms)
2026/10/03 12:14:01 OK   20260917084028610_developer_sync_history.sql (9.48ms)
2026/10/03 12:14:01 OK   20260917091124689_managed_realtime_endpoint_auth.sql (5.16ms)
2026/10/03 12:14:01 OK   20260917120000001_app_changed_payload_contract.sql (1.56ms)
2026/10/03 12:14:01 OK   20260917121927316_edge_rule_change_log_replay.sql (7.3ms)
2026/10/03 12:14:01 OK   20260917130000001_app_webhooks_delivery_format.sql (1.74ms)
2026/10/03 12:14:01 OK   20260917131721986_migration_leases.sql (9.34ms)
2026/10/03 12:14:01 OK   20260917131722793_usage_daily_job_meter_kind.sql (5.52ms)
2026/10/03 12:14:01 OK   20260917140000001_app_private_network_attachments.sql (11.28ms)
2026/10/03 12:14:01 OK   20260917150000001_managed_realtime_endpoint_policies.sql (4.62ms)
2026/10/03 12:14:01 OK   20260917160000001_app_visibility.sql (4.88ms)
2026/10/03 12:14:01 OK   20260917165522979_managed_realtime_drain_operations.sql (8.28ms)
2026/10/03 12:14:01 OK   20260917170000001_queue_trigger_ownership.sql (4.45ms)
2026/10/03 12:14:01 OK   20260917170000002_ratelimit_authoritative_consume.sql (3.62ms)
2026/10/03 12:14:01 OK   20260917172636155_managed_realtime_drain_async.sql (5.02ms)
2026/10/03 12:14:01 OK   20260917174847375_invocation_destinations.sql (5.29ms)
2026/10/03 12:14:01 OK   20260917180000001_managed_realtime_endpoint_token_rotation.sql (4.29ms)
2026/10/03 12:14:01 OK   20260917180000002_edge_rule_generation.sql (1.28ms)
2026/10/03 12:14:01 OK   20260917180000345_private_network_detach_outbox.sql (2.09ms)
2026/10/03 12:14:01 OK   20260917190000001_gregale_private_networks.sql (21.17ms)
2026/10/03 12:14:01 OK   20260917190000002_compute_nodes_overlay_ip.sql (3.61ms)
2026/10/03 12:14:01 OK   20260917190000003_queue_message_names.sql (3.38ms)
2026/10/03 12:14:01 OK   20260917192441691_repair_usage_minutes_job_identity.sql (2.73ms)
2026/10/03 12:14:01 OK   20260918090000001_unified_dead_letter_events.sql (17.55ms)
2026/10/03 12:14:01 OK   20260918090000002_failed_deployment_stage_fence.sql (5.89ms)
2026/10/03 12:14:01 OK   20260918160000001_managed_realtime_drain_all.sql (1.25ms)
2026/10/03 12:14:01 OK   20260918190000004_app_tcp_listeners.sql (13.16ms)
2026/10/03 12:14:01 OK   20260918200909451_repair_invocation_quota_accounting.sql (2.16ms)
2026/10/03 12:14:01 OK   20260919090000001_unified_dead_letter_webhooks.sql (3.62ms)
2026/10/03 12:14:01 OK   20260919091835704_app_default_domains.sql (6.57ms)
2026/10/03 12:14:01 OK   20260919100000001_unified_dead_letter_jobs_workflows.sql (9.81ms)
2026/10/03 12:14:01 OK   20260919112345103_private_network_firewall_rules.sql (1.64ms)
2026/10/03 12:14:01 OK   20260919113806092_trigger_consumer_health.sql (5.06ms)
2026/10/03 12:14:02 OK   20260919120000001_control_plane_change_log.sql (8.5ms)
2026/10/03 12:14:02 OK   20260919125221001_private_network_peerings.sql (10.16ms)
2026/10/03 12:14:02 OK   20260919130000001_events_app_identity_indexes.sql (8.3ms)
2026/10/03 12:14:02 OK   20260919130000002_jobs_image_materialization.sql (4.42ms)
2026/10/03 12:14:02 OK   20260919140000001_queue_bindings.sql (12.95ms)
2026/10/03 12:14:02 OK   20260919150000001_reserved_ip_leases.sql (11.32ms)
2026/10/03 12:14:02 OK   20260919150000002_jobs_image_materialization_retry.sql (6.61ms)
2026/10/03 12:14:02 OK   20260919160000001_event_subscriptions.sql (11.35ms)
2026/10/03 12:14:02 OK   20260919164520847_account_trace_lookup.sql (3.02ms)
2026/10/03 12:14:02 OK   20260919170000001_job_registry_credentials.sql (9.13ms)
2026/10/03 12:14:02 OK   20260919180000001_private_network_policies.sql (1.72ms)
2026/10/03 12:14:02 OK   20260919190000001_app_retry_policy.sql (2.07ms)
2026/10/03 12:14:02 OK   20260919190000002_reserved_ip_inventory.sql (14.12ms)
2026/10/03 12:14:02 OK   20260919200000001_repair_legacy_job_artifacts.sql (2.12ms)
2026/10/03 12:14:02 OK   20260919210000002_apps_warm_pool_size.sql (2.36ms)
2026/10/03 12:14:02 OK   20260919220000001_private_network_firewall_policy.sql (1.68ms)
2026/10/03 12:14:02 OK   20260919220000002_instances_warm_state.sql (6.96ms)
2026/10/03 12:14:02 OK   20260919230000001_apps_security_policy.sql (2.42ms)
2026/10/03 12:14:02 OK   20260920000000001_event_subscription_dlq_origin.sql (2.77ms)
2026/10/03 12:14:02 OK   20260920010000001_deployment_audit_scan_regression.sql (1.76ms)
2026/10/03 12:14:02 OK   20260920020012345_security_scan_quarantine.sql (1.87ms)
2026/10/03 12:14:02 OK   20260920074913668_node_join_prepared_phase.sql (2.54ms)
2026/10/03 12:14:02 OK   20260921153729254_deployments_revision.sql (7.53ms)
2026/10/03 12:14:02 OK   20260921155758349_edge_rules_kind_retry_and_circuit_breaker.sql (1.69ms)
2026/10/03 12:14:02 OK   20260921172324443_data_upstreams_circuit_breaker.sql (7.03ms)
2026/10/03 12:14:02 OK   20260921191534606_app_custom_metrics.sql (6.7ms)
2026/10/03 12:14:02 OK   20260922000000001_private_network_attachment_nodes.sql (7.41ms)
2026/10/03 12:14:02 OK   20260922123607174_invocation_trace_lookup_all_sources.sql (4.58ms)
2026/10/03 12:14:02 OK   20260922131114370_apps_streaming_plan_check.sql (4.44ms)
2026/10/03 12:14:02 OK   20260922133000001_events_sidecar_health_idx.sql (2.62ms)
2026/10/03 12:14:02 OK   20260922134528743_object_storage_multipart_metadata.sql (1.66ms)
2026/10/03 12:14:02 OK   20260922151239923_deployment_route_generation.sql (3.42ms)
2026/10/03 12:14:02 OK   20260922152914063_inbound_webhook_inbox.sql (14.52ms)
2026/10/03 12:14:02 OK   20260922154049831_edge_rules_kind_async.sql (1.78ms)
2026/10/03 12:14:02 OK   20260922160000001_delayed_task_api_scopes.sql (1.81ms)
2026/10/03 12:14:02 OK   20260922161533116_service_caller_keys.sql (6.09ms)
2026/10/03 12:14:02 OK   20260922164807594_mirror_rollup_counted.sql (7.22ms)
2026/10/03 12:14:02 OK   20260922165732124_service_rollout_handoff_state.sql (4.52ms)
2026/10/03 12:14:02 OK   20260922170000001_log_events.sql (55.14ms)
2026/10/03 12:14:02 OK   20260922170951415_preview_service_policy.sql (3.41ms)
2026/10/03 12:14:02 OK   20260922171348271_gateway_concurrency_queue_leases.sql (5.11ms)
2026/10/03 12:14:02 OK   20260922172310470_application_outbox_custom_events.sql (5.2ms)
2026/10/03 12:14:02 OK   20260922174018492_app_secret_delivery_status.sql (5.53ms)
2026/10/03 12:14:02 OK   20260922174500001_preview_project_workload_identity.sql (7.34ms)
2026/10/03 12:14:02 OK   20260922174508749_dead_letter_events_retention_idx.sql (2.59ms)
2026/10/03 12:14:02 OK   20260922174832118_org_activity_timeline.sql (10.14ms)
2026/10/03 12:14:02 OK   20260922175020068_deployment_provenance.sql (9.82ms)
2026/10/03 12:14:02 OK   20260922183947369_credit_ledger_provider_scope.sql (6.63ms)
2026/10/03 12:14:02 OK   20260922192046350_event_delivery_lookup.sql (2.6ms)
2026/10/03 12:14:02 OK   20260922200159415_app_runtime_config_changes.sql (5.16ms)
2026/10/03 12:14:02 OK   20260922210000001_log_events_retention_index.sql (5.93ms)
2026/10/03 12:14:02 OK   20260923081217388_project_environment_cleanup_jobs.sql (8.9ms)
2026/10/03 12:14:02 OK   20260923090000001_pr_preview_sets.sql (9.42ms)
2026/10/03 12:14:02 OK   20260923092725391_instances_draining_state.sql (8.97ms)
2026/10/03 12:14:02 OK   20260923092752147_object_bucket_environment_clone_origin.sql (1.15ms)
2026/10/03 12:14:02 OK   20260923102753954_deployment_aliases.sql (7.39ms)
2026/10/03 12:14:02 OK   20260923102844371_org_activity_outbox.sql (8.66ms)
2026/10/03 12:14:02 OK   20260923111828124_deployment_alias_route_invalidation.sql (1.87ms)
2026/10/03 12:14:02 OK   20260923160233072_preview_teardown_claim.sql (4.02ms)
2026/10/03 12:14:02 OK   20260923160233763_preview_deleted_workload_identity.sql (3.86ms)
2026/10/03 12:14:02 OK   20260923163517663_deployment_companion_capacity.sql (5.74ms)
2026/10/03 12:14:02 OK   20260923165111310_deployment_lifecycle_webhooks.sql (2.69ms)
2026/10/03 12:14:02 OK   20260923173214854_rollout_outcome_webhooks.sql (4.61ms)
2026/10/03 12:14:02 OK   20260923184145577_app_tasks.sql (19.66ms)
2026/10/03 12:14:02 OK   20260923190000001_backfill_app_org_attribution.sql (3.91ms)
2026/10/03 12:14:02 OK   20260923190100001_instance_readiness_notify.sql (4.47ms)
2026/10/03 12:14:02 OK   20260923200000001_log_events_trace_id_idx.sql (6.75ms)
2026/10/03 12:14:02 OK   20260923200000002_app_secret_runtime_reload_status.sql (5.13ms)
2026/10/03 12:14:02 OK   20260923201418482_deployment_release_command.sql (3.25ms)
2026/10/03 12:14:02 OK   20260923210000001_deployments_disable_startup_cpu_boost.sql (1.67ms)
2026/10/03 12:14:02 OK   20260923210000002_mirror_safety_comparison.sql (2.13ms)
2026/10/03 12:14:02 OK   20260923220000137_account_release_webhook_scope.sql (6.17ms)
2026/10/03 12:14:02 OK   20260924012754001_http_function_push_queue_binding.sql (4.03ms)
2026/10/03 12:14:02 OK   20260924040027291_verify_legacy_job_artifacts.sql (3.93ms)
2026/10/03 12:14:02 OK   20260924080306504_account_release_webhook_fanout.sql (4.01ms)
2026/10/03 12:14:02 OK   20260924080845711_edge_rule_match_headers.sql (4.54ms)
2026/10/03 12:14:02 OK   20260924192746374_object_storage_customer_usage_v2.sql (8.44ms)
2026/10/03 12:14:02 OK   20260924210000001_instances_startup_cpu_boost_until.sql (4.74ms)
2026/10/03 12:14:02 OK   20260924230000001_platform_tenants.sql (14.35ms)
2026/10/03 12:14:02 OK   20260924230000002_platform_tenant_usage_attribution.sql (9.53ms)
2026/10/03 12:14:02 OK   20260925010000001_project_environment_route_policies.sql (9.58ms)
2026/10/03 12:14:02 OK   20260925020000001_app_secret_versions.sql (4.33ms)
2026/10/03 12:14:02 OK   20260925030000001_tenant_hostname_notify_surface.sql (1.47ms)
2026/10/03 12:14:02 OK   20260925030000002_project_environment_edge_policies.sql (9.58ms)
2026/10/03 12:14:02 OK   20260925040000001_scrub_idempotent_consumer_keys.sql (1.28ms)
2026/10/03 12:14:02 OK   20260925040108689_platform_tenant_statements.sql (22.77ms)
2026/10/03 12:14:02 OK   20260925070000001_deployment_main_dependencies.sql (2.95ms)
2026/10/03 12:14:02 OK   20260925082248305_platform_tenant_surface_usage.sql (10.5ms)
2026/10/03 12:14:02 OK   20260925100000001_job_cron_schedules.sql (4.3ms)
2026/10/03 12:14:02 OK   20260925104915628_platform_tenant_request_budgets.sql (4.51ms)
2026/10/03 12:14:02 OK   20260925110000001_cron_app_task_commands.sql (10.34ms)
2026/10/03 12:14:02 OK   20260925120000001_cron_command_retries.sql (10.02ms)
2026/10/03 12:14:02 OK   20260925164940631_platform_tenant_jwt_attribution.sql (7.01ms)
2026/10/03 12:14:02 OK   20260925172318199_request_audit_events.sql (10.83ms)
2026/10/03 12:14:02 OK   20260925173335274_app_api_route_inventory.sql (6.06ms)
2026/10/03 12:14:02 OK   20260925174432777_platform_tenant_statement_webhooks.sql (11.21ms)
2026/10/03 12:14:02 OK   20260925185433001_deployment_traffic_change_log.sql (3.13ms)
2026/10/03 12:14:02 OK   20260925190241817_platform_tenant_access_tokens.sql (10.15ms)
2026/10/03 12:14:02 OK   20260925190257001_gateway_control_plane_watermarks.sql (5.95ms)
2026/10/03 12:14:02 OK   20260925192011862_app_secret_runtime_reload_observations.sql (8.44ms)
2026/10/03 12:14:02 OK   20260925192130323_app_secret_runtime_application_ack.sql (3.94ms)
2026/10/03 12:14:02 OK   20260925194901946_command_cron_fire_now_task_receipts.sql (1.6ms)
2026/10/03 12:14:02 OK   20260925200000001_platform_tenant_request_activity.sql (9.37ms)
2026/10/03 12:14:02 OK   20260925201201578_outbound_managed_authorization.sql (4.18ms)
2026/10/03 12:14:02 OK   20260925201201945_outbound_managed_route_policy.sql (5.4ms)
2026/10/03 12:14:02 OK   20260925201202163_outbound_customer_bindings.sql (9.17ms)
2026/10/03 12:14:02 OK   20260925201202278_outbound_customer_credentials.sql (11.32ms)
2026/10/03 12:14:02 OK   20260925201202366_outbound_binding_route_policies.sql (5.31ms)
2026/10/03 12:14:02 OK   20260925201202462_outbound_customer_integrations.sql (4.18ms)
2026/10/03 12:14:02 OK   20260925201202549_outbound_daily_request_budgets.sql (4.56ms)
2026/10/03 12:14:02 OK   20260925204237414_workflow_callback_webhook_bindings.sql (10.29ms)
2026/10/03 12:14:02 OK   20260925204408001_gateway_cors_preset_watermarks.sql (15.35ms)
2026/10/03 12:14:02 OK   20260925210000001_platform_tenant_rate_cards.sql (7ms)
2026/10/03 12:14:02 OK   20260925213619121_request_telemetry_guest_resources.sql (6.25ms)
2026/10/03 12:14:02 OK   20260925214137181_revision_pins.sql (11.13ms)
2026/10/03 12:14:02 OK   20260925214137580_project_release_sets.sql (16.23ms)
2026/10/03 12:14:02 OK   20260925214137722_service_proxy_identity_index.sql (5.39ms)
2026/10/03 12:14:02 OK   20260926081111526_deployment_readiness_probe.sql (2.94ms)
2026/10/03 12:14:02 OK   20260926082906719_app_readiness_event.sql (3.42ms)
2026/10/03 12:14:02 OK   20260926084859001_async_invocation_account_history.sql (2.92ms)
2026/10/03 12:14:02 OK   20260926090000001_deployment_secret_reload_signal.sql (4.91ms)
2026/10/03 12:14:02 OK   20260926090059069_workflow_step_attempts.sql (5.66ms)
2026/10/03 12:14:03 OK   20260926092135141_project_release_history_index.sql (2.54ms)
2026/10/03 12:14:03 OK   20260926093000001_app_egress_policy_convergence.sql (11.31ms)
2026/10/03 12:14:03 OK   20260926094619939_manifest_edge_rule_ownership.sql (5.83ms)
2026/10/03 12:14:03 OK   20260926102618472_service_caller_key_rotation_grace.sql (6.31ms)
2026/10/03 12:14:03 OK   20260926130000001_scheduler_scaling_policy_convergence.sql (8.81ms)
2026/10/03 12:14:03 OK   20260926160000001_response_cache_purge_convergence.sql (12.28ms)
2026/10/03 12:14:03 OK   20260926170000001_app_cpu_policy_convergence.sql (12.48ms)
2026/10/03 12:14:03 OK   20260927090000001_outbound_binding_daily_budgets.sql (7.09ms)
2026/10/03 12:14:03 OK   20260927100000001_outbound_retry_policy.sql (4.41ms)
2026/10/03 12:14:03 OK   20260927110000001_sidecar_secret_reload_identity.sql (9.53ms)
2026/10/03 12:14:03 OK   20260927110205090_workflow_condition_checks.sql (1.24ms)
2026/10/03 12:14:03 OK   20260927110209635_workflow_step_retry_deadline.sql (1.08ms)
2026/10/03 12:14:03 OK   20260927120000001_outbound_circuit_breaker.sql (6.76ms)
2026/10/03 12:14:03 OK   20260927123527414_gateway_edge_rule_watermarks.sql (7.12ms)
2026/10/03 12:14:03 OK   20260927130000001_app_secret_revocation_acknowledgements.sql (13.46ms)
2026/10/03 12:14:03 OK   20260927133603385_app_request_rate_policy.sql (3.63ms)
2026/10/03 12:14:03 OK   20260927150042961_project_environment_promotion_release_graph.sql (4.63ms)
2026/10/03 12:14:03 OK   20260927150420501_project_environment_promotion_config_snapshots.sql (2.91ms)
2026/10/03 12:14:03 OK   20260927151334386_object_storage_binding_rotation.sql (5.81ms)
2026/10/03 12:14:03 OK   20260927161003477_outbound_retry_budget.sql (5.44ms)
2026/10/03 12:14:03 OK   20260927161059001_custom_domain_environment_scope.sql (3.66ms)
2026/10/03 12:14:03 OK   20260927164715304_request_id_journal.sql (9.64ms)
2026/10/03 12:14:03 OK   20260927170719769_outbound_provider_cooldowns.sql (1.47ms)
2026/10/03 12:14:03 OK   20260927172451287_outbound_response_cache.sql (4.72ms)
2026/10/03 12:14:03 OK   20260927173744512_accounts_suspended_reason.sql (2.2ms)
2026/10/03 12:14:03 OK   20260927182443379_debug_regression_webhooks.sql (7.34ms)
2026/10/03 12:14:03 OK   20260927204249720_app_webhook_delivery_attempts.sql (9.77ms)
2026/10/03 12:14:03 OK   20260927211555008_github_production_trigger.sql (2.44ms)
2026/10/03 12:14:03 OK   20260927211602944_preview_service_fail_closed.sql (2.1ms)
2026/10/03 12:14:03 OK   20260927212142268_app_webhook_delivery_health_indexes.sql (4.79ms)
2026/10/03 12:14:03 OK   20260927213824754_safe_release_worker_lease.sql (5.96ms)
2026/10/03 12:14:03 OK   20260927220000001_event_fanout_outbox.sql (14.29ms)
2026/10/03 12:14:03 OK   20260927220500001_event_producer_scopes.sql (2.04ms)
2026/10/03 12:14:03 OK   20260927220708123_crons_app_deleted_suspension.sql (1.47ms)
2026/10/03 12:14:03 OK   20260927221000001_workflow_run_lease.sql (5.53ms)
2026/10/03 12:14:03 OK   20260927221500001_event_schemas.sql (7.43ms)
2026/10/03 12:14:03 OK   20260927221916224_platform_tenant_hostname_verified_webhooks.sql (6.82ms)
2026/10/03 12:14:03 OK   20260927235803335_deployment_github_source_ref.sql (5.31ms)
2026/10/03 12:14:03 OK   20260928003000001_event_fanout_recipient_snapshot.sql (3.35ms)
2026/10/03 12:14:03 OK   20260928010000001_event_fanout_recipient_progress.sql (2.03ms)
2026/10/03 12:14:03 OK   20260928013826711_platform_tenant_surface_certificate_webhooks.sql (4.8ms)
2026/10/03 12:14:03 OK   20260928020000001_event_fanout_failure_history.sql (4.59ms)
2026/10/03 12:14:03 OK   20260928021020711_platform_tenant_self_activation.sql (1.55ms)
2026/10/03 12:14:03 OK   20260928024555300_platform_tenant_surface_deployment_webhooks.sql (7.7ms)
2026/10/03 12:14:03 OK   20260928030000001_event_fanout_attempt_history.sql (12.11ms)
2026/10/03 12:14:03 OK   20260928030840723_platform_tenant_hostname_policy.sql (5.26ms)
2026/10/03 12:14:03 OK   20260928033051087_platform_tenant_hostname_self_service.sql (1.7ms)
2026/10/03 12:14:03 OK   20260928034921123_platform_tenant_credential_policy.sql (5.6ms)
2026/10/03 12:14:03 OK   20260928041202123_platform_tenant_credential_self_service.sql (1.85ms)
2026/10/03 12:14:03 OK   20260928050408001_platform_tenant_consumer_provisioning_policy.sql (4.67ms)
2026/10/03 12:14:03 OK   20260928080319001_app_webhook_delivery_retention_idx.sql (4.16ms)
2026/10/03 12:14:03 OK   20260928093013916_platform_tenant_customer_lifecycle_webhooks.sql (8.39ms)
2026/10/03 12:14:03 OK   20260928100000001_preauth_central_scope.sql (3.04ms)
2026/10/03 12:14:03 OK   20260928100759444_github_oidc_binding_ids.sql (4.71ms)
2026/10/03 12:14:03 OK   20260928101500001_org_activity_deployment_backfill.sql (6.34ms)
2026/10/03 12:14:03 OK   20260928101629428_managed_realtime_channel_routes.sql (11.53ms)
2026/10/03 12:14:03 OK   20260928105652194_platform_tenant_managed_resource_provenance.sql (1.76ms)
2026/10/03 12:14:03 OK   20260928111918832_managed_realtime_channel_route_compaction.sql (12.36ms)
2026/10/03 12:14:03 OK   20260928121000001_app_secret_class.sql (4.48ms)
2026/10/03 12:14:03 OK   20260928123157001_org_activity_env_domain_backfill.sql (5.88ms)
2026/10/03 12:14:03 OK   20260928125952592_app_webhook_recovery_probe.sql (1.2ms)
2026/10/03 12:14:03 OK   20260928130000001_platform_tenant_reconciliation_receipts.sql (7.22ms)
2026/10/03 12:14:03 OK   20260928133401725_project_environment_qualifications.sql (13.59ms)
2026/10/03 12:14:03 OK   20260928140000001_platform_tenant_reconciliation_webhooks.sql (7.59ms)
2026/10/03 12:14:03 OK   20260928150000001_preauth_failure_counters.sql (6.37ms)
2026/10/03 12:14:03 OK   20260928152205787_managed_postgres_binding_rotation.sql (4.83ms)
2026/10/03 12:14:03 OK   20260928173653293_managed_realtime_channel_route_channel_overflow.sql (8.82ms)
2026/10/03 12:14:03 OK   20260928175459877_platform_tenant_account_created_id_index.sql (2.73ms)
2026/10/03 12:14:03 OK   20260928180000001_preauth_login_abuse_alert.sql (6.51ms)
2026/10/03 12:14:03 OK   20260928180000002_application_keyed_work_policy.sql (10.92ms)
2026/10/03 12:14:03 OK   20260928190000001_preauth_target_signal_health.sql (8.19ms)
2026/10/03 12:14:03 OK   20260928190000002_app_work_policies.sql (14.42ms)
2026/10/03 12:14:03 OK   20260928191509140_snapshot_publication_app_lock.sql (1.82ms)
2026/10/03 12:14:03 OK   20260928193449782_snapshot_restore_pressure_leases.sql (6.18ms)
2026/10/03 12:14:03 OK   20260928193600001_job_run_command_snapshot.sql (3.19ms)
2026/10/03 12:14:03 OK   20260928194600001_job_task_inputs.sql (7.51ms)
2026/10/03 12:14:03 OK   20260928195200001_job_run_flexible_window.sql (6.02ms)
2026/10/03 12:14:03 OK   20260928200000001_work_policy_cancellations.sql (7.05ms)
2026/10/03 12:14:03 OK   20260928200059596_platform_tenant_offboarding_receipts.sql (6.39ms)
2026/10/03 12:14:03 OK   20260928200100001_job_run_failure_policy.sql (2.11ms)
2026/10/03 12:14:03 OK   20260928200800001_job_task_output_manifest.sql (1.94ms)
2026/10/03 12:14:03 OK   20260928201000001_event_work_actions.sql (1.27ms)
2026/10/03 12:14:03 OK   20260928202000001_work_policy_fairness.sql (9ms)
2026/10/03 12:14:03 OK   20260928210500001_managed_realtime_channel_history.sql (14.66ms)
2026/10/03 12:14:03 OK   20260928220000001_job_task_attempt_history.sql (11.31ms)
2026/10/03 12:14:03 OK   20260928221000001_job_run_full_snapshot.sql (9.06ms)
2026/10/03 12:14:03 OK   20260928221118225_app_webhook_receiver_cooldown.sql (1.23ms)
2026/10/03 12:14:03 OK   20260928221120084_app_webhook_live_claim_index.sql (4.47ms)
2026/10/03 12:14:03 OK   20260928221121869_app_webhook_due_by_subscription_idx.sql (2.89ms)
2026/10/03 12:14:03 OK   20260928221258962_project_environment_qualification_config_identity.sql (3.74ms)
2026/10/03 12:14:03 OK   20260928221259822_project_environment_qualification_secret_revisions.sql (3.28ms)
2026/10/03 12:14:03 OK   20260928221300662_oidc_environment_preflight_capability.sql (3.09ms)
2026/10/03 12:14:03 OK   20260928222000001_job_flexible_metering_evidence.sql (7.55ms)
2026/10/03 12:14:03 OK   20260929004221772_app_webhook_event_outbox.sql (14.12ms)
2026/10/03 12:14:03 OK   20260929004226535_app_park_webhook_completion.sql (8.66ms)
2026/10/03 12:14:03 OK   20260929004227177_app_wake_webhook_completion.sql (9.13ms)
2026/10/03 12:14:03 OK   20260929081244731_oidc_drop_permissive_trust_policies.sql (1.25ms)
2026/10/03 12:14:03 OK   20260929081244732_managed_realtime_channel_route_revisions.sql (3.57ms)
2026/10/03 12:14:03 OK   20260929081244733_managed_realtime_channel_route_target_notifications.sql (7.05ms)
2026/10/03 12:14:04 OK   20260929081244734_managed_realtime_channel_route_target_invalidation_scope.sql (12.39ms)
2026/10/03 12:14:04 OK   20260929083015217_app_egress_ports.sql (4.56ms)
2026/10/03 12:14:04 OK   20260929084122537_account_abuse_hold.sql (2.18ms)
2026/10/03 12:14:04 OK   20260929100000001_trigger_record_claim_leases.sql (5.65ms)
2026/10/03 12:14:04 OK   20260929101000001_event_work_binding_snapshot.sql (2.76ms)
2026/10/03 12:14:04 OK   20260929110000001_event_work_policy_snapshot.sql (3.19ms)
2026/10/03 12:14:04 OK   20260929120000001_queue_work_receipt_reconciliation.sql (6.34ms)
2026/10/03 12:14:04 OK   20260929123706570_scenario_test_members.sql (10.58ms)
2026/10/03 12:14:04 OK   20260929133810250_account_abuse_hold_flood.sql (1.76ms)
2026/10/03 12:14:04 OK   20260929135412823_egress_flow_log.sql (8.85ms)
2026/10/03 12:14:04 OK   20260929135445840_trigger_work_policy_ledger.sql (14.2ms)
2026/10/03 12:14:04 OK   20260929210000001_apps_platform_tenant_required.sql (4.68ms)
2026/10/03 12:14:04 OK   20260929230000001_platform_tenant_invocations.sql (7.32ms)
2026/10/03 12:14:04 OK   20260930080000001_feature_flags.sql (11.42ms)
2026/10/03 12:14:04 OK   20260930090000001_dev_bridge_sessions.sql (11.18ms)
2026/10/03 12:14:04 OK   20260930100000001_gregale_issues.sql (55.68ms)
2026/10/03 12:14:04 OK   20260930120000001_dev_bridge_webhook_replays.sql (10.3ms)
2026/10/03 12:14:04 OK   20260930170000001_execution_artifacts.sql (3.33ms)
2026/10/03 12:14:04 OK   20260930171612937_managed_exclusive_operations.sql (40.77ms)
2026/10/03 12:14:04 OK   20260930172620498_scheduled_work_policies.sql (39.9ms)
2026/10/03 12:14:04 OK   20260930175302003_exclusive_work_runtime_fence.sql (2.58ms)
2026/10/03 12:14:04 OK   20260930190000001_execution_profiles.sql (7.86ms)
2026/10/03 12:14:04 OK   20260930190103001_exclusive_work_dispatch.sql (17.84ms)
2026/10/03 12:14:04 OK   20260930193000001_app_udp_listeners.sql (13.13ms)
2026/10/03 12:14:04 OK   20260930193004001_exclusive_capture_barrier_recovery.sql (5.67ms)
2026/10/03 12:14:04 OK   20260930201427001_invoice_details.sql (4.9ms)
2026/10/03 12:14:04 OK   20260930203005001_exclusive_work_trigger_bindings.sql (10.52ms)
2026/10/03 12:14:04 OK   20260930210006001_exclusive_operation_fire_now_receipts.sql (1.54ms)
2026/10/03 12:14:04 OK   20260930211607857_service_recovery.sql (8.72ms)
2026/10/03 12:14:04 OK   20260930212657948_platform_tenant_statement_coverage.sql (2.77ms)
2026/10/03 12:14:04 OK   20260930215817770_invoice_detail_lifecycle.sql (6.45ms)
2026/10/03 12:14:04 OK   20260930220000001_tcp_listener_tls.sql (3.05ms)
2026/10/03 12:14:04 OK   20260930223007001_exclusive_broker_trigger_bindings.sql (2.6ms)
2026/10/03 12:14:04 OK   20261001084654053_service_capacity_protection.sql (31.37ms)
2026/10/03 12:14:04 OK   20261001090000001_exclusive_job_operations.sql (8.88ms)
2026/10/03 12:14:04 OK   20261001094407887_http_cron_start_deadlines.sql (2.48ms)
2026/10/03 12:14:04 OK   20261001100000001_exclusive_job_schedule_bindings.sql (4.19ms)
2026/10/03 12:14:04 OK   20261001100308111_managed_postgres_usage_coverage.sql (4.69ms)
2026/10/03 12:14:04 OK   20261001101358982_queue_flag_context.sql (1.58ms)
2026/10/03 12:14:04 OK   20261001105914375_managed_postgres_migration_credentials.sql (1.52ms)
2026/10/03 12:14:04 OK   20261001110000001_runs_execution_principals.sql (16.89ms)
2026/10/03 12:14:04 OK   20261001120000001_tcp_listener_tls_observations.sql (7.65ms)
2026/10/03 12:14:04 OK   20261001123539479_managed_postgres_release_delivery.sql (2.99ms)
2026/10/03 12:14:04 OK   20261001130000001_execution_workflow_metadata.sql (8.7ms)
2026/10/03 12:14:04 OK   20261001131517001_invoice_history_unknown_plan.sql (1.73ms)
2026/10/03 12:14:04 OK   20261001134628993_managed_postgres_health.sql (10.6ms)
2026/10/03 12:14:04 OK   20261001140000001_outbound_runs_bindings.sql (4.29ms)
2026/10/03 12:14:04 OK   20261001142049282_issue_assignee_list_index.sql (2.71ms)
2026/10/03 12:14:04 OK   20261001144956825_managed_postgres_cutover_preparation.sql (22.79ms)
2026/10/03 12:14:04 OK   20261001150000001_http_cron_outcome_classification.sql (6.86ms)
2026/10/03 12:14:04 OK   20261001155101225_managed_postgres_cutover_verification.sql (4.52ms)
2026/10/03 12:14:04 OK   20261001160000001_runtime_config_restart_status_idx.sql (3.92ms)
2026/10/03 12:14:04 OK   20261001163642136_runs_api_key_scopes.sql (1.91ms)
2026/10/03 12:14:04 OK   20261001163649718_execution_outbound_integrations.sql (4.06ms)
2026/10/03 12:14:04 OK   20261001163655042_execution_artifact_grants.sql (10.68ms)
2026/10/03 12:14:04 OK   20261001170000001_command_cron_exclusive_operations.sql (4.98ms)
2026/10/03 12:14:04 OK   20261001174719210_scenario_test_chaos_policy.sql (2.63ms)
2026/10/03 12:14:04 OK   20261001175350459_managed_postgres_cutover_admission_fence.sql (5.91ms)
2026/10/03 12:14:04 OK   20261001175404001_issue_impact_alert_policy.sql (5.1ms)
2026/10/03 12:14:04 OK   20261001184558948_managed_postgres_cutover_task_fence.sql (2.2ms)
2026/10/03 12:14:04 OK   20261001193719615_mirror_admission_outcomes.sql (4.87ms)
2026/10/03 12:14:04 OK   20261001224800001_commit_receipts.sql (30.32ms)
2026/10/03 12:14:04 OK   20261002004531001_commit_managed_operations.sql (8.73ms)
2026/10/03 12:14:04 OK   20261002064233200_mirror_slot_leases.sql (5.78ms)
2026/10/03 12:14:04 OK   20261002162554006_issue_ownership_rules.sql (6.6ms)
2026/10/03 12:14:04 OK   20261002212713293_route_policy_receipts.sql (10.87ms)
2026/10/03 12:14:04 OK   20261002212713304_saved_route_requirements.sql (9.85ms)
2026/10/03 12:14:04 OK   20261002212713315_automatic_route_checks.sql (17.83ms)
2026/10/03 12:14:04 OK   20261002212713326_canary_route_gates.sql (8.04ms)
2026/10/03 12:14:04 OK   20261002212713338_route_policy_monitoring.sql (12.9ms)
2026/10/03 12:14:04 OK   20261002212713349_route_check_history.sql (15.7ms)
2026/10/03 12:14:04 OK   20261002212713361_route_health_gates.sql (8.76ms)
2026/10/03 12:14:05 OK   20261002212713374_route_health_history.sql (13.43ms)
2026/10/03 12:14:05 OK   20261002212713385_route_health_notifications.sql (10.53ms)
2026/10/03 12:14:05 OK   20261002212713396_route_health_automatic_abort.sql (6.03ms)
2026/10/03 12:14:05 goose: successfully migrated database to version: 20261002212713396
--- PASS: TestRestoreDataProbeRejectsPostRestorePointMutation (8.75s)
PASS
ok  	github.com/onebox-faas/faas/pkg/managedpostgres/neon	11.688s
